aweme_id,cid,text,image_list,digg_count,create_time,user_nickname,user_unique_id,user_avatar,sticker,reply_comment_total,ip_label
7637442764778948081,7637565738211164964,土太肥了，营养过剩，烧死了。,,0,1778259352,小贝殼,sonyst18i,https://p3-pc.douyinpic.com/aweme/100x100/aweme-avatar/tos-cn-i-0813c001_oQGvGIfQDkRmUESrAEfbAfAAjFgKAPBBF507k9.jpeg?from=2064092626,,0,广东
7637442764778948081,7637459930303906602,老黑，你浇水浇多了！烂根了这是，我看你这营养土也松了土，那应该就是烂根了，有必要的话可以把烂根剪掉,,4,1778234713,梦醉扶摇,mengzuifuyao,https://p3-pc.douyinpic.com/aweme/100x100/aweme-avatar/tos-cn-i-0813_bb2f612adadb445cbe8761209aea499f.jpeg?from=2064092626,,1,山东
7637442764778948081,7637448575661032241,草莓不用天天浇水，看着像是太阳晒的，不通风水气大造成的太热烧叶子,,0,1778232069,叫你猪头肉,hu1986hui,https://p3-pc.douyinpic.com/aweme/100x100/aweme-avatar/tos-cn-i-0813_a1c6ef5efa8f456eb9aac04771050b33.jpeg?from=2064092626,,2,安徽
7637442764778948081,7637445883529904933,水浇多了,,0,1778231443,唐古拉山🐸,TYJ18888,https://p3-pc.douyinpic.com/aweme/100x100/aweme-avatar/tos-cn-i-0813c000-ce_oMeFJ3fDQI807ETBxDyoHxxgGF8ABEfAFAAnQg.jpeg?from=2064092626,,1,四川
7637442764778948081,7637528569653527338,不多关心别个[微笑],"['https://p3-sign.douyinpic.com/tos-cn-i-p14lwwcsbr/e258bcb83e7b4d54bad4295db2c9f980~tplv-p14lwwcsbr-7.image?lk3s=7b078dd2&x-expires=1778281200&x-signature=cIb%2BbeTopPVzJvZRDsNJC8BrYBo%3D&from=2064092626&se=false&sc=image&biz_tag=aweme_comment&l=20260509012555443C5F85A108F4F513E9', 'https://p5-ex-gddgtc-sign.douyinpic.com/tos-cn-i-p14lwwcsbr/e258bcb83e7b4d54bad4295db2c9f980~tplv-p14lwwcsbr-7.image?lk3s=7b078dd2&x-expires=1778281200&x-signature=bCMQ%2F70cMrgrFWM9vPSk5mtXnRs%3D&from=2064092626&se=false&sc=image&biz_tag=aweme_comment&l=20260509012555443C5F85A108F4F513E9', 'https://p11-sign.douyinpic.com/tos-cn-i-p14lwwcsbr/e258bcb83e7b4d54bad4295db2c9f980~tplv-p14lwwcsbr-7.image?lk3s=7b078dd2&x-expires=1778281200&x-signature=MQ4c5tp4tQO4GBnI5ZMRf%2B5cwgw%3D&from=2064092626&se=false&sc=image&biz_tag=aweme_comment&l=20260509012555443C5F85A108F4F513E9', 'https://p3-sign.douyinpic.com/tos-cn-i-p14lwwcsbr/e258bcb83e7b4d54bad4295db2c9f980~tplv-p14lwwcsbr-7.jpeg?lk3s=7b078dd2&x-expires=1778281200&x-signature=SYtOYl%2FS4VRqqNdHxXv1LftcfcE%3D&from=2064092626&se=false&sc=image&biz_tag=aweme_comment&l=20260509012555443C5F85A108F4F513E9']",1,1778250696,假打靶🎩,46715415351,https://p3-pc.douyinpic.com/aweme/100x100/aweme-avatar/tos-cn-i-0813_63013ba98e904f9fa85571c00ad68914.jpeg?from=2064092626,,0,四川
7637442764778948081,7637462923111088937,浇水没营养，整点屎尿催肥一下,,0,1778235409,小怪,,https://p3-pc.douyinpic.com/aweme/100x100/aweme-avatar/tos-cn-i-0813c001_o0fmHZmAAACEAVgRjFDfNpIuxEA7239l9FGAD7.jpeg?from=2064092626,,0,四川
7637442764778948081,7637457924106175258,多种点蒜苗吧，我这里蒜苗10元一斤，帮我把价格打下去[泪奔],,2,1778234249,財这里,61530615301,https://p3-pc.douyinpic.com/aweme/100x100/aweme-avatar/aweme_default_avatar.png.jpeg?from=2064092626,,0,广东
7637442764778948081,7637572961860666112,味精吊点水胶一胶就好了,,0,1778261035,（三亿老板）在做广告设计,yangdui99185,https://p3-pc.douyinpic.com/aweme/100x100/aweme-avatar/tos-cn-i-0813c001_ocQABAErjbHiaGaBkIZCZw18IvAP2ABr0mAZi.jpeg?from=2064092626,,0,重庆
7637442764778948081,7637552560148284194,脖子伸出来，我给你种一圈[思考],,0,1778256280,花间一壶酒,,https://p3-pc.douyinpic.com/aweme/100x100/aweme-avatar/tos-cn-avt-0015_146999f365add3285eb5701f2ee145bd.jpeg?from=2064092626,,0,四川
7637442764778948081,7637469403776516913,没事，让山东的fans给你寄点蒜台中和一下就好了[尬笑],,0,1778236919,改名字头疼,,https://p3-pc.douyinpic.com/aweme/100x100/aweme-avatar/tos-cn-i-0813c001_5645ae8133614aa1b88fc6d860b34f7e.jpeg?from=2064092626,,0,湖北
7637442764778948081,7637486055537378107,缺钾肥,,0,1778240795,苏su舒服了,susie518,https://p3-pc.douyinpic.com/aweme/100x100/aweme-avatar/tos-cn-i-0813c000-ce_o4WcFAaDunAzvEQpH4FfECwLyxeALIIC9AD3Am.jpeg?from=2064092626,,0,广东
7637442764778948081,7637471834329826083,叶子太多，把外面的枯叶从根部摘掉，一颗草莓苗就留五六根枝就可以，而且你这土好像不行闷根，再有就是这时候的草莓结了果也不好吃呀,,0,1778237910,钰禾,,https://p3-pc.douyinpic.com/aweme/100x100/aweme-avatar/tos-cn-i-0813_a2412b227ea848848e4959a14ef2bd9a.jpeg?from=2064092626,,0,山东
7637442764778948081,7637474517296775973,@农学硕士大贺贺，你问她，这个她专业，[杀马特][看],,0,1778238109,夜帝,,https://p3-pc.douyinpic.com/aweme/100x100/aweme-avatar/mosaic-legacy_18b9d0002c7d8a2188050.jpeg?from=2064092626,,0,吉林
7637442764778948081,7637487492215751461,用雷炸[呲牙][呲牙][呲牙],,0,1778241130,“小老头”,a898384170,https://p3-pc.douyinpic.com/aweme/100x100/aweme-avatar/tos-cn-i-0813c000-ce_oAwZACZiSxEWoAO0AQAIeTji7fBywPAoEB6CwL.jpeg?from=2064092626,https://p3-sign.douyinpic.com/obj/tos-cn-o-0812/o4AIQi5AYopEzAFfCA5wCQFoRJMBZBitB4ugXb?lk3s=7b078dd2&x-expires=1778281200&x-signature=V%2FWbEdIW518yaQfsLkBAbua%2FUnc%3D&from=2064092626&s=sticker_comment&se=false&sc=sticker_heif&biz_tag=aweme_comment&l=20260509012555443C5F85A108F4F513E9,0,浙江
7637442764778948081,7637468353388839714,你这尿滋多了，而且尿还上火了，叶子都枯了,,0,1778236674,121,,https://p3-pc.douyinpic.com/aweme/100x100/aweme-avatar/mosaic-legacy_add10011e9001e479386.jpeg?from=2064092626,,0,安徽
7637442764778948081,7637493847937319722,淹死了，水太多了[捂脸],,0,1778242610,隔壁老陈,,https://p3-pc.douyinpic.com/aweme/100x100/aweme-avatar/tos-cn-avt-0015_176a4d67a6edcc5a380ae97be1ce0d23.jpeg?from=2064092626,,0,浙江
7637442764778948081,7637479882271933224,你水弄这么勤干嘛，   一天一次就够了[尬笑][尬笑][尬笑],,0,1778239358,🌈猪持人🌈,Tujch5201314,https://p3-pc.douyinpic.com/aweme/100x100/aweme-avatar/tos-cn-i-0813_oYQ1fA7BQBA8ugGfAQAAFojQGEWLOg3M4fptF6.jpeg?from=2064092626,,0,浙江
7637442764778948081,7637476676011934504,老黑。单加水没营养，要加点尿水才行[呲牙][呲牙],,2,1778238612,꧔ꦿ᭄᪲ᩚ꯭乄杺এ,,https://p3-pc.douyinpic.com/aweme/100x100/aweme-avatar/tos-cn-i-0813c000-ce_oU1ooFDg9AEYbIAGTXEEU4CAXAjwg8ADlpfmeC.jpeg?from=2064092626,,0,广东
7637442764778948081,7637502614847390501,草莓水果小达人,,1,1778244651,白芷,20034660665,https://p3-pc.douyinpic.com/aweme/100x100/aweme-avatar/tos-cn-i-0813c000-ce_ocSfEcFLAaniIDXVEADAIk1h9FpwKCDAASEdfq.jpeg?from=2064092626,,0,河南
7637442764778948081,7637479905063846713,没看视频，什么水挺充足,,0,1778239363,李拜六,lxd5211028,https://p3-pc.douyinpic.com/aweme/100x100/aweme-avatar/tos-cn-i-0813c000-ce_ogqJDffmAE9eIqyy4AnwFEskEW9MAAuMAEYAi0.jpeg?from=2064092626,,0,辽宁
7637442764778948081,7637559203365094193,很多新手种草莓一直种不好，其实根本是底层逻辑没搞懂。首先草莓特别喜强光直晒，一定要放在正午大太阳底下暴晒，越晒越壮，完全不需要遮阴，遮阳反而会徒长不结果。配土千万别用疏松营养土，就用小区楼下挖的黄泥土、黏土最好，板结一点更保水保肥，松散的土反而养不住根。 浇水一定要勤快，早晚各浇一次，直接往叶心、花苞上猛泼，盆土要一直保持湿漉漉、甚至积水不干，草莓就喜欢泡在湿土里，干一点就会蔫。施肥讲究一次性下足，刚种下去就大把撒复合肥、尿素，肥越足长得越快，根本不用薄肥勤施。 栽种的时候一定要把苗埋得很深，把叶柄基部全部埋进土里，埋得越深扎根越稳。平时要把所有匍匐茎、侧芽全部掐光，只留一根主干就行，分枝多了抢养分。而且草莓最怕通风，一定要关紧窗户闷养，一点风都不能吹，通风容易掉蕾烂果。室内种完全不用授粉，不用碰花蕊、不用找蜜蜂，自己就能挂满果。  以上这套不正宗种植方法你要是照着做，种活算你厉害,,0,1778257828,随风逝,56530389987,https://p3-pc.douyinpic.com/aweme/100x100/aweme-avatar/tos-cn-i-0813c000-ce_oIo0wAAdnDEAGq8yE1iiwmBCAeA9WWAIEjfbeW.jpeg?from=2064092626,,0,缅甸
7637442764778948081,7637451578718733075,我去问问我妈，我妈前两天还发视频给我说草莓收获了[看],"['https://p26-sign.douyinpic.com/tos-cn-i-p14lwwcsbr/92ab13243d404115948eb83466720318~tplv-p14lwwcsbr-7.image?lk3s=7b078dd2&x-expires=1778349600&x-signature=ok%2F1cUaqPoFt%2FxDvTHtf7LpVg88%3D&from=2064092626&se=false&sc=image&biz_tag=aweme_comment&l=20260509012557475A44B631BE5BF6B25F', 'https://p3-sign.douyinpic.com/tos-cn-i-p14lwwcsbr/92ab13243d404115948eb83466720318~tplv-p14lwwcsbr-7.image?lk3s=7b078dd2&x-expires=1778349600&x-signature=RPMxiB09QsU3lePCfiA2TDig3Hw%3D&from=2064092626&se=false&sc=image&biz_tag=aweme_comment&l=20260509012557475A44B631BE5BF6B25F', 'https://p5-sign.douyinpic.com/tos-cn-i-p14lwwcsbr/92ab13243d404115948eb83466720318~tplv-p14lwwcsbr-7.image?lk3s=7b078dd2&x-expires=1778349600&x-signature=jQfLaC0jcyhpRZLIbiKx%2FFKtdiQ%3D&from=2064092626&se=false&sc=image&biz_tag=aweme_comment&l=20260509012557475A44B631BE5BF6B25F', 'https://p26-sign.douyinpic.com/tos-cn-i-p14lwwcsbr/92ab13243d404115948eb83466720318~tplv-p14lwwcsbr-7.jpeg?lk3s=7b078dd2&x-expires=1778349600&x-signature=cFKXOyyw42XfT7ZQoZeItkWvHIE%3D&from=2064092626&se=false&sc=image&biz_tag=aweme_comment&l=20260509012557475A44B631BE5BF6B25F']",0,1778232772,贝塔β,youandmme,https://p3-pc.douyinpic.com/aweme/100x100/aweme-avatar/tos-cn-i-0813_oA6yA8MiAeEtfAzTA1AI7AsinfDzl1BaBBgEAE.jpeg?from=2064092626,,4,湖北
7637442764778948081,7637486397645013795,第一那土没营养 第二光照太强 第三有人用爆炸猎弓,,3,1778240875,木尤若,Y752292294,https://p3-pc.douyinpic.com/aweme/100x100/aweme-avatar/tos-cn-i-0813c001_oo4SqAASzAAD4Hk9CMfhgVzSAHAeBRAIEdNPCq.jpeg?from=2064092626,,0,山西
7637442764778948081,7637458158566949681,问才圆圆她会种,,1,1778234301,🌈🌈🎣苁前🐟🌈,,https://p3-pc.douyinpic.com/aweme/100x100/aweme-avatar/tos-cn-i-0813c001_oUmDFEqcfBwAtCjHIAANEfoZEeh9QQALhBb7Ap.jpeg?from=2064092626,,0,山东
7637442764778948081,7637458284916310810,这要找@猫局，他老是尿频尿急，肯定是他撒在上面了，猫局的老黄尿毒性太大了[尬笑],,0,1778234330,小韩锅,555888hjs,https://p3-pc.douyinpic.com/aweme/100x100/aweme-avatar/tos-cn-i-0813_oMAAzIAPL9mAra8NqPEkCFSA9AsD9gbNwEfBe9.jpeg?from=2064092626,,0,湖北
7637442764778948081,7637500930347451187,缓苗正常发黄（刚移栽3-7天） 原因：移栽伤根，吸水吸肥跟不上，老叶自然消耗发黄，属于正常缓苗。 表现：底部老叶发黄、发软，新叶还是绿的。 解决： 别施肥、别暴晒，遮阴3-5天；  -保持土壤微湿不积水，通风散光养着，一周左右缓过来就正常。,,0,1778244259,腾势D9大队长,LXD158168188,https://p3-pc.douyinpic.com/aweme/100x100/aweme-avatar/tos-cn-i-0813_8ea9ffdc248f496080f4db124265cdef.jpeg?from=2064092626,,1,黑龙江
7637442764778948081,7637488139761959720,老黑你要蒜苔吗,,1,1778241280,喝不完的拿铁_,,https://p3-pc.douyinpic.com/aweme/100x100/aweme-avatar/tos-cn-i-0813c001_oAnewWiCQAP6L3DdAUZ0m3gEBvAdiAAn0CAzeI.jpeg?from=2064092626,,0,云南
7637442764778948081,7637473602653045531,水多了，不透气，坏根了，重新种吧,,0,1778237897,Kofi卿,dy84aq5xchte,https://p3-pc.douyinpic.com/aweme/100x100/aweme-avatar/tos-cn-i-0813_201f8746a4bf462e99aa5e407e6d8bbc.jpeg?from=2064092626,,0,四川
7637442764778948081,7637565607551042363,水份多了，淹死了,,0,1778259320,小杰歌,57802288123,https://p3-pc.douyinpic.com/aweme/100x100/aweme-avatar/tos-cn-avt-0015_a932a7a84b7532bec3ac0a74305d5068.jpeg?from=2064092626,,0,云南
7637442764778948081,7637563745891353393,草莓不能浇自来水的你的把水烧水开在浇它就不干巴啦,,0,1778258885,时间.未来,,https://p3-pc.douyinpic.com/aweme/100x100/f6da001099040815e8c4.jpeg?from=2064092626,,0,河北
7637442764778948081,7637494161406821163,水多了，土里缺肥料，丢点复合肥在土↑,,0,1778242683,凌波薇步,,https://p3-pc.douyinpic.com/aweme/100x100/aweme-avatar/tos-cn-i-0813c001_f5ba15d4c5fe4aa9844843892b4b880d.jpeg?from=2064092626,,0,上海
7637442764778948081,7637477316087857946,还是买来吃吧。 别种了。,,0,1778238760,小野猫ᰔᩚ ⁵¹⁰⁷⁴,SheiDmaomao,https://p3-pc.douyinpic.com/aweme/100x100/aweme-avatar/tos-cn-avt-0015_181496f1c027742dff022274e55974de.jpeg?from=2064092626,,0,四川
7637442764778948081,7637483348151796537,叶子黄了，就是烧了，营养过剩[捂脸],,0,1778240165,红伞伞™,jjboom123456789,https://p3-pc.douyinpic.com/aweme/100x100/aweme-avatar/tos-cn-i-0813c000-ce_oI07D2YHIAYICdpAEYAbTEASAeiLEofn2wAB5i.jpeg?from=2064092626,,0,四川
7637442764778948081,7637512536489952063,干吧了你把水灌满，水还是少了,,0,1778246962,尛　柒　謌う,,https://p3-pc.douyinpic.com/aweme/100x100/aweme-avatar/tos-cn-avt-0015_ce846321803f0e59622415ca38569fa7.jpeg?from=2064092626,,0,辽宁
7637442764778948081,7637452990823793408,这太密集了吧。干了的都是种在密集的那一坨。,,0,1778233098,全全全全全全,,https://p3-pc.douyinpic.com/aweme/100x100/aweme-avatar/tos-cn-i-0813c001_oEVAlPliYzBZE1zBKZAAwZbkc2AaiIgpiUIvA.jpeg?from=2064092626,,0,江西
7637442764778948081,7637484684032918299,这个季节都是育苗了 照片这都是年前的了[捂脸],"['https://p26-sign.douyinpic.com/tos-cn-i-p14lwwcsbr/2712a29be6e846278602786668507aec~tplv-p14lwwcsbr-7.image?lk3s=7b078dd2&x-expires=1778349600&x-signature=1S0x9vNmMbCnnPJeMxVaxPZPNDQ%3D&from=2064092626&se=false&sc=image&biz_tag=aweme_comment&l=20260509012559EC808233498E25073B4D', 'https://p3-sign.douyinpic.com/tos-cn-i-p14lwwcsbr/2712a29be6e846278602786668507aec~tplv-p14lwwcsbr-7.image?lk3s=7b078dd2&x-expires=1778349600&x-signature=58PZU8J0iSEytUtg76m7wu2BJ5w%3D&from=2064092626&se=false&sc=image&biz_tag=aweme_comment&l=20260509012559EC808233498E25073B4D', 'https://p11-sign.douyinpic.com/tos-cn-i-p14lwwcsbr/2712a29be6e846278602786668507aec~tplv-p14lwwcsbr-7.image?lk3s=7b078dd2&x-expires=1778349600&x-signature=ddepMsfByl5Tq7dcgKxmU4GrKx4%3D&from=2064092626&se=false&sc=image&biz_tag=aweme_comment&l=20260509012559EC808233498E25073B4D', 'https://p26-sign.douyinpic.com/tos-cn-i-p14lwwcsbr/2712a29be6e846278602786668507aec~tplv-p14lwwcsbr-7.jpeg?lk3s=7b078dd2&x-expires=1778349600&x-signature=gf2b%2FJNuCp8efkSV%2Bu%2BNk4D6pjI%3D&from=2064092626&se=false&sc=image&biz_tag=aweme_comment&l=20260509012559EC808233498E25073B4D']",0,1778240476,最后的轻语,Ataraxia_L,https://p3-pc.douyinpic.com/aweme/100x100/aweme-avatar/tos-cn-i-0813c001_okAfAoACdN8EAtF9nmIAUaADTDgftW5YAD2ExD.jpeg?from=2064092626,,0,辽宁
7637442764778948081,7637531558739919665,土太肥烧的,,1,1778251390,烽行天下,HS1248992Hskdh,https://p3-pc.douyinpic.com/aweme/100x100/aweme-avatar/tos-cn-i-0813c000-ce_okpAeqto2EEIvAF9pEKQ7vZAAFAvwbfA77fDEm.jpeg?from=2064092626,,0,湖北
7637442764778948081,7637458042368803621,浇的水多了是不是营养都流走了？,,0,1778234275,温棪,,https://p3-pc.douyinpic.com/aweme/100x100/aweme-avatar/tos-cn-i-0813c000-ce_o0S4Wrw3fAE0jUCjABe04iCsKiEniAA2PBAIW9.jpeg?from=2064092626,,0,山西
7637442764778948081,7637562438322651941,把那些老叶子剪了才会出新的叶子,,0,1778258582,西早覃,33070234107,https://p3-pc.douyinpic.com/aweme/100x100/aweme-avatar/tos-cn-i-0813c000-ce_o8lqzBYc5MDAoqZiAPCBcNAviaAsAb42IbEzH.jpeg?from=2064092626,,0,广西
7637442764778948081,7637501466365985573,水太多，浇的太勤了，应该烂根了,,0,1778244383,এۣۖ: ℳღ幸运²º²6࿐,Le20200523,https://p3-pc.douyinpic.com/aweme/100x100/aweme-avatar/tos-cn-avt-0015_cca2b0901065090f5634f90e9ad0f493.jpeg?from=2064092626,,0,河北
7637442764778948081,7637475464053572401,看老八的视频，以前有教叶片怎么摘怎么加营养,,0,1778238330,猫小君,maoxiaojun81,https://p3-pc.douyinpic.com/aweme/100x100/aweme-avatar/tos-cn-i-0813_e6821c370daa4445a5a5cd7ff6b11791.jpeg?from=2064092626,,0,四川
7637442764778948081,7637458342889472817,以我多年临床经验，叶子干巴了是因为你对他尿尿了,,0,1778234343,简💦单,,https://p3-pc.douyinpic.com/aweme/100x100/aweme-avatar/tos-cn-i-0813c000-ce_oQmCoiBOeAE8iIAPmEiETDCAwAiwZ7AF40fgAD.jpeg?from=2064092626,,0,浙江
7637442764778948081,7637518245990236965,水分太多了要烂根了[九转大肠],,0,1778248290,我有病啊！,dyt3jys7smk8,https://p3-pc.douyinpic.com/aweme/100x100/aweme-avatar/tos-cn-i-0813c000-ce_oMrfLogffAIsjMDCAD7ShwFWAEJQFBAkuwAQih.jpeg?from=2064092626,,0,天津
7637442764778948081,7637492458330620729,张老黑，用啤酒浇营养价值观高,,0,1778242286,꧓꯭打ღ᭄工᭨ᮩ໊人࿐,wang.1988liang,https://p3-pc.douyinpic.com/aweme/100x100/aweme-avatar/tos-cn-i-0813c000-ce_oU2AEvfDnIuh9MpA2eOmH5KPJCaAiEmAFAAtQw.jpeg?from=2064092626,,0,山西
7637442764778948081,7637484684939871011,是不是往里尿尿了[呲牙],,1,1778240478,创生之柱,,https://p3-pc.douyinpic.com/aweme/100x100/aweme-avatar/tos-cn-i-0813_574331b50543474fa4bfc186541fcd28.jpeg?from=2064092626,,0,新疆
7637442764778948081,7637462159887614777,你这个说来话长！只能上门抢救了,,0,1778235233,lei,,https://p3-pc.douyinpic.com/aweme/100x100/aweme-avatar/tos-cn-avt-0015_b49238696a92d8c4eb48918d1bb14784.jpeg?from=2064092626,,0,山西
7637442764778948081,7637481118996939529,根系不好了，买点生根剂来浇一下,,0,1778239646,陈 平 安,kbaz9611,https://p3-pc.douyinpic.com/aweme/100x100/aweme-avatar/tos-cn-i-0813_oADcCEAIBChfICHVgivwAKAAcii5AzAA0yme6h.jpeg?from=2064092626,,0,海南
7637442764778948081,7637468824854250277,不像缺水，更像有菌,,0,1778236784,周大安,,https://p3-pc.douyinpic.com/aweme/100x100/aweme-avatar/douyin-user-image-file_aa4226fe7a2ef5a3a03937684c3d1136.jpeg?from=2064092626,,0,广东
7637442764778948081,7637447042558493440,以前的老话说的，肥料太多了，烧叶子了！！？[看][看],,0,1778231714,π²,wu5905598,https://p3-pc.douyinpic.com/aweme/100x100/aweme-avatar/tos-cn-i-0813_ba3698ce88d945d29c8c49af4f6b3733.jpeg?from=2064092626,,1,湖北
7637442764778948081,7637513484003607354,你一定是撒药，喷药了,,0,1778247181,屁股上的酒窝,,https://p3-pc.douyinpic.com/aweme/100x100/aweme-avatar/tos-cn-avt-0015_fe53cfe3f7fd899f5a9e5fb2ac66911c.jpeg?from=2064092626,,0,广西
7637442764778948081,7637506776682742586,缺磷，施磷肥，水是解渴的，没营养,,0,1778245620,死水微澜,L5200209,https://p3-pc.douyinpic.com/aweme/100x100/aweme-avatar/tos-cn-i-0813c000-ce_ogKfGFEAEIAEwrG5SZfuvA4A9A5ipDnTEAN7CZ.jpeg?from=2064092626,,0,河南
7637442764778948081,7637474232125047589,因为它没有爱[呲牙],,0,1778238042,明明,,https://p3-pc.douyinpic.com/aweme/100x100/aweme-avatar/tos-cn-avt-0015_488a33a7791467160ae7eb4bf0e72533.jpeg?from=2064092626,,0,江苏
7637442764778948081,7637487594883826475,撒爬尿，施点肥,,0,1778241154,陈心O(∩_∩)O如意,y283949,https://p3-pc.douyinpic.com/aweme/100x100/aweme-avatar/tos-cn-i-0813c001_os2EKlDTADaB9DzGWfFAgiIE9AqUA8lfAACnAm.jpeg?from=2064092626,,0,广东
7637442764778948081,7637560781982647067,去找八爷问问,,0,1778258195,viie杰,,https://p3-pc.douyinpic.com/aweme/100x100/93c500257c8220456b10.jpeg?from=2064092626,,0,河南
7637442764778948081,7637448451483517739,他们种草莓 我种玫瑰 我饿死 但浪漫不死,,0,1778232040,不才，幕后煮屎者,Gayu9148,https://p3-pc.douyinpic.com/aweme/100x100/aweme-avatar/tos-cn-avt-0015_7f167b5216bd22f38027c9774a86de86.jpeg?from=2064092626,https://p11-sign.douyinpic.com/obj/tos-cn-o-0812/ocdIAwneCFikLCDOQe0UG32GAIWL0fAVNvhfgA?lk3s=7b078dd2&x-expires=1778349600&x-signature=xQ%2F%2BaSCJ6crjbCUqqRNlOYG%2BIO4%3D&from=2064092626&s=sticker_comment&se=false&sc=sticker_heif&biz_tag=aweme_comment&l=20260509012600B86E945B501E58ECC3F2,2,广东
7637442764778948081,7637530977598047028,养分太足了，是不是往里面嘘嘘了，,,0,1778251255,微波炉,L.LI.YA,https://p3-pc.douyinpic.com/aweme/100x100/aweme-avatar/tos-cn-i-0813_owmANh1ycCTIpAF9mAbQ57hAAmAUgffELXKDEI.jpeg?from=2064092626,,0,北京
7637442764778948081,7637480657447486250,水多了，烂根了[捂脸][捂脸][捂脸],,0,1778239539,年轻人,,https://p3-pc.douyinpic.com/aweme/100x100/aweme-avatar/tos-cn-i-0813_oIQBf8L4wEAUBVnegbcNAaAADmAzcXhfXKJA7n.jpeg?from=2064092626,,0,四川
7637442764778948081,7637458697119793977,涝的,,0,1778234426,٩(ˊωˋ*)و✧往事如风✧٩,56909662844,https://p3-pc.douyinpic.com/aweme/100x100/aweme-avatar/aweme_default_avatar.png.jpeg?from=2064092626,,0,山东
7637442764778948081,7637461002834297658,你随便在附近找点土。你不是爱钓鱼吗，就在河边挖点河土打碎晒一个星期什么肥料都不要两三天浇一下水（下雨就别浇了）放在太阳足的地方包甜包活,,0,1778234963,大河秋黎,daheqiuli708,https://p3-pc.douyinpic.com/aweme/100x100/aweme-avatar/tos-cn-i-0813c000-ce_ooA8XXffA9n2JMJfQwvTTeAhFoQDhiC4AAJCI2.jpeg?from=2064092626,,0,上海
7637442764778948081,7637491493289640750,在过几天就是真正的草没，连草都没了[捂脸][捂脸],,0,1778242063,🧟🧟🧟🧟‍♂️,,https://p3-pc.douyinpic.com/aweme/100x100/aweme-avatar/tos-cn-i-0813_8f77933429b74dcd9dcf68a186383612.jpeg?from=2064092626,,0,浙江
7637442764778948081,7637470172023259945,不能太阳暴晒，肥料不能多,,0,1778237097,地狱小魔,deyuxiaomo26,https://p3-pc.douyinpic.com/aweme/100x100/aweme-avatar/tos-cn-i-0813c001_oolFIIsAAnDfWgAAwGlCbeiR0AN9XQJg9ApKaA.jpeg?from=2064092626,,0,四川
7637442764778948081,7637513828598792997,水太多了，涝了,,0,1778247261,小哥,dyqsqe1swut8,https://p3-pc.douyinpic.com/aweme/100x100/aweme-avatar/tos-cn-i-0813_e2a686e2ba094a3689c5ef8b12d4ad11.jpeg?from=2064092626,,0,山东
7637442764778948081,7637543094850339621,燃烧瓶丢多了[憨笑][憨笑][憨笑][憨笑],,0,1778254076,莫失 莫忘,91387269455,https://p3-pc.douyinpic.com/aweme/100x100/aweme-avatar/tos-cn-i-0813_478af09f801b42d19e3954491892c9fe.jpeg?from=2064092626,,0,广东
7637442764778948081,7637497540011344689,[懵]水太大！烂根了,,0,1778243469,繁宸,45665985618,https://p3-pc.douyinpic.com/aweme/100x100/aweme-avatar/tos-cn-i-0813c001_oMDezhgGERyANYACICvAwNfAU9CDqAN9EaAiQU.jpeg?from=2064092626,,0,辽宁
7637442764778948081,7637482668325897002,化肥用多了，,,0,1778240007,若能许我在少年,zhixi99999,https://p3-pc.douyinpic.com/aweme/100x100/aweme-avatar/tos-cn-i-0813_oYVaMIiXCY3jA1A1iiYvJIED3LtbAkABkAPyQ.jpeg?from=2064092626,,0,河北
7637442764778948081,7637508012429394737,有没有可能是太阳烤的,,0,1778245907,💘,,https://p3-pc.douyinpic.com/aweme/100x100/aweme-avatar/tos-cn-i-0813c000-ce_oU5JA5QI75eDgEjrgk8m6fETFBA7BAe9Q28gAE.jpeg?from=2064092626,,0,辽宁
7637442764778948081,7637488260563190555,扔颗雷 问题就解决了,,0,1778241309,一枚小蛋蛋,39047962776,https://p3-pc.douyinpic.com/aweme/100x100/aweme-avatar/tos-cn-avt-0015_67344631509b90b371eb4043e4101f19.jpeg?from=2064092626,,0,浙江
7637442764778948081,7637468117807055642,规模太小，在海岛可以种。,,0,1778236619,自古忠孝两难全⁵¹⁰⁷⁴,,https://p3-pc.douyinpic.com/aweme/100x100/aweme-avatar/tos-cn-i-0813c001_oAbepAr8PNAcJEQpElFfACg3h85An2IZ9ADpAn.jpeg?from=2064092626,,0,陕西
7637442764778948081,7637479606195143483,营养过高也会伤的,,0,1778239294,总有少妇倾慕我,,https://p3-pc.douyinpic.com/aweme/100x100/aweme-avatar/tos-cn-i-0813c000-ce_oADwnEYID2FH9C0nwEfdAgAANFnjApEAUfx9dD.jpeg?from=2064092626,,0,广西
7637442764778948081,7637459882955178787,水的温度不够，得80度的水,,0,1778234703,Andy,,https://p3-pc.douyinpic.com/aweme/100x100/aweme-avatar/tos-cn-avt-0015_bf2f62693371347a9c3eec82c578b01d.jpeg?from=2064092626,,0,福建
7637442764778948081,7637571542424257332,泡死了,,0,1778260706,果子💰,O0922888,https://p3-pc.douyinpic.com/aweme/100x100/aweme-avatar/tos-cn-avt-0015_402710377d57d8a9aa7d3dbc6913e8fb.jpeg?from=2064092626,,0,广东
7637442764778948081,7637451878552814373,,"['https://p5-ex-gddgtc-sign.douyinpic.com/tos-cn-i-p14lwwcsbr/6d8dd2b249e449afb558394024b70715~tplv-p14lwwcsbr-7.image?lk3s=7b078dd2&x-expires=1778349600&x-signature=ONcSmSQphBms5xIOb5sjFm0z6N0%3D&from=2064092626&se=false&sc=image&biz_tag=aweme_comment&l=20260509012602E311EE067DD93F7E9403', 'https://p3-sign.douyinpic.com/tos-cn-i-p14lwwcsbr/6d8dd2b249e449afb558394024b70715~tplv-p14lwwcsbr-7.image?lk3s=7b078dd2&x-expires=1778349600&x-signature=Qf7orprRwqueoui84njREKQl2mQ%3D&from=2064092626&se=false&sc=image&biz_tag=aweme_comment&l=20260509012602E311EE067DD93F7E9403', 'https://p26-sign.douyinpic.com/tos-cn-i-p14lwwcsbr/6d8dd2b249e449afb558394024b70715~tplv-p14lwwcsbr-7.image?lk3s=7b078dd2&x-expires=1778349600&x-signature=bJ5SkSBeUqZoR%2BVOKDLlSia90hA%3D&from=2064092626&se=false&sc=image&biz_tag=aweme_comment&l=20260509012602E311EE067DD93F7E9403', 'https://p5-ex-gddgtc-sign.douyinpic.com/tos-cn-i-p14lwwcsbr/6d8dd2b249e449afb558394024b70715~tplv-p14lwwcsbr-7.jpeg?lk3s=7b078dd2&x-expires=1778349600&x-signature=U6ELOnAZ8hlNpeWt4Ay7DIwcjV0%3D&from=2064092626&se=false&sc=image&biz_tag=aweme_comment&l=20260509012602E311EE067DD93F7E9403']",1,1778232838,🇾 🇴 🇺 dd,huiyi798,https://p3-pc.douyinpic.com/aweme/100x100/aweme-avatar/tos-cn-i-0813c000-ce_o8AfyiRxAHP91B2OIgJEewA9AriAJpMnwACnEa.jpeg?from=2064092626,,0,四川
7637442764778948081,7637452370037097253,@豆包 她发视频问。。为什么干巴拉？草莓为什么干巴拉？教教她，种的草莓为什么干巴拉？？？？,,0,1778232953,一个从人民中走出来的普通人（修了心养性版,zg88880000888,https://p3-pc.douyinpic.com/aweme/100x100/aweme-avatar/tos-cn-i-0813_oMH359IAoKALKIffH7sf3levAlGUERAQOALfoL.jpeg?from=2064092626,,0,山西
7637442764778948081,7637480046018609954,土太湿了！在添点干土，把水分吸收一下，草莓不用天天浇水的，我们冬天大棚草莓基本上都是四到五天浇一次水的！,,0,1778239397,郭Mr,,https://p3-pc.douyinpic.com/aweme/100x100/aweme-avatar/tos-cn-i-0813c001_o4OAEW7eCETEwAF7pBCIX4JAA9BLAsfB6ehDEP.jpeg?from=2064092626,,0,江苏
7637442764778948081,7637487219149882161,一周浇一次水。天天浇水，叶子不死才怪,,0,1778241066,🃏,50281169185,https://p3-pc.douyinpic.com/aweme/100x100/aweme-avatar/tos-cn-i-0813c001_ogvG5BJiGInjaAaASVAcqtTAEQTYqIP9ABPiv.jpeg?from=2064092626,,0,浙江
7637442764778948081,7637490228789510952,土里缺粪,,0,1778241767,ᎢᎨᎯη Ꭹё,tianye119,https://p3-pc.douyinpic.com/aweme/100x100/aweme-avatar/tos-cn-avt-0015_f47e71c15f59d1eec2e8ba3a0a7e10ec.jpeg?from=2064092626,,0,黑龙江
7637442764778948081,7637454313678422833,听我的，听我的，听我的，放几个生锈铁钉到泥土里[比心][比心],,0,1778233406,JSK中山建泰刀具～梁生,21493766501,https://p3-pc.douyinpic.com/aweme/100x100/aweme-avatar/tos-cn-i-0813c000-ce_oIAEIOp4A59jEXCAFPAH4IQDRwce6AKEWefnyo.jpeg?from=2064092626,,0,广东
7637442764778948081,7637505530432504635,需要一个大棚，这样不行,,0,1778245329,魔尊七夜,wangyue_1110,https://p3-pc.douyinpic.com/aweme/100x100/aweme-avatar/tos-cn-avt-0015_a37011b37624f358cc2c280dabfb130a.jpeg?from=2064092626,,0,广东
7637442764778948081,7637451856923673379,因为在四川，要适应本地习惯，所以，你得喷点辣椒水[捂脸],,0,1778232836,许之南🍃,lanye2035,https://p3-pc.douyinpic.com/aweme/100x100/aweme-avatar/tos-cn-i-0813c001_osefDA6I2I8e7uHISAAksQAeIABnmbGrXL4CLI.jpeg?from=2064092626,,0,福建
7637442764778948081,7637454582402958114,阳光 水 二氧化碳 必备,,1,1778233469,567,wanglianqi,https://p3-pc.douyinpic.com/aweme/100x100/aweme-avatar/tos-cn-avt-0015_e2dca1e52d99ed07f25b2829582e2c6e.jpeg?from=2064092626,,0,河北
7637442764778948081,7637477271126328101,尿点上去消毒就好了[捂脸][捂脸],,0,1778238751,子弹头,tanwanqiang2,https://p3-pc.douyinpic.com/aweme/100x100/aweme-avatar/tos-cn-i-0813c001_oEAAFIAXwMyAha7saYhiCfuAeAqzlglNKENBCO.jpeg?from=2064092626,,0,广东
7637442764778948081,7637463102531404587,种什么草莓，让你大哥一人买一斤，吃得饱饱的[坏笑],,0,1778235451,清茶淡墨,29928228074,https://p3-pc.douyinpic.com/aweme/100x100/aweme-avatar/tos-cn-i-0813c001_oIe7QBuw0R1MOABeRXEogEKfAALdBRAv39GaAI.jpeg?from=2064092626,,0,重庆
7637442764778948081,7637483128005673777,草莓要用37度温水,,0,1778240114,张奋斗,54357995633,https://p3-pc.douyinpic.com/aweme/100x100/aweme-avatar/tos-cn-i-0813c000-ce_ooFSIAUoZAsfEPLAEvPVB9VEevlfIPLAAnQwED.jpeg?from=2064092626,,0,四川
7637442764778948081,7637536230939296527,水多土里升温了。松下土,,0,1778252479,果缤纷HX.,GBFHX,https://p3-pc.douyinpic.com/aweme/100x100/aweme-avatar/tos-cn-i-0813_o0IBpfA3ZNfCACCgz7VAD3AAiDCv4CAEWgvi9S.jpeg?from=2064092626,,0,广西
7637442764778948081,7637470757053137713,营养过剩,,0,1778237234,雅图仕,53137114791,https://p3-pc.douyinpic.com/aweme/100x100/aweme-avatar/tos-cn-i-0813_okgCAqHfCseoFAAkIZI89DqDgEvAC5A6VDVNQA.jpeg?from=2064092626,,0,广西
7637442764778948081,7637464630100820785,缺肥了  呲一泡就好👌,,0,1778235807,如酒,36947272481,https://p3-pc.douyinpic.com/aweme/100x100/aweme-avatar/tos-cn-i-0813_osDJ9VJtmENAAAAlVCyFGDWEIvDAZSAfUgfgZo.jpeg?from=2064092626,,0,江苏
7637442764778948081,7637454513129800507,可以试试用保护膜，把苗漏出来就行,,0,1778233452,想飞的鱼,hyc890819,https://p3-pc.douyinpic.com/aweme/100x100/aweme-avatar/tos-cn-i-0813c000-ce_oIEJojDjFAE4Ne3KA7RgAENBV0zIQ8AfgRf5PE.jpeg?from=2064092626,,0,云南
7637442764778948081,7637560805193679674,白叶病需要打药,,0,1778258200,痞帅,dyzfpp78cm12,https://p3-pc.douyinpic.com/aweme/100x100/aweme-avatar/tos-cn-i-0813_0c1ce0ab243546ccb7d54907b0460abf.jpeg?from=2064092626,,0,江苏
7637442764778948081,7637451461508760369,去楼下找个地方挖泥回来换了，你这个是工业废土，种不出草莓的，重金属还超标[捂脸][捂脸][捂脸],,0,1778232741,农二大爷,,https://p3-pc.douyinpic.com/aweme/100x100/aweme-avatar/tos-cn-i-0813c000-ce_oYvAHEeDwEACoy9FfAp9EAA6EZYoIWIzLN2B1n.jpeg?from=2064092626,,11,广东
7637442764778948081,7637448449240351525,你是不是自己浇花了[捂脸][捂脸],,1,1778232040,花匠小马,61910654707,https://p3-pc.douyinpic.com/aweme/100x100/aweme-avatar/tos-cn-i-0813c000-ce_okAeVqVHMIAthjS2AeXA807rfE83OAJEQZgoBR.jpeg?from=2064092626,,5,北京
7637442764778948081,7637495358847992612,通风不好，土壤太湿润根系烂了，用工具把土翻翻，开窗通风，叶片泛黄缺磷钾肥，补充磷酸二氢钾。,,0,1778242962,简.单,45114580195,https://p3-pc.douyinpic.com/aweme/100x100/aweme-avatar/aweme_default_avatar.png.jpeg?from=2064092626,,0,天津
7637442764778948081,7637478178969387825,肥害的可能性很大。小苗从种下去15天左右上肥（平衡肥鱼蛋白一克各兑两斤水，中量元素水容肥料一克兑两斤水盆在叶面上）再过15天3-4片叶子时候同上，38天左右再上一次同上，叶片长大后用（磷酸二氢钾一克兑一斤水喷在叶面上促使开花7天左右一次，喷两回差不多了）15天后应该会开花，开花后再上一次（平衡肥和鱼蛋白各一克兑两斤水灌根，叶面肥同上）半个月左右应该会结果上肥（同上）16天左右再上一次肥（同上）白果期到红果期差不多15天以上不用施肥。草莓适应稳定在15-25°。还有什么不解可以继续问我，有13年种草莓经验。,,2,1778238961,无风,v5ba7dege,https://p3-pc.douyinpic.com/aweme/100x100/aweme-avatar/tos-cn-i-0813_o4bdenzDyCA8smkIAQyARAANAehgHkvXnA9UDG.jpeg?from=2064092626,,5,广东
7637442764778948081,7637475455230526271,别人的草莓都吃肚子里拉出来了  你这个还干瘪瘪的  换了吧[捂脸],,0,1778238328,河南烧饼肉夹馍在晋江,C233AD,https://p3-pc.douyinpic.com/aweme/100x100/aweme-avatar/tos-cn-i-0813_oUDBXCFbQEDrveAAjRAAf2ELT3I97xMBaAOe6E.jpeg?from=2064092626,,0,福建
7637442764778948081,7637473770470408966,你经常来浇花，烧死了,,1,1778237935,自己,ziji34434,https://p3-pc.douyinpic.com/aweme/100x100/aweme-avatar/tos-cn-avt-0015_4689de862164a0c95457c22b12ef0f8f.jpeg?from=2064092626,,0,关岛
7637442764778948081,7637470305922204443,水太多也不行烂根，日照太强也不行,,0,1778237129,二胖,,https://p3-pc.douyinpic.com/aweme/100x100/aweme-avatar/tos-cn-i-0813_okNvfRr9IEpJAYgAipLgvCB3ievAACXADIH5Ar.jpeg?from=2064092626,,0,吉林
7637442764778948081,7637475014207390506,缺营养，草莓种了就得打营养液，或者浇点红糖水，或者黄豆发酵浇进去,,0,1778238224,季末心蓝,,https://p3-pc.douyinpic.com/aweme/100x100/aweme-avatar/mosaic-legacy_1cb350002edd5357c3f53.jpeg?from=2064092626,,0,内蒙古
7637442764778948081,7637519239582892850,你那个土种草莓的话！拌一半田园土进去会好很多,,0,1778248521,Sad灬童话,vipmm1688,https://p3-pc.douyinpic.com/aweme/100x100/aweme-avatar/tos-cn-i-0813_d3d8e7bf03f045f8babae971fbb0d94c.jpeg?from=2064092626,,0,陕西
7637442764778948081,7637558930108875572,浇的水太多了，烂根了,,0,1778257765,陕西梓美怡新型保温材料有限公司 实体生产,HaoYaZhen999,https://p3-pc.douyinpic.com/aweme/100x100/aweme-avatar/tos-cn-avt-0015_1b621c00f58fa80e5359405a874c99b7.jpeg?from=2064092626,,0,陕西
7637442764778948081,7637473188246815551,叶子掐了焯水凉拌[尴尬流汗],,0,1778237799,光之迪迦,,https://p3-pc.douyinpic.com/aweme/100x100/f69a0011186bc7ddec3f.jpeg?from=2064092626,,0,四川
7637442764778948081,7637457750246638386,控水和打药，打农药,,0,1778234205,吉粤吉,42906633411,https://p3-pc.douyinpic.com/aweme/100x100/aweme-avatar/tos-cn-i-0813c001_oMGTA0ApQIBJ0IIate2eDSPCWWBefAH5ANAALg.jpeg?from=2064092626,,0,广东
7637442764778948081,7637452471711466297,你这草莓肥料太足了，烧叶子了,,0,1778232977,無雙,,https://p3-pc.douyinpic.com/aweme/100x100/aweme-avatar/tos-cn-i-0813c000-ce_oQXFNAE3EO9eAFAtIf7cVIbDnWAseD2lFAEwAE.jpeg?from=2064092626,,0,浙江
7637442764778948081,7637504163522593586,这么盒子，随便拿个盒子种上[呲牙],,0,1778245012,Mr.Tan,dy7r7xylyezp,https://p3-pc.douyinpic.com/aweme/100x100/aweme-avatar/tos-cn-i-0813_45fd49024cc44d01bc2d1eea72d6e731.jpeg?from=2064092626,,0,广东
7637442764778948081,7637489662299079430,扔雷炸它，就好了[666],,0,1778241636,🔥柯楠🔥🐶🤙🏽🤙🏽🤙🏽,,https://p3-pc.douyinpic.com/aweme/100x100/aweme-avatar/tos-cn-avt-0015_a510f500fb6b463e416fc2b2845c5e07.jpeg?from=2064092626,,0,天津
7637442764778948081,7637490039563600689,太多水了。,,0,1778241723,鈊鷥缘嚍🌾,YiShengJiAI,https://p3-pc.douyinpic.com/aweme/100x100/aweme-avatar/mosaic-legacy_2db52000228cf7ba2c641.jpeg?from=2064092626,,0,广东
7637442764778948081,7637443543665197843,有木有可能是淹死了呢[捂脸][捂脸][捂脸],,0,1778230897,逆影,71174478280,https://p3-pc.douyinpic.com/aweme/100x100/aweme-avatar/tos-cn-i-0813c001_o4AA33EIEAgoNZsfCoFDyXCewkJErAAiDCq9Aj.jpeg?from=2064092626,,0,福建
7637442764778948081,7637468972589335354,你得氪金啊、得氪金[黄脸干杯]灬,,0,1778236818,・゜允爱ヾ゜,,https://p3-pc.douyinpic.com/aweme/100x100/aweme-avatar/tos-cn-i-0813c000-ce_oUfgxwrPAIfBal8Q7gWEJa8T5EQcIAF5AAAOfD.jpeg?from=2064092626,,0,广东
7637442764778948081,7637479562821813041,别种了，种不出来好吃的。人家的草莓都是激素[尬笑],,0,1778239284,🌈愿岁同辞！,l994.12.11,https://p3-pc.douyinpic.com/aweme/100x100/aweme-avatar/tos-cn-avt-0015_ab79543db2fa9930f9de8eaa968c2de2.jpeg?from=2064092626,,0,广东
7637442764778948081,7637541737359295282,去渔具店买两盒蚯蚓放里面松松土[呲牙],,1,1778253760,楊先生,,https://p3-pc.douyinpic.com/aweme/100x100/aweme-avatar/tos-cn-i-0813_oUEZs2GAivjiwqBIA4SwgPABZIiQACvdNQoAg.jpeg?from=2064092626,https://p26-sign.douyinpic.com/obj/tos-cn-o-0812/o4TR2vAsEXiGwxSMCAtrUKigBQAIJK5AAIaQR?lk3s=7b078dd2&x-expires=1778349600&x-signature=KuSLDErMnvm5%2FZnqKK5RYAQvpNk%3D&from=2064092626&s=sticker_comment&se=false&sc=sticker_heif&biz_tag=aweme_comment&l=202605090126058CB02A3059D0A7EB8A21,0,广东
7637442764778948081,7637464185114805049,是不是往上面撒尿了,,1,1778235703,朱佩奇环游世界,Peki.zhu,https://p3-pc.douyinpic.com/aweme/100x100/aweme-avatar/tos-cn-avt-0015_d7a5d4219f2a3d2088ad97a4765f5125.jpeg?from=2064092626,,0,广东
7637442764778948081,7637535662379418417,老黑，缺露水，地气，自来水不能浇,,0,1778252345,牛马上线,27928578140,https://p3-pc.douyinpic.com/aweme/100x100/aweme-avatar/tos-cn-i-0813c000-ce_oMA7Ei7uCaMFANBB0q6aoBPAA9mgCvhJAIivL.jpeg?from=2064092626,,0,福建
7637442764778948081,7637494453209105210,缺肥了，往里尿一泼就好了,,0,1778242750,✅,dy6xatu088ib,https://p3-pc.douyinpic.com/aweme/100x100/aweme-avatar/tos-cn-i-0813_oAInMAkADHZAQ88AXBAAwRobMff2IADffICqty.jpeg?from=2064092626,,0,北京
7637442764778948081,7637484102082528037,浇点尿，不够肥料,,0,1778240341,猜,,https://p3-pc.douyinpic.com/aweme/100x100/aweme-avatar/tos-cn-i-0813_o4YAohACKFjeACNAamvL9pgACEENfA6DIFgIsi.jpeg?from=2064092626,,0,广东
7637442764778948081,7637506798350254888,土壤太过肥沃,,0,1778245625,🌈🌈笈實荇樂,,https://p3-pc.douyinpic.com/aweme/100x100/aweme-avatar/tos-cn-i-0813_ogVTNAzCIDAAXfe6zWm4aADAgEVSCZDIAAOQhF.jpeg?from=2064092626,,0,广东
7637442764778948081,7637457876985938746,给他浇点枸杞原浆[捂脸],,1,1778234234,莫问,,https://p3-pc.douyinpic.com/aweme/100x100/aweme-avatar/tos-cn-i-0813c000-ce_o4oBJA4AiDYAIaiw07KAlj6vZN7eCrAeuEEl2g.jpeg?from=2064092626,,0,浙江
7637442764778948081,7637454341167465265,你这土不行，得去挖呆呆家门前那土才可以[看],,0,1778233412,✨罗某某✨,tx9188,https://p3-pc.douyinpic.com/aweme/100x100/aweme-avatar/tos-cn-i-0813_okaDCAKAEDGAQfFAMzbApLCfvf57E8BxEIBSnj.jpeg?from=2064092626,,0,广东
7637442764778948081,7637558338317730614,缺营养撒点尿素就好了,,0,1778257627,猛踹瘸子那条好腿,dyip259bt7gv,https://p3-pc.douyinpic.com/aweme/100x100/aweme-avatar/tos-cn-i-0813_2160b07a2f1c46bc82246b3d0148ab44.jpeg?from=2064092626,,0,江苏
7637442764778948081,7637449117686350598,草莓得口水浇才润，多吐点口水浇[黄脸干杯][黄脸干杯][黄脸干杯],,0,1778232196,爱吃小米椒🌈,,https://p3-pc.douyinpic.com/aweme/100x100/aweme-avatar/tos-cn-avt-0015_c5df17f27aafbe04d7304ea31592d1bc.jpeg?from=2064092626,,0,四川
7637442764778948081,7637474864739484453,烧叶烧根肥过头了,,0,1778238189,千易,LXCC0901,https://p3-pc.douyinpic.com/aweme/100x100/aweme-avatar/tos-cn-avt-0015_9cfa84c99b07929163b908288d928661.jpeg?from=2064092626,,0,广东
7637442764778948081,7637466083553313573,你平时浇花是不是在这里？太肥了它吃不消[捂脸][捂脸],,0,1778236145,可望,buxiangbunia59,https://p3-pc.douyinpic.com/aweme/100x100/aweme-avatar/tos-cn-avt-0015_04da95130faf47068fcea9fc0448869a.jpeg?from=2064092626,,0,安徽
7637442764778948081,7637494799230124840,是不是张老黑啊,,0,1778242831,用户2421890333528,77523512282,https://p3-pc.douyinpic.com/aweme/100x100/aweme-avatar/aweme_default_avatar.png.jpeg?from=2064092626,,0,浙江
7637442764778948081,7637525133381190436,肥料太闲了[捂脸],,0,1778249894,楼主很帅😎,43264595703,https://p3-pc.douyinpic.com/aweme/100x100/aweme-avatar/tos-cn-i-0813_oUnlANCSICqpeEDFJb9FAJCAGSkMRgmhA1AAel.jpeg?from=2064092626,,0,广东
7637442764778948081,7637483625508127540,没事啊，反正也结不果的,,0,1778240230,心静自然凉,Z525780002,https://p3-pc.douyinpic.com/aweme/100x100/aweme-avatar/tos-cn-i-0813_aca82f9af4824e30adf8e271bebcff50.jpeg?from=2064092626,,0,湖北
7637442764778948081,7637569013178155825,喔料淋,,0,1778260112,是许先生呀,,https://p3-pc.douyinpic.com/aweme/100x100/aweme-avatar/tos-cn-avt-0015_3be9d48308203ec6cc8bae269fb0417c.jpeg?from=2064092626,,0,浙江
7637442764778948081,7637474165381071670,尿浇多了，烧死了[抠鼻],,0,1778238028,随风、,211873414wp,https://p3-pc.douyinpic.com/aweme/100x100/aweme-avatar/tos-cn-avt-0015_e343ad91bb9e074b7218b92ac5ce763e.jpeg?from=2064092626,,0,陕西
7637442764778948081,7637455250844877605,你的花盆是不是底部没有排水孔啊,,1,1778233624,领袖,,https://p3-pc.douyinpic.com/aweme/100x100/aweme-avatar/tos-cn-avt-0015_a9cd0ce55739644d66f519d77d2b1d0b.jpeg?from=2064092626,,3,云南
7637442764778948081,7637548222034903817,有没有可能是水浇的太多了[捂脸][捂脸][捂脸],,1,1778255270,涤生,cheng39655226,https://p3-pc.douyinpic.com/aweme/100x100/aweme-avatar/tos-cn-i-0813c001_ow9iAACvEMeCA5ACjfw9xIMc0IAniBVKmAigAA.jpeg?from=2064092626,,0,安徽
7637442764778948081,7637484882125538106,缺尿素,,1,1778240522,邦   爷,,https://p3-pc.douyinpic.com/aweme/100x100/aweme-avatar/tos-cn-i-0813c000-ce_ogDJAAD1FADNfs8NA7yeAFUBHv8EIOAfgTLa6E.jpeg?from=2064092626,,0,湖南
7637442764778948081,7637488490339828529,土少 水多了 阳光太足了,,0,1778241363,@善念,shannian518,https://p3-pc.douyinpic.com/aweme/100x100/aweme-avatar/tos-cn-i-0813_07b6c5e9662d4a1f911466292bf229ac.jpeg?from=2064092626,,0,吉林
7637442764778948081,7637527055869461300,没烟掩护，不好猥琐发育,,0,1778250342,落叶随风……,,https://p3-pc.douyinpic.com/aweme/100x100/c8340017fa33fa3ec942.jpeg?from=2064092626,,0,广东
7637442764778948081,7637455904434570003,丢火丢错地方了，烤了[看]以后别笑话大咪3个烟没封住了[捂脸],,0,1778233776,༄᭄冰封ꦿᩚ࿐,GZ15866,https://p3-pc.douyinpic.com/aweme/100x100/aweme-avatar/tos-cn-i-0813_oQ5530MGiClkAiiDFANEAgANtUAfCGB2AI1Pep.jpeg?from=2064092626,,0,山东
7637442764778948081,7637460553044476723,你个四川人怎么净说东北话,,0,1778234858,七杀,T1569727662,https://p3-pc.douyinpic.com/aweme/100x100/aweme-avatar/tos-cn-i-0813_90e353acee3b4436a7bdfc7786e20190.jpeg?from=2064092626,,0,湖北
7637442764778948081,7637518078309466923,纯净水不行，要农村茅斯粪[捂脸][捂脸][捂脸][捂脸],,0,1778248251,藤椒酸菜余,dy706b17pwd7,https://p3-pc.douyinpic.com/aweme/100x100/aweme-avatar/tos-cn-i-0813c001_f90f3d06211341f59cdaf1ef88d5393c.jpeg?from=2064092626,,0,陕西
7637442764778948081,7637462821600510757,你这个是没有营养，童子尿交一下就好了,,0,1778235385,浙A,87983726036,https://p3-pc.douyinpic.com/aweme/100x100/aweme-avatar/tos-cn-i-0813c001_o0eEzwMhADTs7DpxPtFCg8IE9A2iAK4fAACpAU.jpeg?from=2064092626,,0,浙江
7637442764778948081,7637556902783927098,水太多了，没给肥料吧,,0,1778257291,二毛,QQADGN,https://p3-pc.douyinpic.com/aweme/100x100/aweme-avatar/tos-cn-i-0813c000-ce_okPAtqAF6F2kACnAQpyk9kwAyEIPfE8DQRfKR1.jpeg?from=2064092626,,0,广东
7637442764778948081,7637485432398463801,水放多了，根泡坏了,,0,1778240651,诗和远方#,,https://p3-pc.douyinpic.com/aweme/100x100/aweme-avatar/tos-cn-i-0813_a7c533fb2ef64eb3a3c883b935768eea.jpeg?from=2064092626,,0,广东
7637442764778948081,7637478962680398650,水太多了，还差点肥料,,0,1778239144,・慕言ヾ,W18716966110,https://p3-pc.douyinpic.com/aweme/100x100/aweme-avatar/tos-cn-avt-0015_25621db9d07dc6465a4b0eccc44afad2.jpeg?from=2064092626,,0,浙江
7637442764778948081,7637480223597363968,土太肥沃了，张金牙,,0,1778239439,爱以城为久,41586239809,https://p3-pc.douyinpic.com/aweme/100x100/aweme-avatar/tos-cn-i-0813_oMf9dkHSDT7ZAeLCnANEAgAlHEAvCOnUAI0b9J.jpeg?from=2064092626,,0,浙江
7637442764778948081,7637476234080011060,问一下豆包,,0,1778238510,慢冷,84130441595,https://p3-pc.douyinpic.com/aweme/100x100/aweme-avatar/tos-cn-i-0813_ocZ3VFiAEICEg3qhmqfRyAkA9AJSoDDeAA5GC3.jpeg?from=2064092626,,0,山东
7637442764778948081,7637480071843234569,火太大了,,0,1778239403,明里有你❤️,ai19910908520,https://p3-pc.douyinpic.com/aweme/100x100/aweme-avatar/tos-cn-avt-0015_610400d36a4ff256c2311dfb9bfc7e81.jpeg?from=2064092626,,0,广东
7637442764778948081,7637477798223971109,化肥上多了,,0,1778238873,坦然面对,,https://p3-pc.douyinpic.com/aweme/100x100/aweme-avatar/tos-cn-i-0813c000-ce_oMEg9ADz0DsfyAIeSLKreoaEAwxFEAowEIwAJc.jpeg?from=2064092626,,0,陕西
7637442764778948081,7637470532074406656,撒泡尿就好了！,,0,1778237182,嘉年华（奇迹）,88756215743,https://p3-pc.douyinpic.com/aweme/100x100/aweme-avatar/tos-cn-i-0813_o4feEAtn85AnDAtNzBCFIW7VgAioAzAq5xBCAi.jpeg?from=2064092626,,0,河北
7637442764778948081,7637555589996561171,浇多了，烂根了,,0,1778256988,鸢尾,,https://p3-pc.douyinpic.com/aweme/100x100/aweme-avatar/tos-cn-avt-0015_23124c42d685132cd549dfc2a8e6a2a7.jpeg?from=2064092626,,0,陕西
7637442764778948081,7637444467930858289,会不会肥太多了，烧了,,1,1778231112,雨踏歌行.,,https://p3-pc.douyinpic.com/aweme/100x100/aweme-avatar/tos-cn-i-0813c001_o0ADcYEHI2IBEOEEFQ3nbBg7BeAeAAGAAqfMQv.jpeg?from=2064092626,,1,四川
7637442764778948081,7637474120351957787,水教的太多了  和我的一样   土壤发干发白在浇水  真菜,,0,1778238018,蜀道山🇨🇳™♊💧💧,zjlk2008,https://p3-pc.douyinpic.com/aweme/100x100/aweme-avatar/tos-cn-i-0813c001_o4eRSADDoCBvpHXFEAAgbAEiAA1mfJ3gh9IHA9.jpeg?from=2064092626,,0,安徽
7637442764778948081,7637492567379215153,水多了没有施肥，没有磷,,0,1778242312,@你胖，你先吃,FortuneStar88,https://p3-pc.douyinpic.com/aweme/100x100/aweme-avatar/tos-cn-i-0813c000-ce_ocBnADhPrFUUgWAEnAiidAlaunIyPhOA0AMDF.jpeg?from=2064092626,,0,广东
7637442764778948081,7637492288507953979,我以前种过草莓的，你要拿薄膜纸，盖住下面的土，把草莓露出来就行了，你那个冷的。,,1,1778242246,张毛毛,zx52002825,https://p3-pc.douyinpic.com/aweme/100x100/aweme-avatar/tos-cn-avt-0015_4cb3efb33e99c6edc3753b7bd111b4d8.jpeg?from=2064092626,,0,贵州
7637442764778948081,7637471845880955685,吃不了草莓就吃草莓叶[看],,1,1778237487,张老黑的好大儿,94074406706,https://p3-pc.douyinpic.com/aweme/100x100/aweme-avatar/tos-cn-i-0813c000-ce_owFqArmLaFCAaB1AETEDe5fVIA9hg8yNJOXfd7.jpeg?from=2064092626,,0,山东
7637442764778948081,7637444171310220072,这是发霉，草莓是会发霉的，这就是成长的过程，耐心点就行了[呲牙][呲牙][呲牙],,0,1778231045,天益珠宝,,https://p3-pc.douyinpic.com/aweme/100x100/aweme-avatar/tos-cn-i-0813_49559e22bf5b45f39761862ff8841cf5.jpeg?from=2064092626,,1,广东
7637442764778948081,7637449472797262649,烧苗了，拔了扔了吧,,0,1778232278,卧室打笨驴,jackpotttttt,https://p3-pc.douyinpic.com/aweme/100x100/aweme-avatar/tos-cn-i-0813c000-ce_o0upbAeA9Q3AseTfuHIAHMDpAo0FEEiwEwbVC9.jpeg?from=2064092626,,0,江苏
7637442764778948081,7637488774830850865,拿到海岛去养，绝对不会干巴[捂脸],,0,1778241429,玛卡巴卡,dy1odfobshv0n,https://p3-pc.douyinpic.com/aweme/100x100/aweme-avatar/tos-cn-i-0813c000-ce_o0kbQ6ApEiD2dIAEki0AMBDCpIslowAfwAoiBe.jpeg?from=2064092626,,0,广东
7637442764778948081,7637496133443830568,弄点屎放进去就好了,,0,1778243143,俄罗斯阿荣,83526555993,https://p3-pc.douyinpic.com/aweme/100x100/aweme-avatar/tos-cn-i-0813_oM494eiDqAan7yDoAtejPcgEBvAjiAAqCCAmRI.jpeg?from=2064092626,,0,甘肃
7637442764778948081,7637486215767589669,水太多了阳光也不好,,0,1778240833,开心就好,,https://p3-pc.douyinpic.com/aweme/100x100/aweme-avatar/tos-cn-i-0813_600dd254d69e4472b44b3c37d01754f9.jpeg?from=2064092626,,0,广西
7637442764778948081,7637460327047004971,是不是营养土太肥了，烧叶子,,0,1778234806,酸橘子🍊,,https://p3-pc.douyinpic.com/aweme/100x100/aweme-avatar/tos-cn-i-0813_3541f1a4c4584c2993f02c51dcfc65ef.jpeg?from=2064092626,,0,浙江
7637442764778948081,7637521833110160178,是不是肥上多了还是水当中有盐份。叶喷点动物氨基酸➕调节剂不要上肥,,0,1778249125,康雅农资,,https://p3-pc.douyinpic.com/aweme/100x100/aweme-avatar/tos-cn-avt-0015_b1ef7658c643e5aea0e0b4adc354aa60.jpeg?from=2064092626,,0,四川
7637442764778948081,7637476998985712447,肥料用多了,,0,1778238687,滕藤,tengteng2855,https://p3-pc.douyinpic.com/aweme/100x100/aweme-avatar/tos-cn-i-0813_oAtPIIA6jADgGgzi24ZZ5gAUAIUCB3i9vAE5N.jpeg?from=2064092626,,0,江苏
7637442764778948081,7637467231261655865,我也感觉像是营养太多，烧苗了[懵],,0,1778236413,大闸蟹（黎明中的花朵）,YY0112271019,https://p3-pc.douyinpic.com/aweme/100x100/aweme-avatar/tos-cn-avt-0015_eebed19918517695ce8b87b7e36522d7.jpeg?from=2064092626,,0,北京
7637442764778948081,7637461932120097585,这个季节很难种出来的，而且这个要很多药水来把控.[捂脸],,0,1778235180,莫然.,,https://p3-pc.douyinpic.com/aweme/100x100/aweme-avatar/tos-cn-i-0813c000-ce_o0AY8EzIGb0WSEksgIetAnAA0LDfAQJB7Pe7Vw.jpeg?from=2064092626,,0,重庆
7637442764778948081,7637480226725348145,尿要两天一窝,,0,1778239438,錷醭戢,Q602231961,https://p3-pc.douyinpic.com/aweme/100x100/aweme-avatar/tos-cn-i-0813c000-ce_og6MAwEiFxEceAmpAWAI9oWiSfDAGOAoEB0Cwq.jpeg?from=2064092626,,0,浙江
7637442764778948081,7637487384993661733,水太多了[微笑],,0,1778241105,蓬莱仙境,,https://p3-pc.douyinpic.com/aweme/100x100/aweme-avatar/tos-cn-avt-0015_4f268bc99afb863db080d53f7b1fb023.jpeg?from=2064092626,,0,江苏
7637442764778948081,7637455026633917221,这个背景图是啥意思呀，爱播,"['https://p5-ex-gddgtc-sign.douyinpic.com/tos-cn-i-p14lwwcsbr/ee57bb130d3143498ced4289ecf01e2e~tplv-p14lwwcsbr-7.image?lk3s=7b078dd2&x-expires=1778349600&x-signature=N1SVWLxeaLqHB2shv2FSNNGw%2F3A%3D&from=2064092626&se=false&sc=image&biz_tag=aweme_comment&l=20260509012609DA17878845C2B6C8B45F', 'https://p11-sign.douyinpic.com/tos-cn-i-p14lwwcsbr/ee57bb130d3143498ced4289ecf01e2e~tplv-p14lwwcsbr-7.image?lk3s=7b078dd2&x-expires=1778349600&x-signature=F7RvtY%2FlV2GcEpdJskbKWnOhlNk%3D&from=2064092626&se=false&sc=image&biz_tag=aweme_comment&l=20260509012609DA17878845C2B6C8B45F', 'https://p26-sign.douyinpic.com/tos-cn-i-p14lwwcsbr/ee57bb130d3143498ced4289ecf01e2e~tplv-p14lwwcsbr-7.image?lk3s=7b078dd2&x-expires=1778349600&x-signature=2VoOLCuSjdlJoiKiXgKwkTRsoSo%3D&from=2064092626&se=false&sc=image&biz_tag=aweme_comment&l=20260509012609DA17878845C2B6C8B45F', 'https://p5-ex-gddgtc-sign.douyinpic.com/tos-cn-i-p14lwwcsbr/ee57bb130d3143498ced4289ecf01e2e~tplv-p14lwwcsbr-7.jpeg?lk3s=7b078dd2&x-expires=1778349600&x-signature=J6qQT9GQHGy4pM8RgBO7Ps1am9A%3D&from=2064092626&se=false&sc=image&biz_tag=aweme_comment&l=20260509012609DA17878845C2B6C8B45F']",0,1778233571,小豪,71465583895,https://p3-pc.douyinpic.com/aweme/100x100/aweme-avatar/tos-cn-avt-0015_effeed88fcf67be37f5595277b380448.jpeg?from=2064092626,,3,广东
7637442764778948081,7637509976525570875,是不是尿撒多了，太骚了,,0,1778246365,双一林,Guzi8788,https://p3-pc.douyinpic.com/aweme/100x100/aweme-avatar/tos-cn-avt-0015_d04f4b173e18c009fce7320be5163c37.jpeg?from=2064092626,,0,广东
7637442764778948081,7637458587502428985,营养过多，烧死了[捂脸],,0,1778234401,🌈哒哒哒🧉,,https://p3-pc.douyinpic.com/aweme/100x100/aweme-avatar/tos-cn-i-0813_9df72998e9ef45b99e7422df748969cf.jpeg?from=2064092626,,0,海南
7637442764778948081,7637459632009577265,缺铁末,,0,1778234644,一曲相思,369O123456789,https://p3-pc.douyinpic.com/aweme/100x100/aweme-avatar/tos-cn-avt-0015_0c9f04ce6f2ff2e2acc83998f5eec54d.jpeg?from=2064092626,,0,山东
7637442764778948081,7637463531873141510,太肥了  烧死了[灵机一动],,0,1778235551,帮宝逝,,https://p3-pc.douyinpic.com/aweme/100x100/aweme-avatar/tos-cn-i-0813_f856fde69bd04c7386c93fd9dbdac1a9.jpeg?from=2064092626,,0,广东
7637442764778948081,7637468442464043833,少浇水，是刚种的还是种了很久的,,0,1778236695,叶,dyi9zkkzw0ng,https://p3-pc.douyinpic.com/aweme/100x100/aweme-avatar/tos-cn-avt-0015_f673cb816db6fc3bc0e6da7e9812a615.jpeg?from=2064092626,,0,广东
7637442764778948081,7637468463615820559,难道是因为叶黄了 不好隐藏,,0,1778236701,明天会更好123456,,https://p3-pc.douyinpic.com/aweme/100x100/aweme-avatar/mosaic-legacy_2f112000154405a28bac2.jpeg?from=2064092626,,0,山东
7637442764778948081,7637497320515617573,盐害肥害几率大,,0,1778243419,人间平凡客,95827108430,https://p3-pc.douyinpic.com/aweme/100x100/aweme-avatar/tos-cn-avt-0015_865c25655dbe7112a7ed21284efeb8d7.jpeg?from=2064092626,,0,广东
7637442764778948081,7637456877018923828,烂根了！水多了,,0,1778234003,童话里下雨,,https://p3-pc.douyinpic.com/aweme/100x100/aweme-avatar/tos-cn-i-0813_oUFIIiv8aCUIhdgElE1gAyPgAAAyKp16SIAiB.jpeg?from=2064092626,,0,贵州
7637442764778948081,7637537132815532857,肥料加多了,,0,1778252688,壹,222000333mm,https://p3-pc.douyinpic.com/aweme/100x100/aweme-avatar/tos-cn-avt-0015_b1b89f585be70529fc17c7359adef15a.jpeg?from=2064092626,,0,安徽
7637442764778948081,7637463254584312591,肥大烧叶子了吧,,0,1778235490,🌈欧康康,,https://p3-pc.douyinpic.com/aweme/100x100/aweme-avatar/tos-cn-avt-0015_c9687699f7f26de58dc7dff4826ddc36.jpeg?from=2064092626,,0,内蒙古
7637442764778948081,7637474220322587449,给她用点你的护肤品！,,0,1778238040,悦读悦悟,P.P.F,https://p3-pc.douyinpic.com/aweme/100x100/aweme-avatar/tos-cn-i-0813c000-ce_oAAIwiwA9BFEnA4fvAj7DfNSOziBAEite1vEcm.jpeg?from=2064092626,,0,广东
7637442764778948081,7637492876032983817,应该栽水里的,,0,1778242383,💕 ❧⁵²⁰招姚过市沉鱼罗雁🕊꧔ꦿ᭄,38491481581,https://p3-pc.douyinpic.com/aweme/100x100/aweme-avatar/tos-cn-avt-0015_305d5b8f86a7b7a55df0ca3d8f966f98.jpeg?from=2064092626,,0,云南
7637442764778948081,7637513169736368936,爆炸弓炸的,,1,1778247108,🌈威尼斯的船长,,https://p3-pc.douyinpic.com/aweme/100x100/aweme-avatar/mosaic-legacy_a0910006151edb02f1f9.jpeg?from=2064092626,,0,广东
7637442764778948081,7637485417604023089,有没有可能是缺蛋《全蛋》[呲牙][呲牙][呲牙],,0,1778240647,᭄ཽ࿆谋芯♡渡♡红尘࿐,,https://p3-pc.douyinpic.com/aweme/100x100/aweme-avatar/tos-cn-i-0813c000-ce_oID6eEZIBmZnREM5wif7ANAAUiGQA0EA642eaS.jpeg?from=2064092626,,0,广东
7637442764778948081,7637467814224298789,你喔尿淋试试[呲牙][呲牙],,0,1778236549,俺娘嘞真不孬,37794767084,https://p3-pc.douyinpic.com/aweme/100x100/aweme-avatar/tos-cn-i-0813c000-ce_oonBRf57ugt7DlAIAHmEA7E8nJeFE7jvTO5eAD.jpeg?from=2064092626,,0,浙江
7637442764778948081,7637450600518550309,把图拍给豆包 立马给你答案[看],,0,1778232539,🎀 T·Sept.⁰¹ Vir☁️,TCY1111,https://p3-pc.douyinpic.com/aweme/100x100/aweme-avatar/tos-cn-avt-0015_f03f0f0072c417382d287a1b1f6ecefd.jpeg?from=2064092626,,0,江苏
7637442764778948081,7637466763496489779,肥料太重[捂脸][捂脸],,0,1778236304,钓不到鱼,21670655341,https://p3-pc.douyinpic.com/aweme/100x100/aweme-avatar/aweme_default_avatar.png.jpeg?from=2064092626,,0,四川
7637442764778948081,7637470758910657337,我都是中猕猴桃[看],"['https://p5-ex-gddgtc-sign.douyinpic.com/tos-cn-i-p14lwwcsbr/3f60246869bf4be0b4787271e9da2496~tplv-p14lwwcsbr-7.image?lk3s=7b078dd2&x-expires=1778349600&x-signature=NArZDUnOXFGSUFj2bvXg50b%2Btl0%3D&from=2064092626&se=false&sc=image&biz_tag=aweme_comment&l=202605090126111BBED3AB83D8D096EEAE', 'https://p26-sign.douyinpic.com/tos-cn-i-p14lwwcsbr/3f60246869bf4be0b4787271e9da2496~tplv-p14lwwcsbr-7.image?lk3s=7b078dd2&x-expires=1778349600&x-signature=Y64%2B98pmxPF4nU7RkHH60zKfNzo%3D&from=2064092626&se=false&sc=image&biz_tag=aweme_comment&l=202605090126111BBED3AB83D8D096EEAE', 'https://p11-sign.douyinpic.com/tos-cn-i-p14lwwcsbr/3f60246869bf4be0b4787271e9da2496~tplv-p14lwwcsbr-7.image?lk3s=7b078dd2&x-expires=1778349600&x-signature=usZIOfDuIGApJ6Sj6yWgNifWYVA%3D&from=2064092626&se=false&sc=image&biz_tag=aweme_comment&l=202605090126111BBED3AB83D8D096EEAE', 'https://p5-ex-gddgtc-sign.douyinpic.com/tos-cn-i-p14lwwcsbr/3f60246869bf4be0b4787271e9da2496~tplv-p14lwwcsbr-7.jpeg?lk3s=7b078dd2&x-expires=1778349600&x-signature=%2B8rfPRFVVKNR6XD8i3P6ulnx%2BTY%3D&from=2064092626&se=false&sc=image&biz_tag=aweme_comment&l=202605090126111BBED3AB83D8D096EEAE']",0,1778237235,明明很澜了,Jrong_0306,https://p3-pc.douyinpic.com/aweme/100x100/aweme-avatar/tos-cn-i-0813c000-ce_oUpzI6F1AjoOLTeWEADAQF6y9HpwYCHAAzEafF.jpeg?from=2064092626,,0,广东
7637442764778948081,7637525878868853556,水多了，烂根了。,,0,1778250068,半▦盏流年,,https://p3-pc.douyinpic.com/aweme/100x100/aweme-avatar/tos-cn-i-0813c001_d13625131c514ac38239533b7cb1caed.jpeg?from=2064092626,,0,海南
7637442764778948081,7637459379780043560,有没有可能  水浇太多   淹死了,,0,1778234585,K K,70467393508,https://p3-pc.douyinpic.com/aweme/100x100/aweme-avatar/aweme_default_avatar.png.jpeg?from=2064092626,,0,山西
7637442764778948081,7637514829813154610,叫少爷给你寄两斤💩放在土下面[呲牙],,0,1778247495,龙爱山狗蛋,liulangdeniu22,https://p3-pc.douyinpic.com/aweme/100x100/aweme-avatar/tos-cn-i-0813c001_oIEwAz6p6LCAKBsAIMIGeXeSQABeA1DYBEmxJ7.jpeg?from=2064092626,,0,广西
7637442764778948081,7637457000842609435,土太少了 [捂脸][捂脸],,0,1778234030,138649527,SYMCMYQS,https://p3-pc.douyinpic.com/aweme/100x100/aweme-avatar/tos-cn-i-0813c001_ocCaIIeQfGA1aNAeANLHC2nAHDRAwIdqQGeWUI.jpeg?from=2064092626,,0,贵州
7637442764778948081,7637459238428082998,太多叶子了  要把下面老叶摘掉,,0,1778234552,Yy,yy747549148,https://p3-pc.douyinpic.com/aweme/100x100/aweme-avatar/tos-cn-avt-0015_b6c86c680fbc0a4e5cf9f25f6cbd9ca9.jpeg?from=2064092626,,0,山东
7637442764778948081,7637447655346258725,缺肥料，就是整点肥料拉的屎给他放点,,0,1778231855,82251353231,82251353231,https://p3-pc.douyinpic.com/aweme/100x100/aweme-avatar/aweme_default_avatar.png.jpeg?from=2064092626,,0,吉林
7637442764778948081,7637542900306264869,营养过剩.烧死了,,0,1778254031,溪鱼,,https://p3-pc.douyinpic.com/aweme/100x100/aweme-avatar/tos-cn-i-0813c000-ce_ogAALQIgQTAk1b2ecjLcbtDyoffFeDAOGK42A3.jpeg?from=2064092626,,0,山东
7637442764778948081,7637483184816964389,你的土少了，室外气温高，烧根了,,0,1778240127,ℒᎭℯ⃝寻味,z61888b,https://p3-pc.douyinpic.com/aweme/100x100/aweme-avatar/tos-cn-i-0813_osr0EpBoEiAoISCM6AiDAtAAA5N6feRhz3FBgl.jpeg?from=2064092626,,0,四川
7637442764778948081,7637468401350624037,你去马路边的花坛里面挖一点泥巴回来就活了,,0,1778236685,道,,https://p3-pc.douyinpic.com/aweme/100x100/aweme-avatar/mosaic-legacy_26eac00008d8a148ffa82.jpeg?from=2064092626,,0,四川
7637442764778948081,7637466353688134437,可以倒点啤酒兑的水,,0,1778236208,雷子,,https://p3-pc.douyinpic.com/aweme/100x100/aweme-avatar/tos-cn-i-0813_6f234f6e28e746dfb372214f9e477dd0.jpeg?from=2064092626,,0,河南
7637442764778948081,7637471430960317184,一个是通风，一个是阳光,,0,1778237392,亮亮,,https://p3-pc.douyinpic.com/aweme/100x100/aweme-avatar/tos-cn-avt-0015_1b109502ce37c525d6925b0d586ef06b.jpeg?from=2064092626,,0,江苏
7637442764778948081,7637557024842793765,有没有可能这两天它没打和平精英！心里难受！所以不好好长了[比心],,0,1778257320,郎骑竹马来,Xue5454.521,https://p3-pc.douyinpic.com/aweme/100x100/aweme-avatar/tos-cn-i-0813c000-ce_oUlzahAsEEChPnAJe5TBlDrFSIReQkAfgAqFC7.jpeg?from=2064092626,,0,山西
7637442764778948081,7637481960549417768,水多了，填土吧[偷笑][偷笑],,0,1778239842,🌈七月,yuqing520yuqing,https://p3-pc.douyinpic.com/aweme/100x100/aweme-avatar/tos-cn-i-0813c001_ooAfAbsRnBEK8ARBffDExFQrnEEg3sBAy47SKA.jpeg?from=2064092626,,0,吉林
7637442764778948081,7637473146169754419,营养过剩了,,0,1778237789,zyj晨阳,92791352393,https://p3-pc.douyinpic.com/aweme/100x100/aweme-avatar/tos-cn-i-0813_6b5a9d41702b409f96569e3925f19523.jpeg?from=2064092626,,0,浙江
7637442764778948081,7637510996927709989,草莓不需要太多水，你这是水交多了[捂脸],,0,1778246602,今生最爱,46135573876,https://p3-pc.douyinpic.com/aweme/100x100/aweme-avatar/tos-cn-i-0813c000-ce_oAhIGFGh2AAABIzbqIvAaBAVPiMBpiAE5nEo2.jpeg?from=2064092626,,0,四川
7637442764778948081,7637478435468100401,炒梅要炒一下[呲牙][呲牙],,0,1778239021,风的季节,,https://p3-pc.douyinpic.com/aweme/100x100/aweme-avatar/tos-cn-i-0813c000-ce_osQGSATAICfAQSLgSA7AeUlegE07FhBlWIJ75x.jpeg?from=2064092626,,0,吉林
7637442764778948081,7637492917402387249,正常现象  不要过多施肥,,0,1778242393,🌈豆包,ABCxyy521,https://p3-pc.douyinpic.com/aweme/100x100/aweme-avatar/tos-cn-i-0813c000-ce_osw6bLF7OGTFcKBHQgAhAmcfIeBDdIJIBeQAEA.jpeg?from=2064092626,,0,广东
7637442764778948081,7637502324235076401,打个绷带就好了[捂脸],,1,1778244583,［李亚鹏］,,https://p3-pc.douyinpic.com/aweme/100x100/aweme-avatar/tos-cn-i-0813c000-ce_oIAAbM9zIEPUSvnHtMaiADBn6piGhAA6qACAL.jpeg?from=2064092626,,0,山西
7637442764778948081,7637531561596896037,找你的兄长，贺老八[呲牙],,0,1778251391,商丘途瑞户外（峰哥房车改装）,,https://p3-pc.douyinpic.com/aweme/100x100/aweme-avatar/tos-cn-i-0813c000-ce_oMaTaQhAAAA4A7QygEFfeKQDmfnMLGyEJBFD7I.jpeg?from=2064092626,,0,河南
7637442764778948081,7637460094876680987,肥太多烧苗了,,0,1778234752,烟雨江南,yuge7.9,https://p3-pc.douyinpic.com/aweme/100x100/aweme-avatar/tos-cn-i-0813_osIGNtAfBk5TBEPMHzmBRuAAIDaNaPAEeAeL7n.jpeg?from=2064092626,,0,江苏
7637442764778948081,7637552402598675237,买瓶东鹏配水喂养一下,,0,1778256245,杰哥爱生活,70827878330,https://p3-pc.douyinpic.com/aweme/100x100/aweme-avatar/tos-cn-i-0813c001_o0gEENfozDATgrAMAoFgA9nADANgbCpzI0fzOE.jpeg?from=2064092626,,0,云南
7637442764778948081,7637485574030361402,公，姆要搭配[流泪],,0,1778240683,篮海箭队,lanhaijiandu,https://p3-pc.douyinpic.com/aweme/100x100/aweme-avatar/tos-cn-i-0813_2af5a134e3b143e0bae2bca4944c17ca.jpeg?from=2064092626,,0,江西
7637442764778948081,7637452117071184697,@豆包告诉她，她种的草莓怎么干巴拉，教教她,,0,1778232895,一个从人民中走出来的普通人（修了心养性版,zg88880000888,https://p3-pc.douyinpic.com/aweme/100x100/aweme-avatar/tos-cn-i-0813_oMH359IAoKALKIffH7sf3levAlGUERAQOALfoL.jpeg?from=2064092626,,0,山西
7637442764778948081,7637450138496434980,尿浇多了,,0,1778232435,得一人终老,THYH0512,https://p3-pc.douyinpic.com/aweme/100x100/aweme-avatar/tos-cn-avt-0015_2c92e140f805ff7573f05aa68a72367b.jpeg?from=2064092626,,0,青海
7637442764778948081,7637505068187419441,它缺爱，咱俩对它亲亲嘴它就好了[捂脸][捂脸],,0,1778245222,期待,,https://p3-pc.douyinpic.com/aweme/100x100/aweme-avatar/tos-cn-i-0813c001_o0YEAnaD1REDZAplAmAI9VAeKbBCPFANAnfCgE.jpeg?from=2064092626,,0,河北
7637442764778948081,7637483040708690737,是不是肥料放太近了烧的,,0,1778240093,邪恶小羊,,https://p3-pc.douyinpic.com/aweme/100x100/aweme-avatar/tos-cn-i-0813c000-ce_ocypIrzIAAAeA9VHwEFDyPeDSfcmJNzEEAEDLI.jpeg?from=2064092626,,0,广西
7637442764778948081,7637449151801869094,外孙女，猫局的尿估计能救[捂脸],,0,1778232203,林俊杰810327,dy5cmhnhh2dj,https://p3-pc.douyinpic.com/aweme/100x100/aweme-avatar/hotsoon-avatar_831b1a7d1e784844b972c1b7070d1e7b.jpeg?from=2064092626,,0,浙江
7637442764778948081,7637517098059514681,这个是生病了,,0,1778248023,烤地瓜,88138303497,https://p3-pc.douyinpic.com/aweme/100x100/aweme-avatar/aweme_default_avatar.png.jpeg?from=2064092626,,0,辽宁
7637442764778948081,7637487034404012837,应该是被轰炸区炸了,,0,1778241023,@慕玉,gudianlei672,https://p3-pc.douyinpic.com/aweme/100x100/aweme-avatar/tos-cn-i-0813_dd41af7c9ff74e5fa4ba869cfcf94eb2.jpeg?from=2064092626,,0,广西
7637442764778948081,7637453133899137801,就是雨水太多了，烂根了,,0,1778233130,小样,dy23j8ou7d60,https://p3-pc.douyinpic.com/aweme/100x100/aweme-avatar/tos-cn-i-0813_oII4QABA7QwfANDTQFHXfTfESB3BpEAAG5CNEQ.jpeg?from=2064092626,,0,上海
7637442764778948081,7637495935114740538,有没有可能是水浇多了呢[捂脸],,0,1778243095,巫山,,https://p3-pc.douyinpic.com/aweme/100x100/aweme-avatar/tos-cn-i-0813c000-ce_ooNFeAAemETm27ZiJdLIAfGBDRA2JBAQIseb4C.jpeg?from=2064092626,,0,江苏
7637442764778948081,7637451371386061605,加点干土进去不要放水  两天就好了,,0,1778232720,南极的猫,www1410857178,https://p3-pc.douyinpic.com/aweme/100x100/aweme-avatar/tos-cn-i-0813_be92bbb556794b89a3ab4e722a4768c4.jpeg?from=2064092626,,0,浙江
7637442764778948081,7637486076806464313,肥料放多了,,0,1778240800,牧鱼,,https://p3-pc.douyinpic.com/aweme/100x100/aweme-avatar/tos-cn-i-0813c000-ce_oYQxEtPBeE8keW0A13lLAGL22E7AWifAiAAtIw.jpeg?from=2064092626,,0,广东
7637442764778948081,7637500591821177649,接点尿在配点水浇一下马上解决,,0,1778244180,黑风寨8008👩‍👩‍👧‍👦,heifengzhai883,https://p3-pc.douyinpic.com/aweme/100x100/aweme-avatar/tos-cn-i-0813c000-ce_ogAf8FYZAA89eDjYQujEHDAXFVEAqogewAEXIg.jpeg?from=2064092626,,0,广东
7637442764778948081,7637471771801420544,打游戏的时候说去浇花到底绕那里了,,0,1778237470,牛 二,,https://p3-pc.douyinpic.com/aweme/100x100/aweme-avatar/tos-cn-avt-0015_41be44360f211fee7a1cae1de835e7fc.jpeg?from=2064092626,,0,广东
7637442764778948081,7637463750282953523,老黑🉐打敌敌畏[捂脸][捂脸][捂脸],,0,1778235603,村口,,https://p3-pc.douyinpic.com/aweme/100x100/aweme-avatar/tos-cn-i-0813_ocrv9AfANbIA9NeDArg8EaiildAqA0adBtARC5.jpeg?from=2064092626,,0,广东
7637442764778948081,7637453226556179258,给它打个肾上腺素吧，抢救一下。[尬笑][尬笑],,1,1778233152,I功夫熊猫I,,https://p3-pc.douyinpic.com/aweme/100x100/aweme-avatar/tos-cn-i-0813c000-ce_oYr4wKDAAInAFAewcefE9tiNCw3KLyA7AEEaoE.jpeg?from=2064092626,https://p26-sign.douyinpic.com/obj/tos-cn-i-3jr8j4ixpe/e7ab6f39ac564ca8a997aa0cd67918bc?lk3s=7b078dd2&x-expires=1778349600&x-signature=KZWD6i3P0dEud0Qkyigz1MzsJ5M%3D&from=2064092626&s=sticker_comment&se=false&sc=sticker_heif&biz_tag=aweme_comment&l=202605090126130D244974B7E863DC4D4D,0,河北
7637442764778948081,7637457398747661106,水太多了，淹死了[捂脸][捂脸][捂脸],,0,1778234126,帝,71981209126,https://p3-pc.douyinpic.com/aweme/100x100/aweme-avatar/tos-cn-i-0813_ochII5CeAAlBLCB1AAgiOSaoEfKA0UiCMAT4QA.jpeg?from=2064092626,,0,四川
7637442764778948081,7637490627088941830,用淘米水、鸡蛋壳捣碎,,0,1778241860,炀ʸᵃⁿᵍ🔥,Yang_2277,https://p3-pc.douyinpic.com/aweme/100x100/aweme-avatar/tos-cn-avt-0015_b2c49a35c5ae0b755f47eda1739c8973.jpeg?from=2064092626,,0,广东
7637442764778948081,7637495348319159050,要放调料[阴险][阴险][阴险],,0,1778242959,王先生,,https://p3-pc.douyinpic.com/aweme/100x100/aweme-avatar/mosaic-legacy_f676000243d475dd1d70.jpeg?from=2064092626,,0,福建
7637442764778948081,7637462340241834790,你不适合种草莓，你只适合吃草莓[捂脸][捂脸][捂脸][捂脸],,0,1778235274,小强,,https://thirdwx.qlogo.cn/mmopen/vi_32/Q0j4TwGTfTKxiboaoqPQOibpxLuUYwm3sZicd9JBcp9XhLiczDp58dw6QafmbqsiayONiamQGoc9oem0bKlL2kS3ZMdQ/132,,0,蒙古
7637442764778948081,7637489390050116378,水多了,,0,1778241571,努力奋斗,,https://p3-pc.douyinpic.com/aweme/100x100/aweme-avatar/tos-cn-i-0813c001_11838b669d5e44d0aaf80f2b44dd1b24.jpeg?from=2064092626,,0,上海
7637442764778948081,7637559008526369536,是不是水太多了[看],,0,1778257784,♂垓溜子⁵¹⁰⁷⁴🐸,,https://p3-pc.douyinpic.com/aweme/100x100/aweme-avatar/tos-cn-avt-0015_767fb93ca1d32904bee0d932a0a4edf5.jpeg?from=2064092626,,0,广东
7637442764778948081,7637465020977120057,味精加水  就是肥,,0,1778235899,《人生百态》刘锦佑,shufen51989,https://p3-pc.douyinpic.com/aweme/100x100/aweme-avatar/tos-cn-i-0813c000-ce_o4AAYQAXhrQA6pejRREbEFoB7J6DIgf8wIfCyN.jpeg?from=2064092626,,0,吉林
7637442764778948081,7637488556408308538,这种要窝尿来冲,,0,1778241379,哈哈,,https://p3-pc.douyinpic.com/aweme/100x100/aweme-avatar/tos-cn-i-0813_3d5704b07507431ea959d33f823e2f31.jpeg?from=2064092626,,0,云南
7637442764778948081,7637452885450703652,烧叶子了。。,,0,1778233072,明明会武功,mingminghuiw,https://p3-pc.douyinpic.com/aweme/100x100/aweme-avatar/tos-cn-i-0813_662d582878e24833955e1ef0d7ccc596.jpeg?from=2064092626,,0,四川
7637442764778948081,7637474458676609841,撒泡尿就好了[捂脸],,0,1778238095,腊月三十,,https://p3-pc.douyinpic.com/aweme/100x100/aweme-avatar/tos-cn-i-0813_c3bf6e182b164e3eb5ba28b912f0d92b.jpeg?from=2064092626,,0,辽宁
7637442764778948081,7637571900500034356,问问豆包[呲牙],,0,1778260789,有你才开心,,https://p3-pc.douyinpic.com/aweme/100x100/aweme-avatar/tos-cn-i-0813_52ba974f26e045c4b0185ab14a3d9b68.jpeg?from=2064092626,https://p11-sign.douyinpic.com/obj/tos-cn-o-0812/o8F7UAAi0AA9Q0l4B7iiQaBlZnAY6vAIEGfZBH?lk3s=7b078dd2&x-expires=1778349600&x-signature=h2%2FAHFStkc%2FzmgWRIn1THcftWD0%3D&from=2064092626&s=sticker_comment&se=false&sc=sticker_heif&biz_tag=aweme_comment&l=202605090126130D244974B7E863DC4D4D,0,吉林
7637442764778948081,7637467552826671906,这种要用尿浇,,0,1778236489,逗逗逗逗飞呀,h1143003636,https://p3-pc.douyinpic.com/aweme/100x100/aweme-avatar/tos-cn-avt-0015_2331f363a15e8f4bb34507183bb0fb62.jpeg?from=2064092626,,0,浙江
7637442764778948081,7637468389782487857,营养过头了[戳手手][戳手手],,0,1778236682,Zo,zo8.22,https://p3-pc.douyinpic.com/aweme/100x100/aweme-avatar/tos-cn-i-0813c000-ce_oEQAtTzBkEvAfg7NQegANWQJheMACtAzN8UdF8.jpeg?from=2064092626,,0,浙江
7637442764778948081,7637486036952367921,🉐浇尿[呲牙],,0,1778240792,♥志存☞千李♞,,https://p3-pc.douyinpic.com/aweme/100x100/aweme-avatar/tos-cn-i-0813c000-ce_oAAAA7IgQmAPffleNfLALEPPcr1uWHAzGVftAR.jpeg?from=2064092626,,0,陕西
7637442764778948081,7637468010223436581,水浇多了[呲牙],,0,1778236594,TA ⁵⁷¹⁷ 🐎,VIP13145717.,https://p3-pc.douyinpic.com/aweme/100x100/aweme-avatar/tos-cn-avt-0015_d0cc8d1cf64b1dcaa964b24638136bcc.jpeg?from=2064092626,,0,浙江
7637442764778948081,7637476938513662769,别浇水太频繁了,,0,1778238673,山海听风,ltde1688,https://p3-pc.douyinpic.com/aweme/100x100/aweme-avatar/tos-cn-i-0813c000-ce_o4sFAfh8KteTWJAIQne87kFMgQIBOBAgsYVvgA.jpeg?from=2064092626,,0,山东
7637442764778948081,7637478650157990693,要兑酸,,0,1778239071,北宁,20573037923,https://p3-pc.douyinpic.com/aweme/100x100/aweme-avatar/tos-cn-i-0813c001_82530dc3a03a4846848a2be142c5cff2.jpeg?from=2064092626,,1,河南
7637442764778948081,7637508360925266737,草莓也喜欢听哦耶斯,,0,1778245988,💘,,https://p3-pc.douyinpic.com/aweme/100x100/aweme-avatar/tos-cn-i-0813c000-ce_oU5JA5QI75eDgEjrgk8m6fETFBA7BAe9Q28gAE.jpeg?from=2064092626,,0,辽宁
7637442764778948081,7637518075294352180,是不是用尿浇的，烧的[呲牙][呲牙][呲牙],,0,1778248251,（鸿运当头）$（疑难防水修缮）,3949..9131,https://p3-pc.douyinpic.com/aweme/100x100/aweme-avatar/tos-cn-i-0813_oYf0CieCAKBRFOAiWGiw6EAHAZAuIgC9wwANxA.jpeg?from=2064092626,,0,山东
7637442764778948081,7637488591846277888,你水充足跟草莓没关系，张大房,,0,1778241387,雨哥看世界,,https://p3-pc.douyinpic.com/aweme/100x100/aweme-avatar/tos-cn-i-0813_129028fb9f814355b66d35b6e110472b.jpeg?from=2064092626,,0,四川
7637442764778948081,7637475372569428776,黑蛋浇水太多了,,0,1778238309,邹,,https://p3-pc.douyinpic.com/aweme/100x100/aweme-avatar/tos-cn-i-0813_8b2cc468c2c24ca6a2e62e9af4c18ab3.jpeg?from=2064092626,,0,河南
7637442764778948081,7637482361496650522,打点叶面肥，下点氮肥，生根剂，打点杀虫杀菌药，,,0,1778239935,那一抹微笑,,https://p3-pc.douyinpic.com/aweme/100x100/aweme-avatar/tos-cn-i-0813c001_b2e96c1e0adc48e89c5d0b74f7be4611.jpeg?from=2064092626,,1,山西
7637442764778948081,7637510302405247781,缺肥,,0,1778246440,摩羯言彦,,https://p3-pc.douyinpic.com/aweme/100x100/aweme-avatar/tos-cn-avt-0015_83f778d27f2d5ab7226e63ca991c2828.jpeg?from=2064092626,,0,安徽
7637442764778948081,7637461037788545833,肥料放多了🤦‍♂️,,0,1778234971,XYXYXK,,https://p3-pc.douyinpic.com/aweme/100x100/aweme-avatar/tos-cn-i-0813c001_ooA0ilEgNbAFHEFXDU9jf8fjAxDVACAItAGoZw.jpeg?from=2064092626,,0,四川
7637442764778948081,7637552834406368037,废料过度，老黑,,0,1778256345,陈先生,58171473746,https://p3-pc.douyinpic.com/aweme/100x100/aweme-avatar/tos-cn-i-0813_oMCBZmGeLAqvoViYA7kmAEDBSVZIQGAeAOlfFI.jpeg?from=2064092626,,0,广东
7637442764778948081,7637468441705054976,土壤底部要透气的吧[举手],,0,1778236695,南宫家的洛洛,dy6v50999v4k,https://p3-pc.douyinpic.com/aweme/100x100/aweme-avatar/tos-cn-avt-0015_41a8aa32aca4eea3d4973fdd87cbe5d5.jpeg?from=2064092626,,0,上海
7637442764778948081,7637454793296380678,这是枯叶病你要打药,,0,1778233519,山上石头,40310349786,https://p3-pc.douyinpic.com/aweme/100x100/aweme-avatar/tos-cn-i-0813_oYxXVtAMIE98edAAFqpAADqCYQQSN1AfgALFD9.jpeg?from=2064092626,,0,山东
7637442764778948081,7637453703604568884,水浇太多了 不透气,,0,1778233265,知 秋,zy586712,https://p3-pc.douyinpic.com/aweme/100x100/aweme-avatar/tos-cn-avt-0015_e55725fda597b13333dec2776f179874.jpeg?from=2064092626,,0,河北
7637442764778948081,7637550795601150783,[看][看][看]没营养。窝点水有营养,,0,1778255872,惊夢,50897555712,https://p3-pc.douyinpic.com/aweme/100x100/aweme-avatar/tos-cn-i-0813_o4TNVgAMQIojYdAEfeOHfGqQfgkbYwAeAACLNt.jpeg?from=2064092626,,0,河北
7637442764778948081,7637445456792617777,你那个土不行，真的,,0,1778231343,Liu～,,https://p3-pc.douyinpic.com/aweme/100x100/aweme-avatar/tos-cn-avt-0015_570d1be38e5383cb5bb30d0c6fdd489b.jpeg?from=2064092626,,0,四川
7637442764778948081,7637476169352659749,水太多了,,0,1778238493,小王哥,,https://p3-pc.douyinpic.com/aweme/100x100/aweme-avatar/tos-cn-i-0813c000-ce_oU8QDfntAEHoIyHUaApwFCeCEW9hAAzmBE0AxA.jpeg?from=2064092626,,0,陕西
7637442764778948081,7637527947851006774,水太多,,0,1778250551,(˵¯͒〰¯͒˵)快乐的一天,dy3fm8ab10ib,https://p3-pc.douyinpic.com/aweme/100x100/aweme-avatar/tos-cn-i-0813_e5678eb5fa7e408b8e47fee33494a595.jpeg?from=2064092626,,0,广西
7637442764778948081,7637523688963998464,蛋吃草,,0,1778249559,逍遥,mayuanming,https://p3-pc.douyinpic.com/aweme/100x100/aweme-avatar/tos-cn-i-0813c001_o8Pm9lA9cDGDASenAAQApdRb8Ejg6eInAaNC2y.jpeg?from=2064092626,,0,浙江
7637442764778948081,7637552070517949233,我的草莓和你的一样了，我的最近几天也腌了[抠鼻],,0,1778256166,@大狗,z5113149,https://p3-pc.douyinpic.com/aweme/100x100/aweme-avatar/tos-cn-avt-0015_f29ac822be318fdad102cf6e7aca72b3.jpeg?from=2064092626,,0,四川
7637442764778948081,7637550589933306673,不能水太多啊妹妹,,0,1778255822,ᥫᩣ心之所向便是光,,https://p3-pc.douyinpic.com/aweme/100x100/aweme-avatar/tos-cn-i-0813c000-ce_ocDEhNeyEOjB8veE86sDfJj7crAFAAjgAaUPIP.jpeg?from=2064092626,,0,辽宁
7637442764778948081,7637536509469573947,学着点[泪奔],"['https://p3-sign.douyinpic.com/tos-cn-i-p14lwwcsbr/deba15ace666496a9fe9d0223e9c33e8~tplv-p14lwwcsbr-7.image?lk3s=7b078dd2&x-expires=1778349600&x-signature=8cPGOEyyk6UHk2HTfjDakf7Eb0c%3D&from=2064092626&se=false&sc=image&biz_tag=aweme_comment&l=20260509012617BB26817EB09E9CBAC98C', 'https://p11-sign.douyinpic.com/tos-cn-i-p14lwwcsbr/deba15ace666496a9fe9d0223e9c33e8~tplv-p14lwwcsbr-7.image?lk3s=7b078dd2&x-expires=1778349600&x-signature=qnxtggPjTQ9wmEBCxqzi5e6cKLo%3D&from=2064092626&se=false&sc=image&biz_tag=aweme_comment&l=20260509012617BB26817EB09E9CBAC98C', 'https://p5-ex-gddgtc-sign.douyinpic.com/tos-cn-i-p14lwwcsbr/deba15ace666496a9fe9d0223e9c33e8~tplv-p14lwwcsbr-7.image?lk3s=7b078dd2&x-expires=1778349600&x-signature=oUiJ3J9s9%2Bvt9ITAPb3jbXqWnwg%3D&from=2064092626&se=false&sc=image&biz_tag=aweme_comment&l=20260509012617BB26817EB09E9CBAC98C', 'https://p3-sign.douyinpic.com/tos-cn-i-p14lwwcsbr/deba15ace666496a9fe9d0223e9c33e8~tplv-p14lwwcsbr-7.jpeg?lk3s=7b078dd2&x-expires=1778349600&x-signature=hcIBOERCwJ59HiMnoh1a9JR4gbI%3D&from=2064092626&se=false&sc=image&biz_tag=aweme_comment&l=20260509012617BB26817EB09E9CBAC98C']",0,1778252542,🎆꧔ꦿ℘君莫笑💞᪲🎆⁵¹⁰⁷⁴,,https://p3-pc.douyinpic.com/aweme/100x100/aweme-avatar/tos-cn-i-0813c001_ow5JWfPAhIDEgGYjHANIkARAeA8JyzNSAA6CCt.jpeg?from=2064092626,,0,辽宁
7637442764778948081,7637457741631816485,如果确定是不缺水的化，可能是土的问题，草莓不耐盐，看你的土应该是质量不怎么好的，Ec值高了就烧苗了，从锯齿边开始发黑发干然后慢慢就嘎掉了，还有就是这个季节一般不种草莓了，温度高了花芽不怎么分化了会长很多匍匐茎不开花，就算结了果都不好吃了，草莓一般九月份种，另外给你推荐个品种真红美玲超好吃[捂脸][捂脸],"['https://p3-sign.douyinpic.com/tos-cn-i-p14lwwcsbr/5f401c0836f54b819c090fc5998058c3~tplv-p14lwwcsbr-7.image?lk3s=7b078dd2&x-expires=1778349600&x-signature=MIA0175aW0h2qwtzy4EuckR4OBs%3D&from=2064092626&se=false&sc=image&biz_tag=aweme_comment&l=20260509012617BB26817EB09E9CBAC98C', 'https://p11-sign.douyinpic.com/tos-cn-i-p14lwwcsbr/5f401c0836f54b819c090fc5998058c3~tplv-p14lwwcsbr-7.image?lk3s=7b078dd2&x-expires=1778349600&x-signature=6RjN7lkGudgEa%2BjGd7VYx%2FxS8ro%3D&from=2064092626&se=false&sc=image&biz_tag=aweme_comment&l=20260509012617BB26817EB09E9CBAC98C', 'https://p26-sign.douyinpic.com/tos-cn-i-p14lwwcsbr/5f401c0836f54b819c090fc5998058c3~tplv-p14lwwcsbr-7.image?lk3s=7b078dd2&x-expires=1778349600&x-signature=6X9O1RWeakzHcRGZ8u0vBAtfezA%3D&from=2064092626&se=false&sc=image&biz_tag=aweme_comment&l=20260509012617BB26817EB09E9CBAC98C', 'https://p3-sign.douyinpic.com/tos-cn-i-p14lwwcsbr/5f401c0836f54b819c090fc5998058c3~tplv-p14lwwcsbr-7.jpeg?lk3s=7b078dd2&x-expires=1778349600&x-signature=RG0bBW9CgpXy9rE7baQ9ivbmvtk%3D&from=2064092626&se=false&sc=image&biz_tag=aweme_comment&l=20260509012617BB26817EB09E9CBAC98C']",1,1778234203,一宅一物园艺美学,,https://p3-pc.douyinpic.com/aweme/100x100/aweme-avatar/mosaic-legacy_7e71002a144e14cf8223.jpeg?from=2064092626,,0,四川
7637442764778948081,7637459038519477041,我这豆芽怎么样[呲牙],"['https://p3-sign.douyinpic.com/tos-cn-i-p14lwwcsbr/a665c67ad2aa4540bc4d749665f7007b~tplv-p14lwwcsbr-7.image?lk3s=7b078dd2&x-expires=1778349600&x-signature=E5iIin9ziGrGvVRRX1lf3u1Lxas%3D&from=2064092626&se=false&sc=image&biz_tag=aweme_comment&l=20260509012617BB26817EB09E9CBAC98C', 'https://p11-sign.douyinpic.com/tos-cn-i-p14lwwcsbr/a665c67ad2aa4540bc4d749665f7007b~tplv-p14lwwcsbr-7.image?lk3s=7b078dd2&x-expires=1778349600&x-signature=oEw8GNnsxqtNalcftsQyebyXOzc%3D&from=2064092626&se=false&sc=image&biz_tag=aweme_comment&l=20260509012617BB26817EB09E9CBAC98C', 'https://p5-ex-gddgtc-sign.douyinpic.com/tos-cn-i-p14lwwcsbr/a665c67ad2aa4540bc4d749665f7007b~tplv-p14lwwcsbr-7.image?lk3s=7b078dd2&x-expires=1778349600&x-signature=nwZc0CK69qJNORzMpU6ZzgAIj58%3D&from=2064092626&se=false&sc=image&biz_tag=aweme_comment&l=20260509012617BB26817EB09E9CBAC98C', 'https://p3-sign.douyinpic.com/tos-cn-i-p14lwwcsbr/a665c67ad2aa4540bc4d749665f7007b~tplv-p14lwwcsbr-7.jpeg?lk3s=7b078dd2&x-expires=1778349600&x-signature=%2FMnMtQ%2Bg5JrUKYG%2B9LLuxfeBOW0%3D&from=2064092626&se=false&sc=image&biz_tag=aweme_comment&l=20260509012617BB26817EB09E9CBAC98C']",0,1778234505,无 言,wuyan78268,https://p3-pc.douyinpic.com/aweme/100x100/aweme-avatar/tos-cn-i-0813_1695f40200cd4735a2bddced2093078a.jpeg?from=2064092626,,0,广东
7637442764778948081,7637546940724511525,不要尿在里面[抠鼻],,0,1778254971,1v1没赢过,18881828324.,https://p3-pc.douyinpic.com/aweme/100x100/aweme-avatar/tos-cn-i-0813_oIthztCoAhCCIt9L4AygfCBMEZenAArNAAFAVW.jpeg?from=2064092626,,0,浙江
7637442764778948081,7637453508236559141,君雅你这个草莓种的就不对，一个坑一颗苗，,,0,1778233217,甜露露🍓吃草莓进主页,80369400682,https://p3-pc.douyinpic.com/aweme/100x100/aweme-avatar/tos-cn-avt-0015_85afbb3d097774222c7984384abdf764.jpeg?from=2064092626,,0,辽宁
7637442764778948081,7637463112857568049,可以亲手教你吗[懵],,0,1778235454,🌈戚峰,Qixiuguo823,https://p3-pc.douyinpic.com/aweme/100x100/aweme-avatar/tos-cn-avt-0015_7972d8759081c136338b584b3e4440f5.jpeg?from=2064092626,,0,北京
7637442764778948081,7637467202006844214,施肥施多了。,,0,1778236407,888888,,https://p3-pc.douyinpic.com/aweme/100x100/aweme-avatar/tos-cn-i-0813_o4a6PAAQTEITQBgPQEimliAAIP51ANIgrb1tA.jpeg?from=2064092626,,0,浙江
7637442764778948081,7637506145750647610,土太肥了，烧苗了,,0,1778245473,无限期,ganggang7650,https://p3-pc.douyinpic.com/aweme/100x100/aweme-avatar/tos-cn-avt-0015_c59df913f8c379e1afd730bd2dbac2a7.jpeg?from=2064092626,,0,湖北
7637442764778948081,7637454534923862821,水太多了，淹死了，都快,,0,1778233457,🌈西伯利亚狼🐺,dyibvo504xqb,https://p3-pc.douyinpic.com/aweme/100x100/aweme-avatar/tos-cn-i-0813c000-ce_o07EWFJeAkffGwoRbTFZAg8gJAIBQA2tDN1sEg.jpeg?from=2064092626,,0,内蒙古
7637442764778948081,7637492509455352619,用开水烫一下,,0,1778242299,小老百姓,zyjg888888,https://p3-pc.douyinpic.com/aweme/100x100/aweme-avatar/tos-cn-i-0813_owQ7QENAfeCFH4Q3DBIE89FHkAAEJAfyE6BAEH.jpeg?from=2064092626,,0,广东
7637442764778948081,7637485986364048185,草莓不能总浇水，水涝了,,0,1778240779,阅己 越己 悦己,J20131020Y,https://p3-pc.douyinpic.com/aweme/100x100/aweme-avatar/tos-cn-i-0813c000-ce_oIIBQAEA9ia4AeDpxFHpf1ouSRoAnEAwnHMMC8.jpeg?from=2064092626,,0,河北
7637442764778948081,7637444617415426865,窝泡尿在里面施施肥,,0,1778231147,安于时光,WuTao19860408,https://p3-pc.douyinpic.com/aweme/100x100/aweme-avatar/tos-cn-i-0813c000-ce_oAElAvTzyiCAwAVAE0iB2NfWIAMQw5AgEeapxe.jpeg?from=2064092626,,0,重庆
7637442764778948081,7637527642186646331,水土不服[看],,0,1778250478,ᝰꫛꫀꪟ₅₂₀¹³¹⁴,96534544250,https://p3-pc.douyinpic.com/aweme/100x100/aweme-avatar/tos-cn-i-0813c000-ce_owAe3A4bwjQAefsDHPAfIJugpMAyA7jAYymfTZ.jpeg?from=2064092626,,0,广东
7637442764778948081,7637503499987747611,吞趴口水下去就好了,,0,1778244857,零一①,52077888xy,https://p3-pc.douyinpic.com/aweme/100x100/aweme-avatar/tos-cn-i-0813c000-ce_oQCmAsu8TFDAPArAEpEDk2foIAcFwNpZEoynf9.jpeg?from=2064092626,,0,浙江
7637442764778948081,7637449798946374440,淡肥过剩,,0,1778232356,子弹,67992388337,https://p3-pc.douyinpic.com/aweme/100x100/aweme-avatar/tos-cn-i-0813_o84PIIAngAWQbl3ioJZZZjA0AYRBBgi8vAEJx.jpeg?from=2064092626,,0,广西
7637442764778948081,7637457905088512818,水果就一点《光合作用》才好吃,,0,1778234242,L-Oct 29-Sc,kongzi67,https://p3-pc.douyinpic.com/aweme/100x100/aweme-avatar/tos-cn-i-0813c000-ce_osCfEQFHA2ohCqrqEADAIAau9JpwACBAAgEvfg.jpeg?from=2064092626,,0,湖南
7637442764778948081,7637466020479435577,你可能种的就是干巴草莓[看][看],,0,1778236131,🌈🪐初心ᴶᴿ,,https://p3-pc.douyinpic.com/aweme/100x100/aweme-avatar/tos-cn-i-0813_oQdrmAIzoAB4gmANEvDACw49aCiB9fAirAFzfA.jpeg?from=2064092626,,0,甘肃
7637442764778948081,7637501342517494565,要不要我来给你种几个草莓[看],,1,1778244355,林较瘦,,https://p3-pc.douyinpic.com/aweme/100x100/aweme-avatar/tos-cn-i-0813c001_117876f7c31e490db5610a310f5c6b6b.jpeg?from=2064092626,,0,四川
7637442764778948081,7637443604373701433,就是水太多了，烂根了,,0,1778230911,🍭葡萄🍇,61673394598,https://p3-pc.douyinpic.com/aweme/100x100/aweme-avatar/tos-cn-i-0813_o4yf5wAPfAIl2WEEAD7N1bEw5EBaFBAVReAQgm.jpeg?from=2064092626,,1,江西
7637442764778948081,7637444784064234290,烧苗了，楼下去搂点土，浇水傍晚没太阳的时候浇,,0,1778231187,🌼-梓州-🌼,Lht.ParkJiYeon,https://p3-pc.douyinpic.com/aweme/100x100/aweme-avatar/tos-cn-i-0813_cba3596202a8449980b11c97ff91c92c.jpeg?from=2064092626,,0,四川
7637442764778948081,7637461949416653605,底下的根烂了,,0,1778235183,♛小菜鸟,m888899990000,https://p3-pc.douyinpic.com/aweme/100x100/aweme-avatar/mosaic-legacy_311d00008ad032271e0ab.jpeg?from=2064092626,,0,江西
7637442764778948081,7637468559795258146,蛋呐！这是营养超标了,,0,1778236722,戏幕落，谁是客,wuji7773,https://p3-pc.douyinpic.com/aweme/100x100/aweme-avatar/tos-cn-avt-0015_63eeb61db70923d34581e49c2b8ac252.jpeg?from=2064092626,,0,浙江
7637442764778948081,7637462856321254163,你这个是土太肥，过营了。也就是烧苗了！如果是整体黄，但叶不干就是缺水，缺肥了！,,0,1778235394,夔❤僩❤️谶,,https://p3-pc.douyinpic.com/aweme/100x100/aweme-avatar/tos-cn-i-0813c001_oMiABPSarggeBKAIA09iAKCCXA7iEJvw0JeFAD.jpeg?from=2064092626,,1,浙江
7637442764778948081,7637468419952214847,鸡蛋打上几个 鸡蛋液倒土里,,0,1778236691,🦁,31791020994,https://p3-pc.douyinpic.com/aweme/100x100/aweme-avatar/tos-cn-avt-0015_511f2c5f41eb558753732b1d7b72ff40.jpeg?from=2064092626,,0,山东
7637442764778948081,7637443741607183110,还有遇事问豆包[微笑][微笑][微笑]好用。,,0,1778230945,逆影,71174478280,https://p3-pc.douyinpic.com/aweme/100x100/aweme-avatar/tos-cn-i-0813c001_o4AA33EIEAgoNZsfCoFDyXCewkJErAAiDCq9Aj.jpeg?from=2064092626,,0,福建
7637442764778948081,7637459362311734073,扯了，在买多买几颗重新栽,,0,1778234581,林⭕️⭕️,,https://p3-pc.douyinpic.com/aweme/100x100/aweme-avatar/tos-cn-i-0813_9842dff2f08c45069ae2176da81aa3e6.jpeg?from=2064092626,,0,山东
7637442764778948081,7637482170782008101,开水吧[捂脸][捂脸] 水浇多了,,0,1778239892,🫶ヽ(*≧ω≦)ﾉ文  無  霜  全,,https://p3-pc.douyinpic.com/aweme/100x100/aweme-avatar/tos-cn-i-0813c001_o0RhGqPYQAWGEPIBIPAFTBArA7Ls8GebeAeGLI.jpeg?from=2064092626,,0,贵州
7637442764778948081,7637448434820186890,猫砂换的是不是少了,,0,1778232037,侠哥1V4,,https://p3-pc.douyinpic.com/aweme/100x100/aweme-avatar/tos-cn-i-0813_ac6c1733a85e46a8bed096fe1fb3a4bf.jpeg?from=2064092626,,0,山东
7637442764778948081,7637480795863171899,[捂脸]就是你水太大，营养过盛，,,0,1778239571,♞陌★念♞,519208856monian,https://p3-pc.douyinpic.com/aweme/100x100/aweme-avatar/tos-cn-i-0813_o0xXnBgRbAQ0fJEeAn9muZCUSDAC8AASOdAg1L.jpeg?from=2064092626,,0,广东
7637442764778948081,7637488973447906086,烧的 是不是施肥过多了,,0,1778241475,文章,3108pnys,https://p3-pc.douyinpic.com/aweme/100x100/aweme-avatar/tos-cn-avt-0015_2ba34c500b0854bdd7f19a5ce54d8129.jpeg?from=2064092626,,0,江苏
7637442764778948081,7637464106186162981,窝尿加水[捂脸][捂脸],,0,1778235685,暗河æ小白条,King1879,https://p3-pc.douyinpic.com/aweme/100x100/aweme-avatar/tos-cn-i-0813c001_9d68a8be8b8144ebbf600adf5c0e0fb6.jpeg?from=2064092626,,0,广东
7637442764778948081,7637482070969762597,把叶叶剪完,,0,1778239868,嘿·小代同学,554923921dp,https://p3-pc.douyinpic.com/aweme/100x100/aweme-avatar/tos-cn-i-0813c000-ce_ogfUMZ6niCEFbcQIAQ7A0AApiunwfpi5DA9TEE.jpeg?from=2064092626,https://p5-sign.douyinpic.com/obj/douyin-user-image-file/7ee7f1b4fe1d42aefaa2ac2f3d0c3f3b?lk3s=7b078dd2&x-expires=1778349600&x-signature=csZbsk9GZ1zwx9J3bKd%2BVTJ%2Fw7s%3D&from=2064092626&s=sticker_comment&se=false&sc=sticker_heif&biz_tag=aweme_comment&l=202605090126189296BB50BAF887F27CCA,0,重庆
7637442764778948081,7637484390013256484,你撒尿下去施肥[捂脸],,0,1778240409,翼萱,97241625154,https://p3-pc.douyinpic.com/aweme/100x100/aweme-avatar/tos-cn-i-0813_o4phP6wiAseVAI9EwCi0AmDBgSNgAArBfM8A82.jpeg?from=2064092626,,0,广东
7637442764778948081,7637472818938430227,淹死了,,0,1778237714,沙漏,,https://p3-pc.douyinpic.com/aweme/100x100/aweme-avatar/mosaic-legacy_db59000607c2b89780d9.jpeg?from=2064092626,,0,内蒙古
7637442764778948081,7637500622669742890,水分太多了吧？,,0,1778244188,人生不过三万天,,https://p3-pc.douyinpic.com/aweme/100x100/aweme-avatar/tos-cn-i-0813_oofJfHuN3CAFjA6IAQuAyAA6U8zgOp7FDA94EG.jpeg?from=2064092626,,0,海南
7637442764778948081,7637445099144299304,太阳直射是大问题,,0,1778231261,zhaohhff,dyt4w80dsd5b,https://p3-pc.douyinpic.com/aweme/100x100/aweme-avatar/aweme_default_avatar.png.jpeg?from=2064092626,,0,四川
7637442764778948081,7637459478770434842,去药店买点蛋白滴两滴,,0,1778234608,小七,77373503635,https://p3-pc.douyinpic.com/aweme/100x100/aweme-avatar/tos-cn-avt-0015_824d4eb77a8822d7fd2e64ccbf83e896.jpeg?from=2064092626,,1,江苏
7637442764778948081,7637466105199592227,@才圆圆⁸⁰⁰⁸ 把你种大蒜的技巧传授她一下,,1,1778236151,济南在逃把子肉,79599967219,https://p3-pc.douyinpic.com/aweme/100x100/aweme-avatar/tos-cn-avt-0015_f72319537fa264308e59485043993ec7.jpeg?from=2064092626,,0,北京
7637442764778948081,7637529637619761969,这个不是鱼香吗？怎么成草莓了,,0,1778250943,8807,94108034742,https://p3-pc.douyinpic.com/aweme/100x100/aweme-avatar/tos-cn-i-0813c001_327f96364004484c85ceb4bbba7b6d34.jpeg?from=2064092626,,0,浙江
7637442764778948081,7637526643267453754,小心有人用爆炸弓[看][看],,0,1778250245,神秘人000808,45847322442,https://p3-pc.douyinpic.com/aweme/100x100/aweme-avatar/tos-cn-i-0813c001_o4A51GYf9oE0FDAeCZDOlgF0AAJpgA1IM0kAQA.jpeg?from=2064092626,,0,浙江
7637442764778948081,7637487550017356602,拔掉，重新种就好了[不看],,0,1778241143,໑ຼₒ₂₅ღ᭄ꫛ龍꧔ꦿ᭄,yyds19890309,https://p3-pc.douyinpic.com/aweme/100x100/aweme-avatar/tos-cn-i-0813c001_o0eSCo2PIIen2bTDHFoGGTeCmI4AEHeA5AAOQA.jpeg?from=2064092626,,0,辽宁
7637442764778948081,7637462102580577076,水太多了，闷根了[柴犬],,0,1778235220,同方锡膏小温,,https://p3-pc.douyinpic.com/aweme/100x100/aweme-avatar/tos-cn-i-0813_oA9DGA0FAqAI6AHpSJCFEB42ECffsASYTgDkAk.jpeg?from=2064092626,,0,广东
7637442764778948081,7637452006600721211,不要浇那么多水，换一下那土。,,0,1778232868,八、九,dyb5qol6aioz,https://p3-pc.douyinpic.com/aweme/100x100/aweme-avatar/tos-cn-i-0813_182bfc8fb35642f58091a8bf8b2ef52e.jpeg?from=2064092626,,0,河北
7637442764778948081,7637466094014726962,是不是往里面尿尿了，烧的啊,,0,1778236148,7kZz,tabuwenrou45,https://p3-pc.douyinpic.com/aweme/100x100/aweme-avatar/tos-cn-i-0813c000-ce_oYC1PQnEUBoxiAA3nnAaPqEAiAZiaIlKpMqC0.jpeg?from=2064092626,,0,天津
7637442764778948081,7637498717519676175,要尿尿浇它,,0,1778243743,西•贝,,https://p3-pc.douyinpic.com/aweme/100x100/aweme-avatar/tos-cn-avt-0015_d710dec34c5764d645144b1621697922.jpeg?from=2064092626,,0,江苏
7637442764778948081,7637499502212432697,要尿才有营养[捂脸],,0,1778243927,这名字很高端,TX_123888,https://p3-pc.douyinpic.com/aweme/100x100/aweme-avatar/tos-cn-avt-0015_095dc1bde173b9f868a379b1ede6fdf6.jpeg?from=2064092626,,0,广东
7637442764778948081,7637458036579648313,这种品种很难养,,0,1778234272,相师,54683001540,https://p3-pc.douyinpic.com/aweme/100x100/aweme-avatar/tos-cn-i-0813c000-ce_ogeBMEyPAzAIiAm0hTeiiMFpEEcfbAVKUwBZAk.jpeg?from=2064092626,,0,广东
7637442764778948081,7637497029313659697,种草莓你得养点蜜蜂,,0,1778243351,邵屹淞,,https://p3-pc.douyinpic.com/aweme/100x100/aweme-avatar/tos-cn-i-0813c001_oMAf6FGLAZa7AD6NI4oBQKAfBnEBeMSEAAE7ES.jpeg?from=2064092626,,0,山西
7637442764778948081,7637491240933737270,用五公分粗的棍子往下扎几个孔，透透气,,0,1778242003,醉里梦流年,30156202102,https://p3-pc.douyinpic.com/aweme/100x100/aweme-avatar/aweme_default_avatar.png.jpeg?from=2064092626,,0,河南
7637442764778948081,7637447544331944704,倒点过期啤酒[平安果],,0,1778231831,九,Qburuqmzcl,https://p3-pc.douyinpic.com/aweme/100x100/aweme-avatar/tos-cn-i-0813_oMoACYFlhCsIrAF9qAQQLeGAAYAdgGfD4ncDEi.jpeg?from=2064092626,,0,安徽
7637442764778948081,7637475798919955242,晒死了都,,0,1778238407,小塔,,https://p3-pc.douyinpic.com/aweme/100x100/aweme-avatar/tos-cn-i-0813_osAIAfeqDADmFAcAtGEEhyE6xCDIRUAgz39iOA.jpeg?from=2064092626,,0,浙江
7637442764778948081,7637462268020851493,我种的全死了,,0,1778235258,明月,Myt3690,https://p3-pc.douyinpic.com/aweme/100x100/aweme-avatar/tos-cn-i-0813_46cedf9a624845c38eebababa33290a7.jpeg?from=2064092626,,0,陕西
7637442764778948081,7637480921210209067,感觉有点烧苗,,0,1778239601,不要太嚣张女士゜　　　　　  🪳,jiaqi398607353,https://p3-pc.douyinpic.com/aweme/100x100/aweme-avatar/tos-cn-avt-0015_046161ec67fb6c9958454ff6ec2c2309.jpeg?from=2064092626,,0,重庆
7637442764778948081,7637489436124857139,@豆包 他这是什么原因,,0,1778241582,日行一善²⁰²⁶,w_77077,https://p3-pc.douyinpic.com/aweme/100x100/aweme-avatar/tos-cn-avt-0015_fe9950659e3d30834deba15e42c9da8a.jpeg?from=2064092626,,0,甘肃
7637442764778948081,7637482920400225034,缺磷吧,,0,1778240065,物极必反否极泰来,w758249,https://p3-pc.douyinpic.com/aweme/100x100/aweme-avatar/tos-cn-i-0813_ogdJ5ANBpCBwtuziiAAIGAEaAAH5ffVgu9IMDi.jpeg?from=2064092626,,0,广东
7637442764778948081,7637454569781969716,缺钾了[看],,0,1778233465,金的咖啡豆,nideshouhushenya,https://p3-pc.douyinpic.com/aweme/100x100/aweme-avatar/tos-cn-i-0813c001_o8CoNEbIDR3uBCG5gEf5AvAAWFqoAmAAjeN9ig.jpeg?from=2064092626,,0,河南
7637442764778948081,7637455776307938085,肥给多了烧叶,,0,1778233746,罐头,,https://p3-pc.douyinpic.com/aweme/100x100/aweme-avatar/aweme_default_avatar.png.jpeg?from=2064092626,,0,四川
7637442764778948081,7637542759117538085,淹死了[呲牙][呲牙],,0,1778253999,一次800的帅,24881505379,https://p3-pc.douyinpic.com/aweme/100x100/aweme-avatar/tos-cn-i-0813c001_ocIDnEA6kfo4ACNijhTA98AAEACOT1AEcgfF9h.jpeg?from=2064092626,,0,四川
7637442764778948081,7637528425444410149,打肾上腺素,,0,1778250660,南柯一梦,,https://p3-pc.douyinpic.com/aweme/100x100/aweme-avatar/tos-cn-avt-0015_ef1150de1e2f980723eaea6fbebd0b5c.jpeg?from=2064092626,,0,浙江
7637442764778948081,7637445304741528357,就是水太多了，浇水施肥时，不要浇叶子上,,0,1778231308,毛毛⁵¹⁰⁷⁴,,https://p3-pc.douyinpic.com/aweme/100x100/aweme-avatar/tos-cn-i-0813c000-ce_oMB9DEwiECpAcnAdIC1A2oFAydMbzEfcezAA3Q.jpeg?from=2064092626,,4,云南
7637442764778948081,7637476586497835811,水多了,,0,1778238592,四川靓号之家,teamone000,https://p3-pc.douyinpic.com/aweme/100x100/aweme-avatar/tos-cn-i-0813c001_oACw9AnC2G4bVAHI3Ce0DudDAwKeIAl2AQgArx.jpeg?from=2064092626,,0,四川
7637442764778948081,7637462830745453371,差点猫尿🐈🐈🐈🐈[捂脸][捂脸],,0,1778235389,🦄🔱南彧,KK9111111111,https://p3-pc.douyinpic.com/aweme/100x100/aweme-avatar/tos-cn-i-0813c000-ce_oo9A7EpnAoAIvAuo3ceFELhKEERfNAkpDwDwAf.jpeg?from=2064092626,,0,湖南
7637442764778948081,7637453720469226274,还是在农村好,,0,1778233266,Roeyx-0418,yu3315170,https://p3-pc.douyinpic.com/aweme/100x100/aweme-avatar/tos-cn-i-0813_ocKA8sABciLpACNA4z9oeQgAxiEpfAtBIhWNED.jpeg?from=2064092626,,0,浙江
7637442764778948081,7637477136358572849,你是不是在窗户边上,,0,1778238719,じ忘川,BL8789,https://p3-pc.douyinpic.com/aweme/100x100/aweme-avatar/mosaic-legacy_30f750005e30b30d2cfdb.jpeg?from=2064092626,,0,山东
7637442764778948081,7637473701105173285,睡太多啦,,0,1778237919,阿心快乐,axin9521,https://p3-pc.douyinpic.com/aweme/100x100/aweme-avatar/tos-cn-avt-0015_34ffb34a09a9478844ef5de57e07ba8d.jpeg?from=2064092626,,0,河南
7637442764778948081,7637496536830067491,撒泡尿上去就好了,,0,1778243236,橙源,LH1915701701,https://p3-pc.douyinpic.com/aweme/100x100/aweme-avatar/tos-cn-avt-0015_2f08707521fba9051a14e6948bbd21ef.jpeg?from=2064092626,,0,广东
7637442764778948081,7637474917998920484,不能用自来水养花花草草,,0,1778238203,咖啡☕,,https://p3-pc.douyinpic.com/aweme/100x100/aweme-avatar/tos-cn-i-0813_eafd971111c34d3e98ed0e6b1e701b90.jpeg?from=2064092626,,0,四川
7637442764778948081,7637468867337929482,听话，拔了重新种[看],,0,1778236794,天儿,Txt19921225,https://p3-pc.douyinpic.com/aweme/100x100/aweme-avatar/tos-cn-avt-0015_a644cd33460c1e65c069e21a3c466444.jpeg?from=2064092626,,0,浙江
7637442764778948081,7637495878722454321,浇水浇多了吧,,0,1778243082,三斤🐶,Z781929322,https://p3-pc.douyinpic.com/aweme/100x100/aweme-avatar/tos-cn-avt-0015_cd0a5d6b9966316fcc69e9d2de591f0a.jpeg?from=2064092626,,0,山东
7637442764778948081,7637460032523567891,肥肥肥，加肥,,0,1778234737,风中找感觉,,https://p3-pc.douyinpic.com/aweme/100x100/aweme-avatar/tos-cn-i-0813_b3d5b6db2a18494189638c9921585fa9.jpeg?from=2064092626,,0,贵州
7637442764778948081,7637526390792160000,决赛圈饮料没用了，得止疼药或者肾上腺素了[看],,0,1778250187,清野·明川,AABB090_,https://p3-pc.douyinpic.com/aweme/100x100/aweme-avatar/tos-cn-i-0813_oIDiPaUjEB9AN87CaaWBfAFeUaAiAATgANJ0In.jpeg?from=2064092626,,0,吉林
7637442764778948081,7637513529163809585,没有办法，长势喜人[呲牙][呲牙][呲牙],"['https://p5-ex-gddgtc-sign.douyinpic.com/tos-cn-i-p14lwwcsbr/b0fc1055cdbf4f35bf1fa6d3538fa4ba~tplv-p14lwwcsbr-7.image?lk3s=7b078dd2&x-expires=1778349600&x-signature=ROT40w7M92WKJlKDKBKroU%2B%2Fz0w%3D&from=2064092626&se=false&sc=image&biz_tag=aweme_comment&l=202605090126223FF14DBC726A29018D7A', 'https://p26-sign.douyinpic.com/tos-cn-i-p14lwwcsbr/b0fc1055cdbf4f35bf1fa6d3538fa4ba~tplv-p14lwwcsbr-7.image?lk3s=7b078dd2&x-expires=1778349600&x-signature=Lvwuj7oLycSLIVqckRfd6GH6Elg%3D&from=2064092626&se=false&sc=image&biz_tag=aweme_comment&l=202605090126223FF14DBC726A29018D7A', 'https://p11-sign.douyinpic.com/tos-cn-i-p14lwwcsbr/b0fc1055cdbf4f35bf1fa6d3538fa4ba~tplv-p14lwwcsbr-7.image?lk3s=7b078dd2&x-expires=1778349600&x-signature=6sZavBOcTATzTQ4Pte6cgn2hQoA%3D&from=2064092626&se=false&sc=image&biz_tag=aweme_comment&l=202605090126223FF14DBC726A29018D7A', 'https://p5-ex-gddgtc-sign.douyinpic.com/tos-cn-i-p14lwwcsbr/b0fc1055cdbf4f35bf1fa6d3538fa4ba~tplv-p14lwwcsbr-7.jpeg?lk3s=7b078dd2&x-expires=1778349600&x-signature=yxoPooB6EWDA%2BQv8s6zTQ1R9bnE%3D&from=2064092626&se=false&sc=image&biz_tag=aweme_comment&l=202605090126223FF14DBC726A29018D7A']",0,1778247192,神鹰,zhoudingan,https://p3-pc.douyinpic.com/aweme/100x100/aweme-avatar/tos-cn-avt-0015_e685b3b486464fc8e09d7dba9a64eb25.jpeg?from=2064092626,,0,浙江
7637442764778948081,7637484233338503994,قايم جە,,0,1778240371,哪一夜,30025096499,https://p3-pc.douyinpic.com/aweme/100x100/aweme-avatar/tos-cn-i-0813c000-ce_og9haA88RnA27iI0DbifECwTzJYAMBE6eAB6AO.jpeg?from=2064092626,,0,新疆
7637442764778948081,7637498411935630118,老黑  涡帕尿进去,,0,1778243673,柚梨捶仔柿,18780948680zhang,https://p3-pc.douyinpic.com/aweme/100x100/aweme-avatar/tos-cn-i-0813c000-ce_oYf0vFeDAEB8ujziXQiDSEAaEdAzIwCxaIAnBA.jpeg?from=2064092626,,0,四川
7637442764778948081,7637474211880272686,@豆包 豆包告诉我爱播为什么叶子干了,,0,1778238038,爱猫吖,60582379697,https://p3-pc.douyinpic.com/aweme/100x100/aweme-avatar/tos-cn-i-0813c001_oAAAJEHZPBABemQ3ADEGHckfFAlIaQf7VBPY46.jpeg?from=2064092626,,0,广西
7637442764778948081,7637485060485759770,草莓:吖燥的快灌死,,0,1778240563,Bury,Z03816t,https://p3-pc.douyinpic.com/aweme/100x100/aweme-avatar/tos-cn-avt-0015_aa769ead0d62ac31172224a4d679722c.jpeg?from=2064092626,,0,陕西
7637442764778948081,7637475315871040293,用田里的土,,0,1778238295,心系一座城、情系一个人,liang2020.01.27,https://p3-pc.douyinpic.com/aweme/100x100/aweme-avatar/tos-cn-i-0813c000-ce_oI7yDfimAETeIuXeFAowFEzJEx9VAAa5DEbA08.jpeg?from=2064092626,,0,广东
7637442764778948081,7637443936474530597,老黑你是在弄莲藕嘛，搞这么多水,,0,1778230988,拾柒岁的天空,,https://p3-pc.douyinpic.com/aweme/100x100/aweme-avatar/tos-cn-i-0813_26769b07e463426da597b164674c0476.jpeg?from=2064092626,,1,湖北
7637442764778948081,7637450487884858170,烧死了,,0,1778232514,亮亮………,,https://p3-pc.douyinpic.com/aweme/100x100/aweme-avatar/mosaic-legacy_836b001602331033590b.jpeg?from=2064092626,,0,江苏
7637442764778948081,7637452757678654266,用手抠一抠,,0,1778233043,正北上街,,https://p3-pc.douyinpic.com/aweme/100x100/aweme-avatar/tos-cn-avt-0015_732b8edf23830a066dd2ebc9a1f4de0f.jpeg?from=2064092626,,0,四川
7637442764778948081,7637465233645437733,缺肥,,0,1778235948,Ty℃,,https://p3-pc.douyinpic.com/aweme/100x100/aweme-avatar/tos-cn-i-0813_77139f3e691a472488cc92db6655fa95.jpeg?from=2064092626,,0,广东
7637442764778948081,7637448967785546545,施肥，水分不要太足，容易烂根,,0,1778232160,了无痕（做人要善良）,W416789450,https://p3-pc.douyinpic.com/aweme/100x100/aweme-avatar/tos-cn-i-0813_o0AAZ4EIEAgnuw8fTWFCxyDwlqqUBAApDCV9Ae.jpeg?from=2064092626,,0,广东
7637442764778948081,7637542466346861361,缺乏爱情的滋润,,0,1778253931,柳葉刀⁸⁰⁰⁸,,https://p3-pc.douyinpic.com/aweme/100x100/aweme-avatar/tos-cn-avt-0015_dfd93e2686c9e507cf18582c85d89d94.jpeg?from=2064092626,,0,广东
7637442764778948081,7637498494236427067,水太多了淹死了,,0,1778243691,叐,Sj983,https://p3-pc.douyinpic.com/aweme/100x100/aweme-avatar/tos-cn-i-0813_ootmCmeGMIeB2lZDI5PWCNpcaIfApIfALAA3QA.jpeg?from=2064092626,,0,河北
7637442764778948081,7637508814838203174,缺营养了,,0,1778246095,晚睡,,https://p3-pc.douyinpic.com/aweme/100x100/aweme-avatar/tos-cn-i-0813c001_oIAHWMrfeziIDNAICTBULTiiAZK6gA5ElmSAIA.jpeg?from=2064092626,,0,重庆
7637442764778948081,7637509481840771883,你尿尿一下就好了,,0,1778246250,0000019559,49075019559,https://p3-pc.douyinpic.com/aweme/100x100/aweme-avatar/tos-cn-avt-0015_f64a8bac33bd1bd901788fdff19789a1.jpeg?from=2064092626,,0,福建
7637442764778948081,7637451316616414010,你的肥料过肥了[撇嘴],,0,1778232707,Duty·Zeal,M.w9277,https://p3-pc.douyinpic.com/aweme/100x100/aweme-avatar/tos-cn-avt-0015_d765f11ba2f9eaa0e0981291aaa6c696.jpeg?from=2064092626,,0,天津
7637442764778948081,7637469347728212785,年龄大了,,0,1778236905,◢▂亝昸④榎▂◣,,https://p3-pc.douyinpic.com/aweme/100x100/aweme-avatar/tos-cn-i-0813_38bf33c4bf124e08883c3211f31c561a.jpeg?from=2064092626,,0,甘肃
7637442764778948081,7637496745174123301,水多了,,0,1778243284,海仔哥,piag,https://p3-pc.douyinpic.com/aweme/100x100/aweme-avatar/tos-cn-i-0813c001_0ab5aed8084543a39328bacfe93ea0b0.jpeg?from=2064092626,,0,广东
7637442764778948081,7637450941214409509,用滴流灌溉,,0,1778232620,水果先生,,https://p3-pc.douyinpic.com/aweme/100x100/aweme-avatar/aweme_default_avatar.png.jpeg?from=2064092626,,0,广东
7637442764778948081,7637541972508787493,营养太足了。叶子都烧黄了,,0,1778253815,🌈㐓㤅🌈,,https://p3-pc.douyinpic.com/aweme/100x100/aweme-avatar/tos-cn-i-0813_ognNENizfzA3IAA9ASfJA9lABAOgtCBQIXtxBh.jpeg?from=2064092626,,0,陕西
7637442764778948081,7637444307638584101,[捂脸][捂脸][捂脸]一把尿下就好了,,0,1778231075,臭小子,dywowfzpsy7n,https://p3-pc.douyinpic.com/aweme/100x100/aweme-avatar/tos-cn-avt-0015_a5ce198e185b2daf5680ba659806d7c0.jpeg?from=2064092626,,0,广东
7637442764778948081,7637530368547865381,水浇多了 会死的，,,0,1778251113,ℳঞ别来ꦿ无恙꧔ꦿꦿ᭄ﻬ,3344C5201314,https://p3-pc.douyinpic.com/aweme/100x100/aweme-avatar/tos-cn-avt-0015_d6c9db7889fb1f8a1528d3430e663b3e.jpeg?from=2064092626,,0,江苏
7637442764778948081,7637448616088650545,上啤酒吧,,0,1778232078,陆楠,Captain_Jack_V,https://p3-pc.douyinpic.com/aweme/100x100/aweme-avatar/tos-cn-avt-0015_c6df3fa51c7b43cbf878c322865cb54d.jpeg?from=2064092626,,0,山西
7637442764778948081,7637456319310775086,你的水哪充足啊，我怎么不知道[捂脸],,0,1778233873,喵喵！,54236854154,https://p3-pc.douyinpic.com/aweme/100x100/aweme-avatar/tos-cn-i-0813c001_o0vAqK63AqXBdbEN76eEBDRUvIQBIALeAGAveG.jpeg?from=2064092626,,0,四川
7637442764778948081,7637446148715217679,阳气太足了，,,0,1778231506,不要问，往前看,dy4yb4xnzdm3,https://p3-pc.douyinpic.com/aweme/100x100/aweme-avatar/tos-cn-i-0813_o0fNDp7GBsDvrfQEW1FfVIA9B6AuQAE16hAGBA.jpeg?from=2064092626,,0,山东
7637442764778948081,7637459947954357041,下市了下半年才有了,,0,1778234718,绵阳泵师,mianyangbeng,https://p3-pc.douyinpic.com/aweme/100x100/aweme-avatar/tos-cn-i-0813c000-ce_osFEdpDBFAvIuLxfA9lsACoAIvrIQnAfwpJ1xE.jpeg?from=2064092626,,0,江苏
7637442764778948081,7637470061577880354,蛋要蒜薹不,,0,1778237072,嚣张的张,,https://p3-pc.douyinpic.com/aweme/100x100/aweme-avatar/tos-cn-i-0813_6a29aff867664a41bc542f15ff9dd1a1.jpeg?from=2064092626,,0,上海
7637442764778948081,7637542418380292864,要撒尿啊[捂脸],,0,1778253919,折耳根,,https://p3-pc.douyinpic.com/aweme/100x100/aweme-avatar/tos-cn-i-0813_o8djfpAFfACQAwD8AHnNxRQg4F9wvpQAADEIA8.jpeg?from=2064092626,,0,贵州
7637442764778948081,7637459127165928234,多给点阳光,,0,1778234527,无微不 至,,https://p3-pc.douyinpic.com/aweme/100x100/aweme-avatar/mosaic-legacy_2f5fe0006464966b80c22.jpeg?from=2064092626,,0,河南
7637442764778948081,7637490030101087030,用啤酒瓶，突突它,,0,1778241721,🔥柯楠🔥🐶🤙🏽🤙🏽🤙🏽,,https://p3-pc.douyinpic.com/aweme/100x100/aweme-avatar/tos-cn-avt-0015_a510f500fb6b463e416fc2b2845c5e07.jpeg?from=2064092626,,0,天津
7637442764778948081,7637464134140953393,不要天天浇水,,0,1778235691,仰穆已久~,wozui6liu6,https://p3-pc.douyinpic.com/aweme/100x100/aweme-avatar/tos-cn-i-0813c001_ooTt8AAYyBAq3rlwCNfhgvzgAuAe3HAIEit0CF.jpeg?from=2064092626,,0,山西
7637442764778948081,7637449907478479653,水太多了！淹死了[戳手手][戳手手][戳手手][戳手手][戳手手],,0,1778232380,久久💞ــــﮩﮩ٨,yongjiu27,https://p3-pc.douyinpic.com/aweme/100x100/aweme-avatar/tos-cn-i-0813c000-ce_oIAfkJoHDIDNdQ1DAzFAez9a0EfYpAEEE1w3A0.jpeg?from=2064092626,,0,江苏
7637442764778948081,7637473751815193386,水太多了[微笑],,0,1778237932,小心我有毒,,https://p3-pc.douyinpic.com/aweme/100x100/aweme-avatar/tos-cn-i-0813_oMuC4Af2EUQAYe7BBWA8IyFEVYAmAOT5DJBfEr.jpeg?from=2064092626,,0,山西
7637442764778948081,7637470417464869686,给你偷偷邮寄点东北黑土,,0,1778237155,爱吹牛的小熊,aaabcdaa,https://p3-pc.douyinpic.com/aweme/100x100/aweme-avatar/tos-cn-i-0813_o0EqAgJ5XeHARBoAIJDnJ3b0QAfGANnYBamf27.jpeg?from=2064092626,,0,吉林
7637442764778948081,7637490340849451811,指定是谁在隔壁楼顶用爆炸烈弓给你炸的 那大狙搂他,,0,1778241794,Hope 㞮孞,30052192256,https://p3-pc.douyinpic.com/aweme/100x100/aweme-avatar/tos-cn-i-0813c001_oE85fADTfGBA0F9lmrRCtADAgEZPCsIIAApxEt.jpeg?from=2064092626,,0,广东
7637442764778948081,7637490876226568997,缺肥,,0,1778241917,妖神,837901357a,https://p3-pc.douyinpic.com/aweme/100x100/aweme-avatar/tos-cn-avt-0015_fe44c5f2d5c72929f20d08b9effba789.jpeg?from=2064092626,,0,重庆
7637442764778948081,7637460483474096911,这是盐宫导致。,,0,1778234842,渡心,dyn8xc8pt5al,https://p3-pc.douyinpic.com/aweme/100x100/aweme-avatar/tos-cn-avt-0015_567de7e98d11191744ea257c17bc75a7.jpeg?from=2064092626,,0,日本
7637442764778948081,7637458286321763130,我是草莓研究所的要不私聊！,,0,1778234330,🥰🌈🌈🌈隔壁王叔🌈🌈🌈😘,dyk6f74waxns,https://p3-pc.douyinpic.com/aweme/100x100/aweme-avatar/tos-cn-i-0813c001_ow2EShnrAzwrADJvVVfCgCIh9AOoABVNAACkAe.jpeg?from=2064092626,,0,河北
7637442764778948081,7637450923561173818,@豆包 为什么干巴,,0,1778232617,秋刀鱼（努力版）,tangzc030730,https://p3-pc.douyinpic.com/aweme/100x100/aweme-avatar/tos-cn-avt-0015_04f65ad7c596380163c002939bfecb0e.jpeg?from=2064092626,,0,福建
7637442764778948081,7637518350763737914,浇点钾肥,,0,1778248314,海闊天空,zhaoh80,https://p3-pc.douyinpic.com/aweme/100x100/aweme-avatar/tos-cn-i-0813_f96000ba525945d1ae1a655e21739ff7.jpeg?from=2064092626,,0,山东
7637442764778948081,7637477020495102771,水多了,,0,1778238693,༊დ᭄重启ঞᩚ,,https://p3-pc.douyinpic.com/aweme/100x100/aweme-avatar/tos-cn-i-0813c001_ocIBz4A76kNIAC4XhuIAgjAAiDNBBTAEKgfieB.jpeg?from=2064092626,,0,广东
7637442764778948081,7637489608540570418,尿点尿,,0,1778241623,李大爷（有低保)²⁰²⁶⑧⑧,,https://p3-pc.douyinpic.com/aweme/100x100/aweme-avatar/tos-cn-i-0813_oIVgRAI7iiAgH4IyB6AxHDhAE1iAz3lAAaAPP.jpeg?from=2064092626,,0,广东
7637442764778948081,7637450853100012330,给你邮点我们丹东九九草莓苗吧[杀马特],,0,1778232601,1008.,whm_1008,https://p3-pc.douyinpic.com/aweme/100x100/aweme-avatar/tos-cn-avt-0015_9319aa710ddf14698235f017f037ccdf.jpeg?from=2064092626,,4,辽宁
7637442764778948081,7637459943231439675,用淘米水呢,,0,1778234716,👧酷野阿姨,,https://p3-pc.douyinpic.com/aweme/100x100/aweme-avatar/tos-cn-avt-0015_5028c2f3fe5d5eaced68ccd7af1e0ac2.jpeg?from=2064092626,,0,贵州
7637442764778948081,7637466430283596550,晚上窝点尿，放那里淋一下,,0,1778236226,胡圗,hmt7788,https://p3-pc.douyinpic.com/aweme/100x100/aweme-avatar/tos-cn-i-0813c001_okYFfAC6Eo9CB7A8Xfi0lIZDpvAn3DymZAEgAA.jpeg?from=2064092626,,0,浙江
7637442764778948081,7637551868852536113,给它尿尿就好了,,0,1778256120,小小小小小小小鸟,,https://p3-pc.douyinpic.com/aweme/100x100/aweme-avatar/mosaic-legacy_2cd67000175ecabbeabbb.jpeg?from=2064092626,,0,四川
7637442764778948081,7637512718598374154,烧苗哒,,0,1778247004,请叫我华哥,Czh76529,https://p3-pc.douyinpic.com/aweme/100x100/aweme-avatar/tos-cn-avt-0015_290d3c714d63cd1cf7aaa4f3872fd674.jpeg?from=2064092626,,0,广东
7637442764778948081,7637499526144803641,烂根了,,0,1778243932,待你长发及腰¹²²⁷,,https://p3-pc.douyinpic.com/aweme/100x100/98800028f4151c2565d8.jpeg?from=2064092626,,0,福建
7637442764778948081,7637462027309400878,营养不良,,0,1778235205,下流,80829060445,https://p3-pc.douyinpic.com/aweme/100x100/aweme-avatar/tos-cn-i-0813_oMEAVkLA0CcArg9qfBIAC8DAQxnCHlAsHberCC.jpeg?from=2064092626,,0,浙江
7637442764778948081,7637445611553489714,撒泡尿下去就好了[捂脸],,0,1778231379,K✨,,https://p3-pc.douyinpic.com/aweme/100x100/aweme-avatar/tos-cn-i-0813_ooCOEkzAIJeLnBIAsAGIZQCA7P7iGBAsBeRQfG.jpeg?from=2064092626,,0,广东
7637442764778948081,7637467626859610929,太阳太大了,,0,1778236505,🐍Superman🌺🌺🌺🌺🌺,,https://p3-pc.douyinpic.com/aweme/100x100/aweme-avatar/mosaic-legacy_20b4100052da53da0ac62.jpeg?from=2064092626,,0,贵州
7637442764778948081,7637476118069429032,买的种子，种出来的吧,,0,1778238483,ꦿღ夕᭄ꦿღ阳᭄🌇ꦿღ再᭄ꦿღ美᭄,xiyangzaimei55,https://p3-pc.douyinpic.com/aweme/100x100/aweme-avatar/tos-cn-i-0813c001_aad0b46f996048708a5915c95ff2cae7.jpeg?from=2064092626,,0,广东
7637442764778948081,7637505113670288185,打杀菌药啊,,0,1778245233,宿,22996817220,https://p3-pc.douyinpic.com/aweme/100x100/aweme-avatar/aweme_default_avatar.png.jpeg?from=2064092626,,0,甘肃
7637442764778948081,7637474887510950696,尿浇了没,,0,1778238197,辣条,wode18628,https://p3-pc.douyinpic.com/aweme/100x100/aweme-avatar/tos-cn-i-0813c001_okDiEDiBAifAF1tA00GoAXpISAiuyeA9IVCb7g.jpeg?from=2064092626,,0,安徽
7637442764778948081,7637452891788296979,需要施肥,,0,1778233075,周先生᭄゛ঞ,44385468584,https://p3-pc.douyinpic.com/aweme/100x100/aweme-avatar/tos-cn-i-0813_o8CaAQVEs8AAFAUAEmDnqnbwIASSgJffACR0D9.jpeg?from=2064092626,,0,贵州
7637442764778948081,7637467210311893787,肥料多了烧死了[捂脸],,0,1778236409,听风者,,https://p3-pc.douyinpic.com/aweme/100x100/aweme-avatar/tos-cn-avt-0015_79abca6abd95a19faa189ee8b250ae30.jpeg?from=2064092626,,0,江苏
7637442764778948081,7637454751101780779,我之前多多买的草莓，用的种花的土，把草莓的根给烧了，叶子就那样了，问卖家说的不能用种花的土[捂脸][捂脸],,0,1778233507,微,,https://p3-pc.douyinpic.com/aweme/100x100/aweme-avatar/mosaic-legacy_1e151000168c86dd28d32.jpeg?from=2064092626,,2,新疆
7637442764778948081,7637465935352480538,鱼蛋白，氨基酸,,0,1778236112,斯文·孙,,https://p3-pc.douyinpic.com/aweme/100x100/aweme-avatar/tos-cn-avt-0015_1f7495722c0aa80736e8e457bbd054d9.jpeg?from=2064092626,,0,辽宁
7637442764778948081,7637493097564128034,买点鲜草莓，放盆里，不就高兴了[捂脸][捂脸],,0,1778242435,铁骨铮铮,47939344690,https://p3-pc.douyinpic.com/aweme/100x100/aweme-avatar/tos-cn-i-0813c001_o8FAgEkDgrACorWFfAp9AAA6IJIzYRQUABKCeN.jpeg?from=2064092626,,0,山东
7637442764778948081,7637498283203740416,菜园子专业种菜,,0,1778243642,心誓缘,,https://p3-pc.douyinpic.com/aweme/100x100/aweme-avatar/tos-cn-i-0813_o0hDhZAAdLYeAIIACcNf2pAArII3eCVGQzDXfK.jpeg?from=2064092626,,0,黑龙江
7637442764778948081,7637510741713863459,淹死了,,0,1778246544,人生的味道⁵¹⁰⁷⁴,,https://p3-pc.douyinpic.com/aweme/100x100/aweme-avatar/tos-cn-i-0813_59b35523feb5437e9e471c6323cff8c7.jpeg?from=2064092626,,0,江苏
7637442764778948081,7637444938285105977,不要一直浇水,,0,1778231224,多久,x19888958013,https://p3-pc.douyinpic.com/aweme/100x100/aweme-avatar/tos-cn-avt-0015_bb39225175124affa154e034d9c6740f.jpeg?from=2064092626,,0,陕西
7637442764778948081,7637464974344438565,水多了,,0,1778235888,无名之刃,lan8797324,https://p3-pc.douyinpic.com/aweme/100x100/aweme-avatar/tos-cn-i-0813c000-ce_oEo30hA4IEGPeCAESWoACDmEQQo1eSAfwAHFC9.jpeg?from=2064092626,,0,河南
7637442764778948081,7637534741021410088,这样都要淹死了[捂脸],,0,1778252132,🌈LiECheng,,https://p3-pc.douyinpic.com/aweme/100x100/aweme-avatar/tos-cn-avt-0015_c6f11b4c5051f5111c3e975b77f83fe8.jpeg?from=2064092626,,0,广东
7637442764778948081,7637464326810895138,张老黑,,0,1778235737,无望,z613902,https://p3-pc.douyinpic.com/aweme/100x100/aweme-avatar/tos-cn-i-0813c001_oMIAOp2AqC0AQg9otdQAGFEA4nD9nxAe7fQPBD.jpeg?from=2064092626,,0,广东
7637442764778948081,7637457076990477119,品种不对,,0,1778234049,瑞乐 113,gorilla113,https://p3-pc.douyinpic.com/aweme/100x100/aweme-avatar/tos-cn-i-0813_oUSv2fsbjI0ADACfeIXLpGMIQbGAwwAOZAe6Yi.jpeg?from=2064092626,,0,广东
7637442764778948081,7637486905525371705,水多了不好[捂脸],,0,1778240994,Ben...,,https://p3-pc.douyinpic.com/aweme/100x100/aweme-avatar/tos-cn-i-0813_ocIen9CkTram08BluaFnggAACeAbAEoAOQARDU.jpeg?from=2064092626,,0,广东
7637442764778948081,7637500022129722112,不用天天澆啊[黑脸][黑脸],,0,1778244048,🦁🖤,35320909451,https://p3-pc.douyinpic.com/aweme/100x100/aweme-avatar/tos-cn-avt-0015_5f5d3bcc8d68475f662e3c1ff1990554.jpeg?from=2064092626,,0,中国台湾
7637442764778948081,7637445021579232040,太阳晒的,,0,1778231242,陪你向阳而生.,52594941082,https://p3-pc.douyinpic.com/aweme/100x100/aweme-avatar/tos-cn-i-0813_owAdqFEgNsAiTiGxCveJywfWAOB1ACAIYAwzVA.jpeg?from=2064092626,,0,四川
7637442764778948081,7637467292654224155,太肥了,,0,1778236427,故渊,JG40000040,https://p3-pc.douyinpic.com/aweme/100x100/aweme-avatar/tos-cn-i-0813c001_o8ABYwGqLASVZWykA70fAEuB56fEIEAeASLjUI.jpeg?from=2064092626,,0,四川
7637442764778948081,7637500534156575526,水太多了,,0,1778244166,倾埫,yy17768888,https://p3-pc.douyinpic.com/aweme/100x100/aweme-avatar/tos-cn-i-0813_bf58ef0e57c0482ab2b64be6df7b7e33.jpeg?from=2064092626,,0,内蒙古
7637442764778948081,7637569191629456178,打个肾上腺素就好了,,0,1778260155,🌈 🌈简单一点🌈🌈,W199376,https://p3-pc.douyinpic.com/aweme/100x100/aweme-avatar/tos-cn-avt-0015_119a9bd90dab18825cd59c9b8df8763b.jpeg?from=2064092626,,0,江苏
7637442764778948081,7637469119805817600,问才圆圆,,0,1778236853,涅槃重生2,93044945488,https://p3-pc.douyinpic.com/aweme/100x100/aweme-avatar/tos-cn-avt-0015_4825233633f86ae382495279479c045c.jpeg?from=2064092626,,0,北京
7637442764778948081,7637528306422973234,3天一次水就可以,,0,1778250633,sky,66371462546,https://p3-pc.douyinpic.com/aweme/100x100/aweme-avatar/tos-cn-avt-0015_2b4b9af2747c566f1e2d22f6affdf54e.jpeg?from=2064092626,,0,黑龙江
7637442764778948081,7637450329806488335,用豆包啊,,0,1778232479,Lෆiuᥫᩣ,,https://p3-pc.douyinpic.com/aweme/100x100/aweme-avatar/tos-cn-avt-0015_9a6d0cded763f5ba2b5d8d7997a51d75.jpeg?from=2064092626,,0,湖北
7637442764778948081,7637448590872789797,给它喂点粑粑[看][看][看],,0,1778232072,🔱守望w,,https://p3-pc.douyinpic.com/aweme/100x100/aweme-avatar/tos-cn-i-0813_ogVBiCpwOA5AkAZREAAPifU6CzCg0IAC9AXegr.jpeg?from=2064092626,,0,贵州
7637442764778948081,7637491501324649258,跟你一样，干巴了[呲牙],,0,1778242064,心不狠，站不稳♛,jiudian176350,https://p3-pc.douyinpic.com/aweme/100x100/aweme-avatar/tos-cn-i-0813c001_oEALAbymnADleALALQDoKwEI0CCIOfkgEt9uCA.jpeg?from=2064092626,,0,北京
7637442764778948081,7637450716571288369,打可乐试试[看],,0,1778232568,🍓甜酒吖🍓,h5j5j,https://p3-pc.douyinpic.com/aweme/100x100/aweme-avatar/tos-cn-avt-0015_2368325b72778c1c87d32916d624be59.jpeg?from=2064092626,,0,湖南
7637442764778948081,7637514506939138851,涝死了,,0,1778247420,大姜,dajiang84362,https://p3-pc.douyinpic.com/aweme/100x100/aweme-avatar/tos-cn-i-0813c001_oQVVAufBDE2demzA2g8WBKZsVCEAkiAAiAAiIg.jpeg?from=2064092626,,0,山东
7637442764778948081,7637470293656830762,上肥料,,0,1778237126,_𝙡̶𝙤̶̶̶𝙫̶̶̶𝙚王先生,5201111cfpl,https://p3-pc.douyinpic.com/aweme/100x100/aweme-avatar/tos-cn-avt-0015_e89ae5c6463834d3d3ac490e4c00217d.jpeg?from=2064092626,,0,安徽
7637442764778948081,7637472921678955304,水多了,,0,1778237738,伟吉祥,wjxlww,https://p3-pc.douyinpic.com/aweme/100x100/aweme-avatar/tos-cn-i-0813_oIAAocuAwiIpB7l1naBmIgv6iP4HAWR3AiqEp.jpeg?from=2064092626,,0,贵州
7637442764778948081,7637496343523033905,烂根了,,0,1778243191,এ Xing王Ming凯,66668888wk.,https://p3-pc.douyinpic.com/aweme/100x100/aweme-avatar/tos-cn-avt-0015_65d9f4c601b152d90fc7817c43780c33.jpeg?from=2064092626,,0,江苏
7637442764778948081,7637462677496890158,水浇多了,,0,1778235352,竹叶‘,zhuye43258,https://p3-pc.douyinpic.com/aweme/100x100/aweme-avatar/mosaic-legacy_284e7000625bde48058ca.jpeg?from=2064092626,,0,云南
7637442764778948081,7637446282772579115,缼点尿素,,0,1778231536,ღ°河粉᭄ꦿ࿐,ting8011,https://p3-pc.douyinpic.com/aweme/100x100/aweme-avatar/tos-cn-i-0813_oMKAAalI2CQndCfNgkDqjbDjeAA9AANSQJHXAE.jpeg?from=2064092626,,0,广东
7637442764778948081,7637467653301371700,水不要太多了，,,0,1778236512,哥的忧伤你不懂。,,https://p3-pc.douyinpic.com/aweme/100x100/aweme-avatar/tos-cn-i-0813c001_oo7P2XREgAaiAgBJYcDRrB04CITACP6iAAIcP.jpeg?from=2064092626,,0,浙江
7637442764778948081,7637483473050485547,水浇多了老铁[呲牙],,0,1778240195,ℋღ᭄ 张 有 鱼  ࿐🐟,yuguotianqing686,https://p3-pc.douyinpic.com/aweme/100x100/aweme-avatar/tos-cn-i-0813c001_o8oAIexAADEuYgAAo1oCfFZ6WAC9bQob9tHRZA.jpeg?from=2064092626,,0,四川
7637442764778948081,7637507943818986297,窝尿啊,,0,1778245891,半只🦊,51234212548,https://p3-pc.douyinpic.com/aweme/100x100/aweme-avatar/tos-cn-i-0813_okf9JsDCJAriwxDLAhS8N6gEnbAxeAAHwCAlTI.jpeg?from=2064092626,,0,福建
7637442764778948081,7637482200704090937,拿到西昌来，我帮你养,,0,1778239898,M_Aug18_Lib .ଳ,M.Doudou.,https://p3-pc.douyinpic.com/aweme/100x100/aweme-avatar/tos-cn-avt-0015_c07b51c5b49e5e7af716f9f807501159.jpeg?from=2064092626,,0,四川
7637442764778948081,7637492210779538225,是不是浇肥料的时候浇到叶子上了,,0,1778242229,海岛北纬18°,,https://p3-pc.douyinpic.com/aweme/100x100/aweme-avatar/tos-cn-i-0813c001_o4AEAlRCmoWDA4e91BIAcVANLFgbflAFAChEan.jpeg?from=2064092626,,0,海南
7637442764778948081,7637481716239893307,水多了啊,,0,1778239785,kimi 🌾,,https://p3-pc.douyinpic.com/aweme/100x100/aweme-avatar/tos-cn-i-0813c000-ce_o49yAFsiqdE3wAj0AbAIeVgilfCGvsAeEBmEw2.jpeg?from=2064092626,,0,辽宁
7637442764778948081,7637481071760147237,豆包,,0,1778239635,Zhanᴗg·ᰔᩚ💕,Zcb.666,https://p3-pc.douyinpic.com/aweme/100x100/aweme-avatar/tos-cn-i-0813c000-ce_oInCzNjADgyDCRfzAAA9WofFAcEFOAEowEYIgh.jpeg?from=2064092626,,0,辽宁
7637442764778948081,7637517279810552634,疫病,,0,1778248065,烤地瓜,88138303497,https://p3-pc.douyinpic.com/aweme/100x100/aweme-avatar/aweme_default_avatar.png.jpeg?from=2064092626,,0,辽宁
7637442764778948081,7637504160506004258,被我摘回来了[呲牙][呲牙][呲牙],"['https://p3-sign.douyinpic.com/tos-cn-i-p14lwwcsbr/f6842f36999047229abbe253308d88a9~tplv-p14lwwcsbr-7.image?lk3s=7b078dd2&x-expires=1778349600&x-signature=1KWq6rtem06%2FU4C2Xk6w4ClxzlY%3D&from=2064092626&se=false&sc=image&biz_tag=aweme_comment&l=20260509012630C7640705E4C390DEC5CF', 'https://p26-sign.douyinpic.com/tos-cn-i-p14lwwcsbr/f6842f36999047229abbe253308d88a9~tplv-p14lwwcsbr-7.image?lk3s=7b078dd2&x-expires=1778349600&x-signature=vj%2BCPn%2FQHWqqRHnegid2CeNHDK0%3D&from=2064092626&se=false&sc=image&biz_tag=aweme_comment&l=20260509012630C7640705E4C390DEC5CF', 'https://p5-ex-gddgtc-sign.douyinpic.com/tos-cn-i-p14lwwcsbr/f6842f36999047229abbe253308d88a9~tplv-p14lwwcsbr-7.image?lk3s=7b078dd2&x-expires=1778349600&x-signature=%2FaWmQQ20hqdAXxUdXUfipc01vwA%3D&from=2064092626&se=false&sc=image&biz_tag=aweme_comment&l=20260509012630C7640705E4C390DEC5CF', 'https://p3-sign.douyinpic.com/tos-cn-i-p14lwwcsbr/f6842f36999047229abbe253308d88a9~tplv-p14lwwcsbr-7.jpeg?lk3s=7b078dd2&x-expires=1778349600&x-signature=gW2aZf0DcP2Fbn4fo%2F28EBWRBEk%3D&from=2064092626&se=false&sc=image&biz_tag=aweme_comment&l=20260509012630C7640705E4C390DEC5CF']",0,1778245011,☞零度☜,w..036,https://p3-pc.douyinpic.com/aweme/100x100/aweme-avatar/tos-cn-i-0813_oUAAVDPdLBAufVLEAnEPHJX7eAeIaQb74B0vsS.jpeg?from=2064092626,,0,广东
7637442764778948081,7637537784751883057,来把尿素,,0,1778252839,放.....过,,https://p3-pc.douyinpic.com/aweme/100x100/aweme-avatar/mosaic-legacy_2d23d0000ee7bc19d88e3.jpeg?from=2064092626,,0,陕西
7637442764778948081,7637552719968666405,[捂脸][捂脸][捂脸],,0,1778256318,陈先生,58171473746,https://p3-pc.douyinpic.com/aweme/100x100/aweme-avatar/tos-cn-i-0813_oMCBZmGeLAqvoViYA7kmAEDBSVZIQGAeAOlfFI.jpeg?from=2064092626,,0,广东
7637442764778948081,7637523592124891953,闷根了,,0,1778249534,花植空间设计,,https://p3-pc.douyinpic.com/aweme/100x100/aweme-avatar/tos-cn-avt-0015_8ac78b4dc670c4f85c823c6398e3d0ae.jpeg?from=2064092626,,0,安徽
7637442764778948081,7637463862606398265,做个太阳篷,,0,1778235628,Man小桀,,https://p3-pc.douyinpic.com/aweme/100x100/aweme-avatar/tos-cn-i-0813_2288236f64b64fea8cd26e0f31be3dd0.jpeg?from=2064092626,,0,浙江
7637442764778948081,7637475555407217445,钾肥,,0,1778238350,十三贝勒胤祥,dyrwjuuj2wzs,https://p3-pc.douyinpic.com/aweme/100x100/aweme-avatar/tos-cn-i-0813_3738cad164024f1aa56ca4a606f8d9a6.jpeg?from=2064092626,,0,辽宁
7637442764778948081,7637445134568751882,淋尿[呲牙],,0,1778231268,【柳哥】,oclock123,https://p3-pc.douyinpic.com/aweme/100x100/aweme-avatar/tos-cn-i-0813_osvRGAVzlCAOPEIpABFfACgn0WdAkjEf9ADiAT.jpeg?from=2064092626,,0,广西
7637442764778948081,7637443844350870321,水浇多了吧,,0,1778230968,ღ᭄不念过往ꦿ࿐,,https://p3-pc.douyinpic.com/aweme/100x100/aweme-avatar/tos-cn-i-0813c000-ce_ooIJALTQmNtGwF1egLQWveIQLBA7GApuXseXAI.jpeg?from=2064092626,,0,上海
7637442764778948081,7637473443806167851,浇水太勤快,,0,1778237861,༃ༀ烟酒༒ཽ懂人心༺༖༈,,https://p3-pc.douyinpic.com/aweme/100x100/aweme-avatar/tos-cn-i-0813c001_oEQC0IPhiI3KABJAPtCDiAN4gs8xAIyEwaBA6.jpeg?from=2064092626,,0,河南
7637442764778948081,7637526408844051200,施肥[黄脸干杯],,0,1778250191,江湖醉客,27955420836,https://p3-pc.douyinpic.com/aweme/100x100/aweme-avatar/tos-cn-avt-0015_fbf0ae2538f20f3108ee96f10e41ed25.jpeg?from=2064092626,,0,湖北
7637442764778948081,7637508800517866289,上啤酒，给草莓喝起来,,0,1778246091,神龙摆尾,,https://p3-pc.douyinpic.com/aweme/100x100/aweme-avatar/tos-cn-i-0813c000-ce_okIDosAedBQTAE1ihALEGqAAECetxzAENwfF9M.jpeg?from=2064092626,,0,江苏
7637442764778948081,7637469069125452563,淹死了,,0,1778236840,柯拉蛋儿,,https://p3-pc.douyinpic.com/aweme/100x100/aweme-avatar/tos-cn-i-0813_o4AAvfKkMVqkzBXAetcC4lAGgChjACAISyFnEn.jpeg?from=2064092626,,0,福建
7637442764778948081,7637512550694798129,水多了,,0,1778246964,🍊(哎🕳蛙）🐸,,https://p3-pc.douyinpic.com/aweme/100x100/aweme-avatar/tos-cn-i-0813c000-ce_oQDpEPzBMPAb6iVhAIuBuAmAaAPnxq6RPin4t.jpeg?from=2064092626,,0,广西
7637442764778948081,7637484746481795866,等草莓吃你吧,,0,1778240490,人间果味,miba4455,https://p3-pc.douyinpic.com/aweme/100x100/aweme-avatar/tos-cn-i-0813c001_o42AXsteAVaBr8aT7u4EBFnerEQ1IAFmAHA5fD.jpeg?from=2064092626,,0,广东
7637442764778948081,7637481947661533989,水太多,,0,1778239839,花千树,YO1010946969,https://p3-pc.douyinpic.com/aweme/100x100/aweme-avatar/tos-cn-i-0813_o8Um4AfpGfQAuK7DBHAjIoFECfAZAO6gDNBRE8.jpeg?from=2064092626,,0,重庆
7637442764778948081,7637467539212469032,土太肥了，,,0,1778236486,✨钢镚儿✨,,https://p3-pc.douyinpic.com/aweme/100x100/aweme-avatar/mosaic-legacy_8d87001984cd7d669e93.jpeg?from=2064092626,,0,河南
7637442764778948081,7637468328461894449,你这是什么土,,0,1778236668,天涯,69524197270,https://p3-pc.douyinpic.com/aweme/100x100/aweme-avatar/tos-cn-i-0813c000-ce_oo8ygA5AeItAHeiP8BEAp2B0AqyiiEekEwagkP.jpeg?from=2064092626,,0,广西
7637442764778948081,7637516296398258996,一看就浇肥了,,0,1778247837,¥财来¥渡余生🇨🇳,,https://p3-pc.douyinpic.com/aweme/100x100/aweme-avatar/tos-cn-i-0813c001_o0EAGlNAcCjAPg9bIvIADeDAwPnvIxAyxbfMAN.jpeg?from=2064092626,,0,广西
7637442764778948081,7637506361793987377,玩游戏可以的,,0,1778245523,雨竹,yuzhu79338,https://p3-pc.douyinpic.com/aweme/100x100/aweme-avatar/tos-cn-i-0813_oMAArV3AgiIUDbxCRZBGIgvdZPy8AL3IAijEp.jpeg?from=2064092626,,0,江苏
7637442764778948081,7637446511705834290,[害羞][害羞],,0,1778231589,((＝梦醒㉨花落=)),wozhenxinnig,https://p3-pc.douyinpic.com/aweme/100x100/aweme-avatar/tos-cn-i-0813_o0sG27AAIEoRzfAAu2mAFDwCwQu8D8AfgAZFG9.jpeg?from=2064092626,,0,新疆
7637442764778948081,7637564419850404666,打小药！,,0,1778259044,青青,,https://p3-pc.douyinpic.com/aweme/100x100/aweme-avatar/tos-cn-i-0813c001_o4vneCVGWAZAnAUlEAASDbRrCZJtlIAe8A99ga.jpeg?from=2064092626,,0,四川
7637442764778948081,7637479379434079013,水浇多了,,0,1778239241,俊义星辰,,https://p3-pc.douyinpic.com/aweme/100x100/aweme-avatar/tos-cn-i-0813c001_oYEEAOeAAd6PNfeLAAA7UQ2KBxB4A6HMAEcIbh.jpeg?from=2064092626,,0,陕西
7637442764778948081,7637446608755753777,[捂脸][捂脸][捂脸],,0,1778231611,苦菊,,https://p3-pc.douyinpic.com/aweme/100x100/aweme-avatar/mosaic-legacy_2f5fe0002d3f1b0ddaa87.jpeg?from=2064092626,,0,宁夏
7637442764778948081,7637479167614108453,泥土的问题,,0,1778239192,欢喜就好,ID1888899,https://p3-pc.douyinpic.com/aweme/100x100/aweme-avatar/tos-cn-avt-0015_611db62625136c5c697f9ed415b8208f.jpeg?from=2064092626,,0,广东
7637442764778948081,7637451729869538067,倒点啤酒，,,0,1778232806,away,awai419,https://p3-pc.douyinpic.com/aweme/100x100/aweme-avatar/tos-cn-i-0813_7419d01c4694468795e400df0f8204dd.jpeg?from=2064092626,,0,浙江
7637442764778948081,7637469709742867237,种蒜苔，,,0,1778236990,磊磊,,https://p3-pc.douyinpic.com/aweme/100x100/fa37000bcd360e54951e.jpeg?from=2064092626,,0,山西
7637442764778948081,7637474146315158287,今晚会按时上班了吧,,0,1778238025,00k,,https://p3-pc.douyinpic.com/aweme/100x100/aweme-avatar/tos-cn-i-0813_oUt0vipjAAA2AeWhgEiyz9DBFfMZ8IHiAACCYI.jpeg?from=2064092626,,0,湖北
7637442764778948081,7637460039653917455,他要喝啤酒了[捂脸],,0,1778234738,刘刘大顺1314,,https://p3-pc.douyinpic.com/aweme/100x100/aweme-avatar/tos-cn-i-0813_ocMwQNknHnAAGwAfAw87A9lANAEgDCW3gFbDeD.jpeg?from=2064092626,,0,四川
7637442764778948081,7637444123390575360,鸡蛋,,0,1778231034,没必姚先生,,https://p3-pc.douyinpic.com/aweme/100x100/aweme-avatar/aweme_default_avatar.png.jpeg?from=2064092626,,0,广西
7637442764778948081,7637506526702109489,弄一个鸡蛋,,0,1778245562,🌈A.人间使者,,https://p3-pc.douyinpic.com/aweme/100x100/aweme-avatar/tos-cn-i-0813c001_owtAFAbDKgmNldeNCICz9wASAEE1eaAAnVCrva.jpeg?from=2064092626,,0,云南
7637442764778948081,7637523116936086272,搞点葡萄糖,,0,1778249425,有朋至远方来,yuexingqeng,https://p3-pc.douyinpic.com/aweme/100x100/aweme-avatar/mosaic-legacy_31c420001e6ae5ad6bb9f.jpeg?from=2064092626,,0,四川
7637442764778948081,7637456800388186932,晒晒太阳,,0,1778233985,UU,,https://p3-pc.douyinpic.com/aweme/100x100/aweme-avatar/tos-cn-avt-0015_9a9db6eccb9efd1f9226d9bf58a83ca8.jpeg?from=2064092626,,0,辽宁
7637442764778948081,7637510309251580699,你这个土质太少了,,0,1778246443,山野藏诗意,,https://p3-pc.douyinpic.com/aweme/100x100/aweme-avatar/tos-cn-i-0813_d079eee094db4b4f838443d226f8fd9f.jpeg?from=2064092626,,0,浙江
7637442764778948081,7637542022492029755,温度太热！太多水,,0,1778253826,刊少,97413951.,https://p3-pc.douyinpic.com/aweme/100x100/aweme-avatar/mosaic-legacy_dba5000764ba98c3ed6a.jpeg?from=2064092626,,0,广东
7637442764778948081,7637450217259926310,亲它,,0,1778232451,刘小虎,63745752241,https://p3-pc.douyinpic.com/aweme/100x100/aweme-avatar/tos-cn-avt-0015_7d0bfc9806f74e1e340ce281a06bf624.jpeg?from=2064092626,,0,江苏
7637442764778948081,7637469755499627310,水多了,,0,1778237001,༊ღ᭄🐅R林᭄℘࿐ᩚ,,https://p3-pc.douyinpic.com/aweme/100x100/aweme-avatar/tos-cn-avt-0015_c778452f7fa43919cf36fcbb2ddec24d.jpeg?from=2064092626,,0,广西
7637442764778948081,7637508285633807163,养分太足了,,0,1778245971,其名为鲲,,https://p3-pc.douyinpic.com/aweme/100x100/aweme-avatar/tos-cn-avt-0015_2353cbb5e3efbd2a8a03c63d6278d02a.jpeg?from=2064092626,,0,浙江
7637442764778948081,7637463406011056933,叫菜园子教教你,,1,1778235522,荼靡,AAguopengmia,https://p3-pc.douyinpic.com/aweme/100x100/aweme-avatar/tos-cn-i-0813c000-ce_o0A9aPYAIiVAxMBUMZKkAWppBAqPmgQhq4Eni.jpeg?from=2064092626,,0,浙江
7637442764778948081,7637456314486522639,阳光晒的,,0,1778233871,✨开心快乐,dy39okr1mpd7,https://p3-pc.douyinpic.com/aweme/100x100/aweme-avatar/tos-cn-i-0813c001_oUVPINCv5nAfBwAlAoeDA9lAEAkgVCZmQWbv1D.jpeg?from=2064092626,,0,广东
7637442764778948081,7637443618235532081,不是浇涝了？[捂脸][捂脸][捂脸],,0,1778230915,秀叔大魔王,xiuer666999666,https://p3-pc.douyinpic.com/aweme/100x100/aweme-avatar/tos-cn-i-0813c000-ce_oYPREqfBoEzde70AmgXZCzIUaCNAwiBAiAApIw.jpeg?from=2064092626,,0,四川
7637442764778948081,7637453485709116212,水太多了,,0,1778233211,知 秋,zy586712,https://p3-pc.douyinpic.com/aweme/100x100/aweme-avatar/tos-cn-avt-0015_e55725fda597b13333dec2776f179874.jpeg?from=2064092626,,0,河北
7637442764778948081,7637545925750047537,我给你寄点我农村菜园子的土给你种,,0,1778254736,荆门涛,BovoeT0307,https://p3-pc.douyinpic.com/aweme/100x100/aweme-avatar/tos-cn-avt-0015_1ba9d4ef81e3348e81a9744a26d82088.jpeg?from=2064092626,,0,湖北
7637442764778948081,7637530962369708837,淹死了,,0,1778251251,⁷꯭.秒໊記⃨憶᭄এ󰠇  󰋂,,https://p3-pc.douyinpic.com/aweme/100x100/aweme-avatar/tos-cn-i-0813c001_ooCJAIO74FDAcAiAEpEDl4feIAqugOATANuKL9.jpeg?from=2064092626,,0,广东
7637442764778948081,7637461438198825762,没得营养了，要加营养土了,,0,1778235065,清韵百货,YPQ889,https://p3-pc.douyinpic.com/aweme/100x100/aweme-avatar/tos-cn-i-0813_oEDiJr48E49ADmeCGlBBPAbevwAiAAWgA290I6.jpeg?from=2064092626,,0,四川
7637442764778948081,7637480987077411641,水浇多了,,0,1778239616,(ノへ`、)海哥仔🐲,,https://p3-pc.douyinpic.com/aweme/100x100/aweme-avatar/tos-cn-i-0813c000-ce_o88E96oABRWGUA3qAAA7SDepBfJL6jIQgEfIEH.jpeg?from=2064092626,,0,广东
7637442764778948081,7637460488863089435,买点复合肥浇,,0,1778234843,几年离索、,,https://p3-pc.douyinpic.com/aweme/100x100/aweme-avatar/tos-cn-avt-0015_19537f9a0f7fa62f20eb708c5066f627.jpeg?from=2064092626,,0,湖南
7637442764778948081,7637445810636030779,营养不良,,0,1778231425,🌾🌾🌾炒菜不用郭先生🍎🍊🍉🍌,79935925090,https://p3-pc.douyinpic.com/aweme/100x100/aweme-avatar/tos-cn-i-0813c000-ce_oYeUePCe6E0DAi1Ei0iwyKB3igPAAEoADIroAp.jpeg?from=2064092626,,0,山东
7637442764778948081,7637502190953218865,没营养,,0,1778244552,贰贰的二哥,29152205896,https://p3-pc.douyinpic.com/aweme/100x100/aweme-avatar/tos-cn-i-0813c001_o0Wn8CA9OAEAeDLwEAAtDbRVC48rlIAxAAf9gY.jpeg?from=2064092626,,0,广东
7637442764778948081,7637515145845015333,爆炸猎弓松松土,,0,1778247568,.顺风顺水,bajie54510,https://p3-pc.douyinpic.com/aweme/100x100/aweme-avatar/tos-cn-i-0813c001_ogDEg4KMERkAN44CfguDfAL9DLAFAAOgAvZpIi.jpeg?from=2064092626,,0,河南
7637442764778948081,7637489421230654265,缺钙,,0,1778241579,叶伄戼,21840453310,https://p3-pc.douyinpic.com/aweme/100x100/aweme-avatar/tos-cn-i-0813c001_o00AICAL9IAtH2AAeTDf9EQdMo6JGeRIIILbHe.jpeg?from=2064092626,,0,广东
7637442764778948081,7637541852782592817,太阳太大了,,0,1778253787,迟遇,,https://p3-pc.douyinpic.com/aweme/100x100/aweme-avatar/tos-cn-i-0813c001_oMD4IGIGAxeB6zKAPSDEBjUQjALee7AxmzElpA.jpeg?from=2064092626,,0,江苏
7637442764778948081,7637466405981471540,每天早上起床给它浇点营养液,,0,1778236220,嘉兴汽车贴膜,61037038346,https://p3-pc.douyinpic.com/aweme/100x100/aweme-avatar/tos-cn-i-0813c001_owS71eED6AWf7waRBZCPQpAIDfATFBA72EAMCQ.jpeg?from=2064092626,,0,浙江
7637442764778948081,7637445438030873403,就是水浇多了把根烧死了,,0,1778231338,ZHANG,,https://p3-pc.douyinpic.com/aweme/100x100/aweme-avatar/tos-cn-avt-0015_97a11a7a16d3e5b391b8cfb3ebb87b4b.jpeg?from=2064092626,,0,广东
7637442764778948081,7637455338414211878,水浇太多了,,0,1778233644,小鞋匠→和鞋社会,yy8852,https://p3-pc.douyinpic.com/aweme/100x100/aweme-avatar/tos-cn-i-0813c001_oA3C7AA4lAAFfp1mCHeDgXncAEA91hAQINbPCw.jpeg?from=2064092626,,0,浙江
7637442764778948081,7637473422809613115,水太多了,,0,1778237854,厌汐童yuuu,22919900207hcy,https://p3-pc.douyinpic.com/aweme/100x100/aweme-avatar/tos-cn-i-0813c000-ce_oIsajMuYa45WOBpEAA3AxCHbPRBwivAEBA4iI.jpeg?from=2064092626,,0,重庆
7637442764778948081,7637499547872969521,淹了[偷笑][偷笑],,0,1778243937,千纸鹤,qianzhihe2981,https://p3-pc.douyinpic.com/aweme/100x100/aweme-avatar/tos-cn-i-0813c001_64a8a47efbba4e6a9903241275d52587.jpeg?from=2064092626,,0,山东
7637442764778948081,7637443759713796915,没有肥力，水还太多,,0,1778230948,⁹点³⁰分,97565964100,https://p3-pc.douyinpic.com/aweme/100x100/aweme-avatar/tos-cn-i-0813c001_o8EYIAAA9ZiWAQDmaFB7f08PwbeAEEAgC6GsCV.jpeg?from=2064092626,,0,黑龙江
7637442764778948081,7637560242893144842,太肥了,,0,1778258070,奥特饭,hongye54247,https://p3-pc.douyinpic.com/aweme/100x100/aweme-avatar/tos-cn-i-0813c001_oEAECIsTgACGAPwp9FfwbpDC2AAdTEAeLAi9AB.jpeg?from=2064092626,,0,广西
7637442764778948081,7637479056535454501,加几个鸡蛋,,0,1778239166,老贰,laoer16705,https://p3-pc.douyinpic.com/aweme/100x100/aweme-avatar/tos-cn-i-0813c001_ogEqXADzyClBWVMfhAAcmAEnAAgjN8ig6eIRDM.jpeg?from=2064092626,,0,云南
7637442764778948081,7637468883381666618,浇太多了,,0,1778236797,李,,https://p3-pc.douyinpic.com/aweme/100x100/aweme-avatar/tos-cn-avt-0015_29ae51f1275b6b6f9ad441d06c144e3f.jpeg?from=2064092626,,0,浙江
7637442764778948081,7637470427748958991,给我个地址我给你弄一盆丹东东港99草莓养,,0,1778237157,余温☠︎,Jdb8888899,https://p3-pc.douyinpic.com/aweme/100x100/aweme-avatar/tos-cn-avt-0015_ac675f3e8cabbcbaec58d18a82704f40.jpeg?from=2064092626,,0,辽宁
7637442764778948081,7637455300594074426,我家的放哪里管都不用管 一年吃几次,,0,1778233635,早点睡🐒,92864977976,https://p3-pc.douyinpic.com/aweme/100x100/aweme-avatar/tos-cn-avt-0015_c9b1e03021d501065a6d706ed8a2a1ce.jpeg?from=2064092626,,0,青海
7637442764778948081,7637465893073339173,不钓鱼了 开始种菜了,,0,1778236101,磊,,https://p3-pc.douyinpic.com/aweme/100x100/aweme-avatar/tos-cn-avt-0015_0ac8331ae0d9bfb295f4426db8ff078c.jpeg?from=2064092626,,0,安徽
7637442764778948081,7637478687131403035,草没[偷笑],,0,1778239080,郑哥哥,,https://p3-pc.douyinpic.com/aweme/100x100/aweme-avatar/tos-cn-i-0813c001_6b113a07de4843798e19f73ee4d712c5.jpeg?from=2064092626,,0,江西
7637442764778948081,7637444360358937396,水涝了[捂脸][捂脸][捂脸],,0,1778231088,深情演绎,32268638122,https://p3-pc.douyinpic.com/aweme/100x100/aweme-avatar/douyin-user-image-file_205e1f953f9d8f1d5d7069899b2c7b64.jpeg?from=2064092626,,0,江西
7637442764778948081,7637480661749973787,晒伤,,0,1778239539,已重置,AI_95_07_02_ZM,https://p3-pc.douyinpic.com/aweme/100x100/aweme-avatar/tos-cn-avt-0015_9f73080efc08db3c27d00ebf374cea4c.jpeg?from=2064092626,,0,福建
7637442764778948081,7637554323954205489,水浇多了,,0,1778256691,有害垃圾,youhailaji24,https://p3-pc.douyinpic.com/aweme/100x100/aweme-avatar/tos-cn-i-0813c000-ce_ooAAfQAxD3dAcMje0oInJLBD2T7GyAd4yIeCXf.jpeg?from=2064092626,,0,陕西
7637442764778948081,7637473230333281061,要施点肥,,0,1778237810,琨,HXHJGCHKH,https://p3-pc.douyinpic.com/aweme/100x100/aweme-avatar/tos-cn-i-0813c000-ce_osCrepAEfACRAKDRAh9Fo6QwmF9Evg5A8oEIEK.jpeg?from=2064092626,,0,浙江
7637442764778948081,7637478006261711653,少量啤酒加水浇,,0,1778238922,粱田艺,78000638319,https://p3-pc.douyinpic.com/aweme/100x100/aweme-avatar/tos-cn-i-0813_35faefc8a24f4b7cb16b7c861aaa341c.jpeg?from=2064092626,,0,山西
7637442764778948081,7637449031518094115,吹空调[666],,0,1778232177,洋洋🐑封沁,44881242442,https://p3-pc.douyinpic.com/aweme/100x100/aweme-avatar/tos-cn-i-0813_oYeCNAPKA6AIkAhzA2DiiEBQECGfuA9GlgBwAq.jpeg?from=2064092626,,0,广东
7637442764778948081,7637464312969790223,水多了[捂脸][捂脸][捂脸],,0,1778235734,扬帆起航🇨🇳,by12580999,https://p3-pc.douyinpic.com/aweme/100x100/aweme-avatar/tos-cn-i-0813_oYuzMAEDMEfsx2yFEAAXtAI4BBcyfeqAy7QPD6.jpeg?from=2064092626,,0,广东
7637442764778948081,7637573632743195441,水多了,,0,1778261190,Wl 🍀,dytkg44241wl,https://p3-pc.douyinpic.com/aweme/100x100/aweme-avatar/tos-cn-i-0813c001_oABdDEBIDRV8WCbLgEfwAFAAEFH4AmAAn4f9x1.jpeg?from=2064092626,,0,江苏
7637442764778948081,7637489823565169465,缺氧了[呲牙][呲牙][呲牙],,0,1778241672,名字太长不好记！！！,61288311413,https://p3-pc.douyinpic.com/aweme/100x100/aweme-avatar/tos-cn-i-0813_760419e29297431fa5aa824fdad38531.jpeg?from=2064092626,,0,四川
7637442764778948081,7637451396892590885,水多了,,0,1778232727,🇾 🇴 🇺 dd,huiyi798,https://p3-pc.douyinpic.com/aweme/100x100/aweme-avatar/tos-cn-i-0813c000-ce_o8AfyiRxAHP91B2OIgJEewA9AriAJpMnwACnEa.jpeg?from=2064092626,,0,四川
7637442764778948081,7637463208076362533,水太多了,,0,1778235476,@上上签@,YSZAYGR99999913,https://p3-pc.douyinpic.com/aweme/100x100/aweme-avatar/tos-cn-i-0813c000-ce_oQAeq1QzGIChUVfQAcLAQa7pYFe0TAJEIvg8BK.jpeg?from=2064092626,,0,贵州
7637442764778948081,7637446917656167205,[比心][比心][比心],,0,1778231683,小耳朵7965,DH13489587965,https://p3-pc.douyinpic.com/aweme/100x100/aweme-avatar/tos-cn-i-0813_oonAoCEvEIDA9NgDhqAtFZ9AfgCAEmQAeYIGjq.jpeg?from=2064092626,,0,浙江
7637442764778948081,7637494452340572965,水浇太多了吧,,0,1778242751,昧止🤡,,https://p3-pc.douyinpic.com/aweme/100x100/aweme-avatar/tos-cn-i-0813c000-ce_oo9R5iAwwaBavxABAIGPAIrWmbiAA6cMp2qPE.jpeg?from=2064092626,,0,重庆
7637442764778948081,7637490862071956243,别全用营养土,,0,1778241916,炀ʸᵃⁿᵍ🔥,Yang_2277,https://p3-pc.douyinpic.com/aweme/100x100/aweme-avatar/tos-cn-avt-0015_b2c49a35c5ae0b755f47eda1739c8973.jpeg?from=2064092626,,0,广东
7637442764778948081,7637448771328770850,没营养,,0,1778232115,一个蛋,,https://p3-pc.douyinpic.com/aweme/100x100/aweme-avatar/tos-cn-i-0813_oMIAQEceaxnIadB7z1PTNAL4GA8GeEABAqGneE.jpeg?from=2064092626,,0,安徽
7637442764778948081,7637448578982052643,窝尿去浇,,0,1778232071,打不赢，就跑,a512293224,https://p3-pc.douyinpic.com/aweme/100x100/aweme-avatar/tos-cn-i-0813_ocAAAAXmDEwAA9SIFfYfCFc2DDSBsHEjD5grkg.jpeg?from=2064092626,,0,四川
7637442764778948081,7637489489942987557,想吃草莓不如买点[抠鼻],,0,1778241595,马🐎（闺女小恬恬🐰）,,https://p3-pc.douyinpic.com/aweme/100x100/aweme-avatar/tos-cn-i-0813c000-ce_o0MAqPAi9IBhE45A2aAAhT9ayIAJiInnxOMPA.jpeg?from=2064092626,,0,广东
7637442764778948081,7637476087102161683,涝死了[大笑],,0,1778238474,道道道,,https://p3-pc.douyinpic.com/aweme/100x100/aweme-avatar/tos-cn-i-0813_3d3fbfb5f1f04ec2b313fdfcf2c84ffe.jpeg?from=2064092626,,0,山东
7637442764778948081,7637491096444568383,差温度,,0,1778241969,🌈一片空白,DLJ433,https://p3-pc.douyinpic.com/aweme/100x100/aweme-avatar/tos-cn-i-0813_556c15e7a97c4087b4cbea14e8d20999.jpeg?from=2064092626,,0,贵州
7637442764778948081,7637462361976439558,能量饮料给他喝点[捂脸],,0,1778235280,奋斗中的我,dypmpjkxtdl5,https://p3-pc.douyinpic.com/aweme/100x100/aweme-avatar/tos-cn-avt-0015_ba68254e6bf5370974364c003aa9b1a3.jpeg?from=2064092626,,0,浙江
7637442764778948081,7637478223106818835,你这水浇得太多了,,0,1778238973,Tenderness,,https://p3-pc.douyinpic.com/aweme/100x100/aweme-avatar/tos-cn-avt-0015_31e698fb34e1be5b577cf59c55d4c25e.jpeg?from=2064092626,,0,广西
7637442764778948081,7637502473456534309,要有机肥[机智],,0,1778244618,小伟烧烤黄科(关必回),huangke84,https://p3-pc.douyinpic.com/aweme/100x100/aweme-avatar/tos-cn-i-0813c001_owEIIAAAegFhA1zy3fAltMxbNFJAWhAgNIEqCz.jpeg?from=2064092626,,0,四川
7637442764778948081,7637456622654292785,要买营养土[偷笑][偷笑],,0,1778233942,✨小幸运✨,,https://p3-pc.douyinpic.com/aweme/100x100/aweme-avatar/tos-cn-i-0813c000-ce_oQCleEeIBDc0ZEnUwifTA0AA8iGCAoEAK4V9cV.jpeg?from=2064092626,,0,新疆
7637442764778948081,7637453855346017078,温度太高了,,0,1778233299,执念宇,y102639,https://p3-pc.douyinpic.com/aweme/100x100/aweme-avatar/tos-cn-avt-0015_88a1dd5884c74d0d720846a5ea9b56b0.jpeg?from=2064092626,,0,黑龙江
7637442764778948081,7637446282772579115,缼点尿素,,0,1778231536,ღ°河粉᭄ꦿ࿐,ting8011,https://p3-pc.douyinpic.com/aweme/100x100/aweme-avatar/tos-cn-i-0813_oMKAAalI2CQndCfNgkDqjbDjeAA9AANSQJHXAE.jpeg?from=2064092626,,0,广东
7637442764778948081,7637446148715217679,阳气太足了，,,0,1778231506,不要问，往前看,dy4yb4xnzdm3,https://p3-pc.douyinpic.com/aweme/100x100/aweme-avatar/tos-cn-i-0813_o0fNDp7GBsDvrfQEW1FfVIA9B6AuQAE16hAGBA.jpeg?from=2064092626,,0,山东
7637442764778948081,7637445883529904933,水浇多了,,0,1778231443,唐古拉山🐸,TYJ18888,https://p3-pc.douyinpic.com/aweme/100x100/aweme-avatar/tos-cn-i-0813c000-ce_oMeFJ3fDQI807ETBxDyoHxxgGF8ABEfAFAAnQg.jpeg?from=2064092626,,1,四川
7637442764778948081,7637445810636030779,营养不良,,0,1778231425,🌾🌾🌾炒菜不用郭先生🍎🍊🍉🍌,79935925090,https://p3-pc.douyinpic.com/aweme/100x100/aweme-avatar/tos-cn-i-0813c000-ce_oYeUePCe6E0DAi1Ei0iwyKB3igPAAEoADIroAp.jpeg?from=2064092626,,0,山东
7637442764778948081,7637445750373253945,夏天了，可以去钓鱼了[灵机一动],,0,1778231413,Zᶻ⁶¹³,,https://p3-pc.douyinpic.com/aweme/100x100/aweme-avatar/tos-cn-i-0813_oYA6CwOTDICxe7wsAHFANQ9TuCf2mAAEE9grAu.jpeg?from=2064092626,,0,云南
7637442764778948081,7637445611553489714,撒泡尿下去就好了[捂脸],,0,1778231379,K✨,,https://p3-pc.douyinpic.com/aweme/100x100/aweme-avatar/tos-cn-i-0813_ooCOEkzAIJeLnBIAsAGIZQCA7P7iGBAsBeRQfG.jpeg?from=2064092626,,0,广东
7637442764778948081,7637445578750755599,上火了[捂脸][捂脸][捂脸],,0,1778231372,꧁转角꧂,,https://p3-pc.douyinpic.com/aweme/100x100/aweme-avatar/mosaic-legacy_3120b000009bbae959db5.jpeg?from=2064092626,,0,江西
7637442764778948081,7637445456792617777,你那个土不行，真的,,0,1778231343,Liu～,,https://p3-pc.douyinpic.com/aweme/100x100/aweme-avatar/tos-cn-avt-0015_570d1be38e5383cb5bb30d0c6fdd489b.jpeg?from=2064092626,,0,四川
7637442764778948081,7637445438030873403,就是水浇多了把根烧死了,,0,1778231338,ZHANG,,https://p3-pc.douyinpic.com/aweme/100x100/aweme-avatar/tos-cn-avt-0015_97a11a7a16d3e5b391b8cfb3ebb87b4b.jpeg?from=2064092626,,0,广东
7637442764778948081,7637445304741528357,就是水太多了，浇水施肥时，不要浇叶子上,,0,1778231308,毛毛⁵¹⁰⁷⁴,,https://p3-pc.douyinpic.com/aweme/100x100/aweme-avatar/tos-cn-i-0813c000-ce_oMB9DEwiECpAcnAdIC1A2oFAydMbzEfcezAA3Q.jpeg?from=2064092626,,4,云南
7637442764778948081,7637445134568751882,淋尿[呲牙],,0,1778231268,【柳哥】,oclock123,https://p3-pc.douyinpic.com/aweme/100x100/aweme-avatar/tos-cn-i-0813_osvRGAVzlCAOPEIpABFfACgn0WdAkjEf9ADiAT.jpeg?from=2064092626,,0,广西
7637442764778948081,7637445099144299304,太阳直射是大问题,,0,1778231261,zhaohhff,dyt4w80dsd5b,https://p3-pc.douyinpic.com/aweme/100x100/aweme-avatar/aweme_default_avatar.png.jpeg?from=2064092626,,0,四川
7637442764778948081,7637445021579232040,太阳晒的,,0,1778231242,陪你向阳而生.,52594941082,https://p3-pc.douyinpic.com/aweme/100x100/aweme-avatar/tos-cn-i-0813_owAdqFEgNsAiTiGxCveJywfWAOB1ACAIYAwzVA.jpeg?from=2064092626,,0,四川
7637442764778948081,7637444938285105977,不要一直浇水,,0,1778231224,多久,x19888958013,https://p3-pc.douyinpic.com/aweme/100x100/aweme-avatar/tos-cn-avt-0015_bb39225175124affa154e034d9c6740f.jpeg?from=2064092626,,0,陕西
7637442764778948081,7637444848802513701,泡死了[捂脸],,0,1778231202,一品鸟🐦官,,https://p3-pc.douyinpic.com/aweme/100x100/aweme-avatar/tos-cn-i-0813c001_oEAkDEKIBhbSGCyBgifRAVAA3ihjAzAA4y9etg.jpeg?from=2064092626,,0,宁夏
7637442764778948081,7637444784064234290,烧苗了，楼下去搂点土，浇水傍晚没太阳的时候浇,,0,1778231187,🌼-梓州-🌼,Lht.ParkJiYeon,https://p3-pc.douyinpic.com/aweme/100x100/aweme-avatar/tos-cn-i-0813_cba3596202a8449980b11c97ff91c92c.jpeg?from=2064092626,,0,四川
7637442764778948081,7637444617415426865,窝泡尿在里面施施肥,,0,1778231147,安于时光,WuTao19860408,https://p3-pc.douyinpic.com/aweme/100x100/aweme-avatar/tos-cn-i-0813c000-ce_oAElAvTzyiCAwAVAE0iB2NfWIAMQw5AgEeapxe.jpeg?from=2064092626,,0,重庆
7637442764778948081,7637444360358937396,水涝了[捂脸][捂脸][捂脸],,0,1778231088,深情演绎,32268638122,https://p3-pc.douyinpic.com/aweme/100x100/aweme-avatar/douyin-user-image-file_205e1f953f9d8f1d5d7069899b2c7b64.jpeg?from=2064092626,,0,江西
7637442764778948081,7637444307638584101,[捂脸][捂脸][捂脸]一把尿下就好了,,0,1778231075,臭小子,dywowfzpsy7n,https://p3-pc.douyinpic.com/aweme/100x100/aweme-avatar/tos-cn-avt-0015_a5ce198e185b2daf5680ba659806d7c0.jpeg?from=2064092626,,0,广东
7637442764778948081,7637444171310220072,这是发霉，草莓是会发霉的，这就是成长的过程，耐心点就行了[呲牙][呲牙][呲牙],,0,1778231045,天益珠宝,,https://p3-pc.douyinpic.com/aweme/100x100/aweme-avatar/tos-cn-i-0813_49559e22bf5b45f39761862ff8841cf5.jpeg?from=2064092626,,1,广东
7637442764778948081,7637444123390575360,鸡蛋,,0,1778231034,没必姚先生,,https://p3-pc.douyinpic.com/aweme/100x100/aweme-avatar/aweme_default_avatar.png.jpeg?from=2064092626,,0,广西
7637442764778948081,7637443936474530597,老黑你是在弄莲藕嘛，搞这么多水,,0,1778230988,拾柒岁的天空,,https://p3-pc.douyinpic.com/aweme/100x100/aweme-avatar/tos-cn-i-0813_26769b07e463426da597b164674c0476.jpeg?from=2064092626,,1,湖北
7637442764778948081,7637443844350870321,水浇多了吧,,0,1778230968,ღ᭄不念过往ꦿ࿐,,https://p3-pc.douyinpic.com/aweme/100x100/aweme-avatar/tos-cn-i-0813c000-ce_ooIJALTQmNtGwF1egLQWveIQLBA7GApuXseXAI.jpeg?from=2064092626,,0,上海
7637442764778948081,7637443759713796915,没有肥力，水还太多,,0,1778230948,⁹点³⁰分,97565964100,https://p3-pc.douyinpic.com/aweme/100x100/aweme-avatar/tos-cn-i-0813c001_o8EYIAAA9ZiWAQDmaFB7f08PwbeAEEAgC6GsCV.jpeg?from=2064092626,,0,黑龙江
7637442764778948081,7637443741607183110,还有遇事问豆包[微笑][微笑][微笑]好用。,,0,1778230945,逆影,71174478280,https://p3-pc.douyinpic.com/aweme/100x100/aweme-avatar/tos-cn-i-0813c001_o4AA33EIEAgoNZsfCoFDyXCewkJErAAiDCq9Aj.jpeg?from=2064092626,,0,福建
7637442764778948081,7637443618235532081,不是浇涝了？[捂脸][捂脸][捂脸],,0,1778230915,秀叔大魔王,xiuer666999666,https://p3-pc.douyinpic.com/aweme/100x100/aweme-avatar/tos-cn-i-0813c000-ce_oYPREqfBoEzde70AmgXZCzIUaCNAwiBAiAApIw.jpeg?from=2064092626,,0,四川
7637442764778948081,7637443604373701433,就是水太多了，烂根了,,0,1778230911,🍭葡萄🍇,61673394598,https://p3-pc.douyinpic.com/aweme/100x100/aweme-avatar/tos-cn-i-0813_o4yf5wAPfAIl2WEEAD7N1bEw5EBaFBAVReAQgm.jpeg?from=2064092626,,1,江西
7637442764778948081,7637443543665197843,有木有可能是淹死了呢[捂脸][捂脸][捂脸],,0,1778230897,逆影,71174478280,https://p3-pc.douyinpic.com/aweme/100x100/aweme-avatar/tos-cn-i-0813c001_o4AA33EIEAgoNZsfCoFDyXCewkJErAAiDCq9Aj.jpeg?from=2064092626,,0,福建
