aweme_id,cid,text,image_list,digg_count,create_time,user_nickname,user_unique_id,user_avatar,sticker,reply_comment_total,ip_label
7636323966186272101,7636389917531013922,这个可以吧,"['https://p3-sign.douyinpic.com/tos-cn-i-p14lwwcsbr/fbd6ae6dc0e54ff8b9b3d62525234609~tplv-p14lwwcsbr-7.image?lk3s=7b078dd2&x-expires=1778022000&x-signature=xVWeXr7drKfsw1spJZHDp1lMuIo%3D&from=2064092626&se=false&sc=image&biz_tag=aweme_comment&l=20260506012955820C9FB1486F1C82BF6E', 'https://p26-sign.douyinpic.com/tos-cn-i-p14lwwcsbr/fbd6ae6dc0e54ff8b9b3d62525234609~tplv-p14lwwcsbr-7.image?lk3s=7b078dd2&x-expires=1778022000&x-signature=JxWo%2BwJ8ew5jC%2F3V702mCuuJLFY%3D&from=2064092626&se=false&sc=image&biz_tag=aweme_comment&l=20260506012955820C9FB1486F1C82BF6E', 'https://p5-ex-gddgtc-sign.douyinpic.com/tos-cn-i-p14lwwcsbr/fbd6ae6dc0e54ff8b9b3d62525234609~tplv-p14lwwcsbr-7.image?lk3s=7b078dd2&x-expires=1778022000&x-signature=x1NuhsH%2Bq4Nt78oGdB%2FblZ%2Bt0u8%3D&from=2064092626&se=false&sc=image&biz_tag=aweme_comment&l=20260506012955820C9FB1486F1C82BF6E', 'https://p3-sign.douyinpic.com/tos-cn-i-p14lwwcsbr/fbd6ae6dc0e54ff8b9b3d62525234609~tplv-p14lwwcsbr-7.jpeg?lk3s=7b078dd2&x-expires=1778022000&x-signature=GSG64sXrp%2Bfljfr5LpovWP8Yk0M%3D&from=2064092626&se=false&sc=image&biz_tag=aweme_comment&l=20260506012955820C9FB1486F1C82BF6E']",14,1777985582,🌈L,Liucong0406,https://p3-pc.douyinpic.com/aweme/100x100/aweme-avatar/tos-cn-avt-0015_30d391867420b0211ef00b8b35646402.jpeg?from=2064092626,,7,山东
7636323966186272101,7636456147855262527,大咪怎么样了，他也不回复[流泪][流泪][流泪],,0,1778001005,LT,51809664550,https://p3-pc.douyinpic.com/aweme/100x100/aweme-avatar/tos-cn-i-0813_4da6f5abbe45488d8568a09a12ae2d4e.jpeg?from=2064092626,,0,浙江
7636323966186272101,7636356283998192442,,"['https://p5-ex-gddgtc-sign.douyinpic.com/tos-cn-i-p14lwwcsbr/732dad21366642b5aaa443f5c2fad03c~tplv-p14lwwcsbr-7.image?lk3s=7b078dd2&x-expires=1778022000&x-signature=ovnmr402LHI4kaAQGjJj33CS2S4%3D&from=2064092626&se=false&sc=image&biz_tag=aweme_comment&l=20260506012955820C9FB1486F1C82BF6E', 'https://p26-sign.douyinpic.com/tos-cn-i-p14lwwcsbr/732dad21366642b5aaa443f5c2fad03c~tplv-p14lwwcsbr-7.image?lk3s=7b078dd2&x-expires=1778022000&x-signature=olT5JmUmu5EDQ9pwkj%2B6KWaUdBo%3D&from=2064092626&se=false&sc=image&biz_tag=aweme_comment&l=20260506012955820C9FB1486F1C82BF6E', 'https://p3-sign.douyinpic.com/tos-cn-i-p14lwwcsbr/732dad21366642b5aaa443f5c2fad03c~tplv-p14lwwcsbr-7.image?lk3s=7b078dd2&x-expires=1778022000&x-signature=rb1r5RHGntwsOdfh1mSQsZrR9Lw%3D&from=2064092626&se=false&sc=image&biz_tag=aweme_comment&l=20260506012955820C9FB1486F1C82BF6E', 'https://p5-ex-gddgtc-sign.douyinpic.com/tos-cn-i-p14lwwcsbr/732dad21366642b5aaa443f5c2fad03c~tplv-p14lwwcsbr-7.jpeg?lk3s=7b078dd2&x-expires=1778022000&x-signature=s6vLeqLo8biTVmZYxVLSpMsvdvU%3D&from=2064092626&se=false&sc=image&biz_tag=aweme_comment&l=20260506012955820C9FB1486F1C82BF6E']",2,1777977750,拾1️⃣,,https://p3-pc.douyinpic.com/aweme/100x100/aweme-avatar/tos-cn-avt-0015_774e85e4a61e6842faa3719ffc6055c9.jpeg?from=2064092626,,1,广东
7636323966186272101,7636427845497897787,[疑问][疑问],"['https://p3-sign.douyinpic.com/tos-cn-i-p14lwwcsbr/c4e9884f015a415387add1d0614d3999~tplv-p14lwwcsbr-7.image?lk3s=7b078dd2&x-expires=1778022000&x-signature=MWIjE2tsOQL5ZwynTP4%2F0dKbhGQ%3D&from=2064092626&se=false&sc=image&biz_tag=aweme_comment&l=20260506012955820C9FB1486F1C82BF6E', 'https://p26-sign.douyinpic.com/tos-cn-i-p14lwwcsbr/c4e9884f015a415387add1d0614d3999~tplv-p14lwwcsbr-7.image?lk3s=7b078dd2&x-expires=1778022000&x-signature=9WVUw5Ju3Mgzy1cqi9WP3QcBCCk%3D&from=2064092626&se=false&sc=image&biz_tag=aweme_comment&l=20260506012955820C9FB1486F1C82BF6E', 'https://p5-ex-gddgtc-sign.douyinpic.com/tos-cn-i-p14lwwcsbr/c4e9884f015a415387add1d0614d3999~tplv-p14lwwcsbr-7.image?lk3s=7b078dd2&x-expires=1778022000&x-signature=lfDqNxy1a65A46b%2F%2FW0vkTRkitE%3D&from=2064092626&se=false&sc=image&biz_tag=aweme_comment&l=20260506012955820C9FB1486F1C82BF6E', 'https://p3-sign.douyinpic.com/tos-cn-i-p14lwwcsbr/c4e9884f015a415387add1d0614d3999~tplv-p14lwwcsbr-7.jpeg?lk3s=7b078dd2&x-expires=1778022000&x-signature=vV6hA7EQTS5lkyu1co2NwckS7rk%3D&from=2064092626&se=false&sc=image&biz_tag=aweme_comment&l=20260506012955820C9FB1486F1C82BF6E']",2,1777994413,溪鱼,,https://p3-pc.douyinpic.com/aweme/100x100/aweme-avatar/tos-cn-i-0813c000-ce_ogAALQIgQTAk1b2ecjLcbtDyoffFeDAOGK42A3.jpeg?from=2064092626,,2,山东
7636323966186272101,7636339871254332218,[捂脸][捂脸][捂脸][捂脸],"['https://p3-sign.douyinpic.com/tos-cn-i-p14lwwcsbr/2e47fe4f61f940b5a424a71fae861522~tplv-p14lwwcsbr-7.image?lk3s=7b078dd2&x-expires=1778022000&x-signature=dIMoZuFLZMZre%2F20cCMeeLYtpCo%3D&from=2064092626&se=false&sc=image&biz_tag=aweme_comment&l=20260506012955820C9FB1486F1C82BF6E', 'https://p26-sign.douyinpic.com/tos-cn-i-p14lwwcsbr/2e47fe4f61f940b5a424a71fae861522~tplv-p14lwwcsbr-7.image?lk3s=7b078dd2&x-expires=1778022000&x-signature=wWU3yYv9Uin1jjHF%2Fpu1EA3Q7TY%3D&from=2064092626&se=false&sc=image&biz_tag=aweme_comment&l=20260506012955820C9FB1486F1C82BF6E', 'https://p11-sign.douyinpic.com/tos-cn-i-p14lwwcsbr/2e47fe4f61f940b5a424a71fae861522~tplv-p14lwwcsbr-7.image?lk3s=7b078dd2&x-expires=1778022000&x-signature=K9sYOzvmtslmchkZW7Ko7zrKXUw%3D&from=2064092626&se=false&sc=image&biz_tag=aweme_comment&l=20260506012955820C9FB1486F1C82BF6E', 'https://p3-sign.douyinpic.com/tos-cn-i-p14lwwcsbr/2e47fe4f61f940b5a424a71fae861522~tplv-p14lwwcsbr-7.jpeg?lk3s=7b078dd2&x-expires=1778022000&x-signature=k5H59eCukWOD6J7z3YtZqVvDoDU%3D&from=2064092626&se=false&sc=image&biz_tag=aweme_comment&l=20260506012955820C9FB1486F1C82BF6E']",6,1777973929,阿贵,,https://p3-pc.douyinpic.com/aweme/100x100/aweme-avatar/tos-cn-i-0813c000-ce_oEmhAaBip5MgxAzACIvAPt9g3bUIEAYiPiakI.jpeg?from=2064092626,,2,陕西
7636323966186272101,7636412107781374730,君雅怎么这么美[害羞],,0,1777990747,昭童🐈‍⬛,,https://p3-pc.douyinpic.com/aweme/100x100/aweme-avatar/tos-cn-i-0813_osh27hANeAI1pvAlAG7SGfE0iIBGLBAfBoAQ75.jpeg?from=2064092626,,0,山东
7636323966186272101,7636369681574413091,[黄脸干杯],"['https://p11-sign.douyinpic.com/tos-cn-i-p14lwwcsbr/882aadee312d4e0eb0d53b71340e471d~tplv-p14lwwcsbr-7.image?lk3s=7b078dd2&x-expires=1778022000&x-signature=Xgvgm1tDS0%2FV3vWk4I67UmWi%2BHI%3D&from=2064092626&se=false&sc=image&biz_tag=aweme_comment&l=20260506012955820C9FB1486F1C82BF6E', 'https://p26-sign.douyinpic.com/tos-cn-i-p14lwwcsbr/882aadee312d4e0eb0d53b71340e471d~tplv-p14lwwcsbr-7.image?lk3s=7b078dd2&x-expires=1778022000&x-signature=8LcBDBrTsxdiO8V7%2BqEx9MiuvDo%3D&from=2064092626&se=false&sc=image&biz_tag=aweme_comment&l=20260506012955820C9FB1486F1C82BF6E', 'https://p3-sign.douyinpic.com/tos-cn-i-p14lwwcsbr/882aadee312d4e0eb0d53b71340e471d~tplv-p14lwwcsbr-7.image?lk3s=7b078dd2&x-expires=1778022000&x-signature=2ws%2BjiydoLeM2Rk8z7CLBOTAEh4%3D&from=2064092626&se=false&sc=image&biz_tag=aweme_comment&l=20260506012955820C9FB1486F1C82BF6E', 'https://p11-sign.douyinpic.com/tos-cn-i-p14lwwcsbr/882aadee312d4e0eb0d53b71340e471d~tplv-p14lwwcsbr-7.jpeg?lk3s=7b078dd2&x-expires=1778022000&x-signature=dUFQhq4UqTkrEI6FOgjY8A%2FyZ2I%3D&from=2064092626&se=false&sc=image&biz_tag=aweme_comment&l=20260506012955820C9FB1486F1C82BF6E']",0,1777980869,3.23,25088861266,https://p3-pc.douyinpic.com/aweme/100x100/aweme-avatar/tos-cn-i-0813_49d6d4fc3c4f488b8fe0ccd0756d54be.jpeg?from=2064092626,,0,广西
7636323966186272101,7636325468706210597,眨巴眼，嘴角也上扬啊,,0,1777970575,過客,aiwo0815,https://p3-pc.douyinpic.com/aweme/100x100/aweme-avatar/tos-cn-i-0813c000-ce_oEjpCeRAECIFLGNA2wkI34sA9SrZDEAqAfJQSo.jpeg?from=2064092626,https://p5-ex-gddgtc-sign.douyinpic.com/obj/tos-cn-o-0812/o0Y6jXANRQaAlABpeEPLfJhIgLGAGOB9zAeoHG?lk3s=7b078dd2&x-expires=1778022000&x-signature=RsVWfse8fmEdkdgEU5oeXTln4c4%3D&from=2064092626&s=sticker_comment&se=false&sc=sticker_heif&biz_tag=aweme_comment&l=20260506012955820C9FB1486F1C82BF6E,2,河南
7636323966186272101,7636407532122161969,是喜欢的那一款[捂脸][比心],,0,1777989681,你好！陌生人！,20983380400,https://p3-pc.douyinpic.com/aweme/100x100/aweme-avatar/tos-cn-i-0813c001_c4ecda05cadd491cacc2af3933072422.jpeg?from=2064092626,,0,河南
7636323966186272101,7636444299668783898,跟星夜一样[捂脸][捂脸],,0,1777998244,@夜的第七章,,https://p3-pc.douyinpic.com/aweme/100x100/aweme-avatar/tos-cn-i-0813_841e35061af74d6bb2afa40da1327b37.jpeg?from=2064092626,,0,江苏
7636323966186272101,7636326113853932324,我把我的眼镜扶了又扶，擦了又擦。还是看不清[捂脸],,2,1777970727,用户3415706323344,29294594387,https://p3-pc.douyinpic.com/aweme/100x100/aweme-avatar/tos-cn-i-0813c001_o8fQwspNdCAFDiVEAISAfAAkFuCgKmdJDA92EB.jpeg?from=2064092626,,0,广东
7636323966186272101,7636397275371504421,老黑一天看不见你打和平我都难受！,,0,1777987293,我很阳光🔅也很晒脸,,https://p3-pc.douyinpic.com/aweme/100x100/aweme-avatar/tos-cn-i-0813c000-ce_ocMZQIXWA28FthPuJAMAgzdV78TgfELBA3Qe8e.jpeg?from=2064092626,,0,黑龙江
7636323966186272101,7636348456713962255,完蛋！这眼睛没有打游戏的手协调[捂脸][捂脸],,1,1777975928,酒鬼,91673856812,https://p3-pc.douyinpic.com/aweme/100x100/aweme-avatar/tos-cn-i-0813_osjXoAJ8JDAFjEIpD6FfACg9YniA1XEK9ADeAx.jpeg?from=2064092626,,0,新加坡
7636323966186272101,7636338235119371045,是我近视了，还我眼镜模糊了，看不清楚是谁呢[捂脸],,8,1777973548,六月的雨,24828243535,https://p3-pc.douyinpic.com/aweme/100x100/aweme-avatar/tos-cn-avt-0015_cdca7602ee4bcab474539bcd09b4e8ce.jpeg?from=2064092626,,1,广东
7636323966186272101,7636451559669334843,啥时候能跟你打一把吃鸡哪[戳手手][戳手手][戳手手],,0,1777999935,张先生 ♈ 🎭,,https://p3-pc.douyinpic.com/aweme/100x100/aweme-avatar/tos-cn-avt-0015_3fcfc43af7666f333db60056ac2be871.jpeg?from=2064092626,,0,北京
7636323966186272101,7636348224752698146,是我不配看清晰的吗[捂脸],,2,1777975876,憨憨,26879539745,https://p3-pc.douyinpic.com/aweme/100x100/aweme-avatar/tos-cn-i-0813_osSAUrAMigJCIU4JBI4nazCiEAZAa9BjvgIAP.jpeg?from=2064092626,,0,广东
7636323966186272101,7636372776967209765,才发现。。头像改成大号一样的啦？还是那个戴头套的可爱[看],,0,1777981590,✨️larkspur_tang⁵¹⁰⁷⁴,larkspur_tang,https://p3-pc.douyinpic.com/aweme/100x100/aweme-avatar/tos-cn-i-0813c000-ce_os9PAiQABaBhkgvKGalDIngEAikRCzAPyVMA6.jpeg?from=2064092626,,0,上海
7636323966186272101,7636449908191953674,[抱抱你],,0,1777999552,养乐多🥕,mymanman,https://p3-pc.douyinpic.com/aweme/100x100/aweme-avatar/tos-cn-avt-0015_6ad23d842a49e16c7a1d9631a16bb915.jpeg?from=2064092626,,0,河南
7636323966186272101,7636339742191272758,这是星夜吗[捂脸],,1,1777973899,广西老表,24220956475,https://p3-pc.douyinpic.com/aweme/100x100/aweme-avatar/tos-cn-i-0813c001_o8AAhAthmgFwzHbCBICWevAWAME8f9AAzLA0iu.jpeg?from=2064092626,,2,马来西亚
7636323966186272101,7636358851898360625,高清图张君雅[杀马特],,0,1777978348,L、,Bao19960218,https://p3-pc.douyinpic.com/aweme/100x100/aweme-avatar/tos-cn-i-0813c000-ce_osuRWaiPp0OzEAAr1BZMASqAAASlIdHLiBRlv.jpeg?from=2064092626,,0,广东
7636323966186272101,7636401573279154994,君雅[爱心],,0,1777988295,宇总,19890607yu,https://p3-pc.douyinpic.com/aweme/100x100/aweme-avatar/tos-cn-i-0813c001_oAW0KhgUvhAw1AJyANARIlE2NpAAjCACpzGemf.jpeg?from=2064092626,,0,湖南
7636323966186272101,7636385576908702470,巨,,0,1777984571,爰㐸520,,https://p3-pc.douyinpic.com/aweme/100x100/aweme-avatar/tos-cn-avt-0015_c32482ee1e91856bdd849d445fc375f8.jpeg?from=2064092626,,0,山东
7636323966186272101,7636369964169020212,我认识一个老中医，针灸一绝，可以试试的[发呆][发呆],,8,1777980935,顾小隐,40919617239,https://p3-pc.douyinpic.com/aweme/100x100/aweme-avatar/tos-cn-i-0813_98ee7b617e8146f08a80b9542c684229.jpeg?from=2064092626,https://p3-sign.douyinpic.com/obj/tos-cn-i-3jr8j4ixpe/7f47ad916b294fecb4efbe82844e7be0?lk3s=7b078dd2&x-expires=1778090400&x-signature=0%2BRe3nNGkDkujb%2FqrYR4QDXFJwg%3D&from=2064092626&s=sticker_comment&se=false&sc=sticker_heif&biz_tag=aweme_comment&l=20260506012956C9E3C106A48ACFBDAB0F,1,河北
7636323966186272101,7636349464676221745,,"['https://p26-sign.douyinpic.com/tos-cn-i-p14lwwcsbr/8d7ee88844f648aa943f06fb78b30b5e~tplv-p14lwwcsbr-7.image?lk3s=7b078dd2&x-expires=1778090400&x-signature=T4CKEJnfsO9r6wyq8jecnOL0NJ8%3D&from=2064092626&se=false&sc=image&biz_tag=aweme_comment&l=20260506012956C9E3C106A48ACFBDAB0F', 'https://p11-sign.douyinpic.com/tos-cn-i-p14lwwcsbr/8d7ee88844f648aa943f06fb78b30b5e~tplv-p14lwwcsbr-7.image?lk3s=7b078dd2&x-expires=1778090400&x-signature=mnkQCsCLqsnzG3nCFM4voKXM4F8%3D&from=2064092626&se=false&sc=image&biz_tag=aweme_comment&l=20260506012956C9E3C106A48ACFBDAB0F', 'https://p3-sign.douyinpic.com/tos-cn-i-p14lwwcsbr/8d7ee88844f648aa943f06fb78b30b5e~tplv-p14lwwcsbr-7.image?lk3s=7b078dd2&x-expires=1778090400&x-signature=MFkvVN85ExLVHzq5PH5RaazRvcw%3D&from=2064092626&se=false&sc=image&biz_tag=aweme_comment&l=20260506012956C9E3C106A48ACFBDAB0F', 'https://p26-sign.douyinpic.com/tos-cn-i-p14lwwcsbr/8d7ee88844f648aa943f06fb78b30b5e~tplv-p14lwwcsbr-7.jpeg?lk3s=7b078dd2&x-expires=1778090400&x-signature=G4Zs5ntPNkdkChmYrqsRyuIZh%2F4%3D&from=2064092626&se=false&sc=image&biz_tag=aweme_comment&l=20260506012956C9E3C106A48ACFBDAB0F']",0,1777976162,🐏🐑🐏🐑🐏🐑,yangyangyy9797,https://p3-pc.douyinpic.com/aweme/100x100/aweme-avatar/tos-cn-i-0813c000-ce_o4AeA8SBMJITWAfBlNQEojQkBFQgZYngzs7ekA.jpeg?from=2064092626,,0,湖北
7636323966186272101,7636336599765566246,和深情打了一下午游戏，就差你了老黑[看],,4,1777973169,小刘、,lyp258888,https://p3-pc.douyinpic.com/aweme/100x100/aweme-avatar/tos-cn-avt-0015_d5c20c745863924b69ae6d43f02a4bee.jpeg?from=2064092626,,7,广东
7636323966186272101,7636347098484867889,刚提的线[捂脸],"['https://p5-ex-gddgtc-sign.douyinpic.com/tos-cn-i-p14lwwcsbr/dba20580ab5641e18d31df40808a68a5~tplv-p14lwwcsbr-7.image?lk3s=7b078dd2&x-expires=1778090400&x-signature=SF0CfhFJawkTU6IDVm5fIT2YldA%3D&from=2064092626&se=false&sc=image&biz_tag=aweme_comment&l=20260506012956C9E3C106A48ACFBDAB0F', 'https://p26-sign.douyinpic.com/tos-cn-i-p14lwwcsbr/dba20580ab5641e18d31df40808a68a5~tplv-p14lwwcsbr-7.image?lk3s=7b078dd2&x-expires=1778090400&x-signature=ZoZE2mZ8LAGz0YPVc%2FkqS0eWMds%3D&from=2064092626&se=false&sc=image&biz_tag=aweme_comment&l=20260506012956C9E3C106A48ACFBDAB0F', 'https://p3-sign.douyinpic.com/tos-cn-i-p14lwwcsbr/dba20580ab5641e18d31df40808a68a5~tplv-p14lwwcsbr-7.image?lk3s=7b078dd2&x-expires=1778090400&x-signature=GW3jwARKRlO1EegrgSj%2FPny9wbE%3D&from=2064092626&se=false&sc=image&biz_tag=aweme_comment&l=20260506012956C9E3C106A48ACFBDAB0F', 'https://p5-ex-gddgtc-sign.douyinpic.com/tos-cn-i-p14lwwcsbr/dba20580ab5641e18d31df40808a68a5~tplv-p14lwwcsbr-7.jpeg?lk3s=7b078dd2&x-expires=1778090400&x-signature=jG6wS0oa30vEQIMiZ8UeFg8neak%3D&from=2064092626&se=false&sc=image&biz_tag=aweme_comment&l=20260506012956C9E3C106A48ACFBDAB0F']",2,1777975611,小帅而已,xiaoshuaiery96,https://p3-pc.douyinpic.com/aweme/100x100/aweme-avatar/tos-cn-i-0813_47c47e721c3d4b39be4ef59b10894efe.jpeg?from=2064092626,,0,广东
7636323966186272101,7636356324091003697,这不是星夜么[举手],,0,1777977759,杨眉兔起,26085447851,https://p3-pc.douyinpic.com/aweme/100x100/aweme-avatar/tos-cn-i-0813c001_oYxA6DixDEB1e6AAZGAgfQiZnHI39DzACAnxFC.jpeg?from=2064092626,,0,广东
7636323966186272101,7636396052861944616,兄弟们你们要的墙纸，不用谢,"['https://p3-sign.douyinpic.com/tos-cn-i-p14lwwcsbr/ecc8856af7c942c3893ed23b1ce39056~tplv-p14lwwcsbr-7.image?lk3s=7b078dd2&x-expires=1778090400&x-signature=thyrHS45m6KyLt3Zcw%2BjpcqIzis%3D&from=2064092626&se=false&sc=image&biz_tag=aweme_comment&l=20260506012956C9E3C106A48ACFBDAB0F', 'https://p5-ex-gddgtc-sign.douyinpic.com/tos-cn-i-p14lwwcsbr/ecc8856af7c942c3893ed23b1ce39056~tplv-p14lwwcsbr-7.image?lk3s=7b078dd2&x-expires=1778090400&x-signature=YIoqg70mypaxRe%2BV%2FwF9Xn1RQfk%3D&from=2064092626&se=false&sc=image&biz_tag=aweme_comment&l=20260506012956C9E3C106A48ACFBDAB0F', 'https://p26-sign.douyinpic.com/tos-cn-i-p14lwwcsbr/ecc8856af7c942c3893ed23b1ce39056~tplv-p14lwwcsbr-7.image?lk3s=7b078dd2&x-expires=1778090400&x-signature=rq0uuSYCV%2BzZlNnivLOgX1vqMhY%3D&from=2064092626&se=false&sc=image&biz_tag=aweme_comment&l=20260506012956C9E3C106A48ACFBDAB0F', 'https://p3-sign.douyinpic.com/tos-cn-i-p14lwwcsbr/ecc8856af7c942c3893ed23b1ce39056~tplv-p14lwwcsbr-7.jpeg?lk3s=7b078dd2&x-expires=1778090400&x-signature=rq288bSbvSBpEEYauWomiCjEyZA%3D&from=2064092626&se=false&sc=image&biz_tag=aweme_comment&l=20260506012956C9E3C106A48ACFBDAB0F']",1,1777987009,天ᰔᩚ 意,qq315217,https://p3-pc.douyinpic.com/aweme/100x100/aweme-avatar/tos-cn-avt-0015_5863d666b32e3df9b8391fa4aa39fd81.jpeg?from=2064092626,,0,新加坡
7636323966186272101,7636414290652267322,,,1,1777991256,97号当铺,,https://p3-pc.douyinpic.com/aweme/100x100/aweme-avatar/tos-cn-i-0813_f12592e5a26a4a91bc27b5e82bb332d9.jpeg?from=2064092626,https://p3-sign.douyinpic.com/obj/tos-cn-o-0812/osAIgDnAxRGElAZbsAf7DGFievNnyC8ZNMlAxg?lk3s=7b078dd2&x-expires=1778090400&x-signature=sdAIBBOp4IgTFf7xnXdEiDCJBHA%3D&from=2064092626&s=sticker_comment&se=false&sc=sticker_heif&biz_tag=aweme_comment&l=20260506012956C9E3C106A48ACFBDAB0F,0,吉林
7636323966186272101,7636351389430498086,,"['https://p5-ex-gddgtc-sign.douyinpic.com/tos-cn-i-p14lwwcsbr/5bf67a082886457fada6ef6a70c42449~tplv-p14lwwcsbr-7.image?lk3s=7b078dd2&x-expires=1778090400&x-signature=57%2FZFjnKtSOGoyZeBjADTwMNUvc%3D&from=2064092626&se=false&sc=image&biz_tag=aweme_comment&l=20260506012956C9E3C106A48ACFBDAB0F', 'https://p26-sign.douyinpic.com/tos-cn-i-p14lwwcsbr/5bf67a082886457fada6ef6a70c42449~tplv-p14lwwcsbr-7.image?lk3s=7b078dd2&x-expires=1778090400&x-signature=LmAAmeQmTFd7focLiS0j%2F06Xw4I%3D&from=2064092626&se=false&sc=image&biz_tag=aweme_comment&l=20260506012956C9E3C106A48ACFBDAB0F', 'https://p11-sign.douyinpic.com/tos-cn-i-p14lwwcsbr/5bf67a082886457fada6ef6a70c42449~tplv-p14lwwcsbr-7.image?lk3s=7b078dd2&x-expires=1778090400&x-signature=Jky49MRJGWqJVnyKp8SOf8e74Ag%3D&from=2064092626&se=false&sc=image&biz_tag=aweme_comment&l=20260506012956C9E3C106A48ACFBDAB0F', 'https://p5-ex-gddgtc-sign.douyinpic.com/tos-cn-i-p14lwwcsbr/5bf67a082886457fada6ef6a70c42449~tplv-p14lwwcsbr-7.jpeg?lk3s=7b078dd2&x-expires=1778090400&x-signature=mhv4SyoB%2Bz9rfkAAnRFBmp7LvRE%3D&from=2064092626&se=false&sc=image&biz_tag=aweme_comment&l=20260506012956C9E3C106A48ACFBDAB0F']",0,1777976611,哈喽老登,langtian369,https://p3-pc.douyinpic.com/aweme/100x100/aweme-avatar/tos-cn-i-0813_oYE7A6svSLGA1BdAITIGfPe6QA6GAHhEBGe9F7.jpeg?from=2064092626,,0,河南
7636323966186272101,7636356125592961844,老黑昨天撞车被局哥打死了，你说我认不出来就算了，你居然认不出来粉丝,,0,1777977716,暴富小Z,,https://p3-pc.douyinpic.com/aweme/100x100/aweme-avatar/tos-cn-avt-0015_351e57f2fef621ec68c432d11f98ab4b.jpeg?from=2064092626,,0,山东
7636323966186272101,7636440279168205627,此时看老黑的我们…,,0,1777997308,𝘼𝙪𝙧𝙤𝙧𝙖🫧,91336807161,https://p3-pc.douyinpic.com/aweme/100x100/aweme-avatar/tos-cn-i-0813c000-ce_o4AxAfHqBEB0iAOAuviR6tEltCoIVWdw10ehMA.jpeg?from=2064092626,https://p11-sign.douyinpic.com/obj/tos-cn-o-0812/o4wigJkIAkMEXB0qiABQDa4YBGII1isvAAgFZ?lk3s=7b078dd2&x-expires=1778090400&x-signature=URgy6CJoSpaKB7Op%2BgIP%2BcjKBMM%3D&from=2064092626&s=sticker_comment&se=false&sc=sticker_heif&biz_tag=aweme_comment&l=20260506012956C9E3C106A48ACFBDAB0F,0,湖北
7636323966186272101,7636330296194892594,全蛋今晚是不是要解说大吉大利6啊,,0,1777971699,洪✨★ooO,I_Miss_You_Hong,https://p3-pc.douyinpic.com/aweme/100x100/aweme-avatar/tos-cn-avt-0015_6fc12874fc2cfe322e3e409c71cc809e.jpeg?from=2064092626,,0,广东
7636323966186272101,7636346545089069862,蛋蛋，一定是你的美晃瞎了我的眼睛[惊喜]我要去配眼镜啦！,,0,1777975483,财财,83377428391,https://p3-pc.douyinpic.com/aweme/100x100/aweme-avatar/tos-cn-i-0813c001_oQNDRBI0TADJAQAbEtDBEXB40EFN7efEaAzkfA.jpeg?from=2064092626,https://p3-sign.douyinpic.com/obj/tos-cn-o-0812/oMIAKOhlfEsA7Ajup8QBCFEBfzDIviAEEfuA4E?lk3s=7b078dd2&x-expires=1778090400&x-signature=DoeypSPCm6A%2F7aYecBf%2BARTs%2Bpc%3D&from=2064092626&s=sticker_comment&se=false&sc=sticker_heif&biz_tag=aweme_comment&l=20260506012956C9E3C106A48ACFBDAB0F,1,山东
7636323966186272101,7636340565148713782,别家放电麻酥酥，你这嘎呗儿直接给电死了,,0,1777974092,鱼音鸟鸟,,https://p3-pc.douyinpic.com/aweme/100x100/aweme-avatar/tos-cn-avt-0015_63edcab0deebbe99e0255dc2609bfd27.jpeg?from=2064092626,,0,河北
7636323966186272101,7636428026717504290,张全蛋被张老黑放出来啦[泪奔][泪奔],,0,1777994455,七彩云南,dymaa8z54q92,https://p3-pc.douyinpic.com/aweme/100x100/aweme-avatar/tos-cn-i-0813c001_oQYaeWUMyECAAAAOwCrftBAhIJzAVuAXdgtwDy.jpeg?from=2064092626,,0,广东
7636323966186272101,7636336422261523237,张大房子确实名不虚传[赞],,0,1777973126,勿忘,fuge21583,https://p3-pc.douyinpic.com/aweme/100x100/aweme-avatar/tos-cn-avt-0015_ca545b9af97a4e40fa81bb3282e885ce.jpeg?from=2064092626,,0,四川
7636323966186272101,7636415310777713448,生活不易，家妻卖艺[摊手],,0,1777991493,凌晨三点的狼,You_DayeMe,https://p3-pc.douyinpic.com/aweme/100x100/aweme-avatar/tos-cn-i-0813c001_ok5hNiBzeAAcLIALRPiE6vCANAQg50AV50fEJD.jpeg?from=2064092626,,0,广东
7636323966186272101,7636433851497726778,张老黑呀，看看是不是这样的[捂脸][呲牙],"['https://p5-ex-gddgtc-sign.douyinpic.com/tos-cn-i-p14lwwcsbr/b32fdc64142e44d7b8b15e39c223a26c~tplv-p14lwwcsbr-7.image?lk3s=7b078dd2&x-expires=1778090400&x-signature=V%2F%2FZLra7%2FbHqxa03wvraM9x1tP8%3D&from=2064092626&se=false&sc=image&biz_tag=aweme_comment&l=2026050601295769B676EDB48BB68CB7C1', 'https://p26-sign.douyinpic.com/tos-cn-i-p14lwwcsbr/b32fdc64142e44d7b8b15e39c223a26c~tplv-p14lwwcsbr-7.image?lk3s=7b078dd2&x-expires=1778090400&x-signature=QiliHqvJO7EQLxB3UAJkMhD3BXg%3D&from=2064092626&se=false&sc=image&biz_tag=aweme_comment&l=2026050601295769B676EDB48BB68CB7C1', 'https://p9-sign.douyinpic.com/tos-cn-i-p14lwwcsbr/b32fdc64142e44d7b8b15e39c223a26c~tplv-p14lwwcsbr-7.image?lk3s=7b078dd2&x-expires=1778090400&x-signature=f9osg%2B0Gujj9NhafMMUwS8krU3s%3D&from=2064092626&se=false&sc=image&biz_tag=aweme_comment&l=2026050601295769B676EDB48BB68CB7C1', 'https://p5-ex-gddgtc-sign.douyinpic.com/tos-cn-i-p14lwwcsbr/b32fdc64142e44d7b8b15e39c223a26c~tplv-p14lwwcsbr-7.jpeg?lk3s=7b078dd2&x-expires=1778090400&x-signature=eTHIvhm%2B8xNRLW%2BzWeOllMkspEg%3D&from=2064092626&se=false&sc=image&biz_tag=aweme_comment&l=2026050601295769B676EDB48BB68CB7C1']",0,1777995811,蜕变@,32374633827,https://p3-pc.douyinpic.com/aweme/100x100/aweme-avatar/tos-cn-i-0813c000-ce_oMULlAAtpBEQvenVC6FEw5DYAVA9ciAIESf6nS.jpeg?from=2064092626,,0,云南
7636323966186272101,7636359510756197171,老黑被星夜夺舍了，大胆星夜还我老黑。,,1,1777978501,太阳☀,zb880326,https://p3-pc.douyinpic.com/aweme/100x100/aweme-avatar/tos-cn-i-0813_okdueMgtPAEiAtBMABe0avCYNiANiAAnuxAIEy.jpeg?from=2064092626,,0,湖北
7636323966186272101,7636354690783986491,,,0,1777977380,平安.😼,,https://p3-pc.douyinpic.com/aweme/100x100/aweme-avatar/tos-cn-i-0813_ospAffqWwgG9DyAIAK6EARCCpAlFEXrxmUaoAC.jpeg?from=2064092626,https://p26-sign.douyinpic.com/obj/tos-cn-o-0812/o8AXFBBtDIDJAAwSAPFACrxQeCf4nAAEEzg9yw?lk3s=7b078dd2&x-expires=1778090400&x-signature=8gszhCskkHJbYvPNvCXcwcWnArQ%3D&from=2064092626&s=sticker_comment&se=false&sc=sticker_heif&biz_tag=aweme_comment&l=2026050601295769B676EDB48BB68CB7C1,0,黑龙江
7636323966186272101,7636326376455504682,我咋看全蛋像是怀孕10个月的感觉呢[捂脸][捂脸],,0,1777970789,彬bin有li💋,binli0303,https://p3-pc.douyinpic.com/aweme/100x100/aweme-avatar/mosaic-legacy_1e0990002e86ef89c5cc0.jpeg?from=2064092626,,0,上海
7636323966186272101,7636367564910412578,不来一包吗？[戳手手],"['https://p3-sign.douyinpic.com/tos-cn-i-p14lwwcsbr/6a0142c1160e4033abba844a15642025~tplv-p14lwwcsbr-7.image?lk3s=7b078dd2&x-expires=1778090400&x-signature=nWUmgu7zui04lkBWTGSroJ%2Fe%2BRs%3D&from=2064092626&se=false&sc=image&biz_tag=aweme_comment&l=2026050601295769B676EDB48BB68CB7C1', 'https://p26-sign.douyinpic.com/tos-cn-i-p14lwwcsbr/6a0142c1160e4033abba844a15642025~tplv-p14lwwcsbr-7.image?lk3s=7b078dd2&x-expires=1778090400&x-signature=LENJs%2BkkQsW9QCBGWWmYm2wrWns%3D&from=2064092626&se=false&sc=image&biz_tag=aweme_comment&l=2026050601295769B676EDB48BB68CB7C1', 'https://p5-ex-gddgtc-sign.douyinpic.com/tos-cn-i-p14lwwcsbr/6a0142c1160e4033abba844a15642025~tplv-p14lwwcsbr-7.image?lk3s=7b078dd2&x-expires=1778090400&x-signature=DOZTtHFtzUDnefOi93be1y6dlNQ%3D&from=2064092626&se=false&sc=image&biz_tag=aweme_comment&l=2026050601295769B676EDB48BB68CB7C1', 'https://p3-sign.douyinpic.com/tos-cn-i-p14lwwcsbr/6a0142c1160e4033abba844a15642025~tplv-p14lwwcsbr-7.jpeg?lk3s=7b078dd2&x-expires=1778090400&x-signature=PyU084nGOoEHLHlzdjVxxukNM1M%3D&from=2064092626&se=false&sc=image&biz_tag=aweme_comment&l=2026050601295769B676EDB48BB68CB7C1']",0,1777980377,九,Qburuqmzcl,https://p3-pc.douyinpic.com/aweme/100x100/aweme-avatar/tos-cn-i-0813_oMoACYFlhCsIrAF9qAQQLeGAAYAdgGfD4ncDEi.jpeg?from=2064092626,,0,安徽
7636323966186272101,7636366113773962034,老黑你眼睛进虫子了,,0,1777980039,又又子,61116901495,https://p3-pc.douyinpic.com/aweme/100x100/aweme-avatar/tos-cn-i-0813_oEbWA9GIfLI4eAMNATAQteHLKeF6DXHoEGARAf.jpeg?from=2064092626,https://p11-sign.douyinpic.com/obj/tos-cn-o-0812/oIEAQGpfrLLIxPljetQS1AFSQAfDDBABBFk2CE?lk3s=7b078dd2&x-expires=1778090400&x-signature=zyG1uZDM75q4eaOdIaEq3nciRhw%3D&from=2064092626&s=sticker_comment&se=false&sc=sticker_heif&biz_tag=aweme_comment&l=2026050601295769B676EDB48BB68CB7C1,0,湖北
7636323966186272101,7636358461907206954,手机扔了吧，摄像头坏了都,,0,1777978257,我想静静了,,https://p3-pc.douyinpic.com/aweme/100x100/aweme-avatar/tos-cn-i-0813c001_o8jgEqFyAeC8BCKEAADAIYh79Pog9CCAAPEHf2.jpeg?from=2064092626,,0,广东
7636323966186272101,7636342021574165275,你这一路走来真的很厉害了，抓得住机会，撑得起直播，从直播间几百人看到现在小两万，加油,,0,1777974429,东东的烧烤,LXL1889346,https://p3-pc.douyinpic.com/aweme/100x100/aweme-avatar/tos-cn-i-0813_1fd41438c45e40cc858b3ee592727634.jpeg?from=2064092626,,0,甘肃
7636323966186272101,7636325383352582938,怎么了，眼皮又抽筋了吗，这是,,4,1777970556,天丶空,,https://p3-pc.douyinpic.com/aweme/100x100/aweme-avatar/tos-cn-i-0813c001_oYf4q1faNEBFM8uEAIAAiAA8PeNAbNgQDB7bEC.jpeg?from=2064092626,,3,河南
7636323966186272101,7636329636511302449,人长的美就算了！还会穿搭！！还会wink！！！[不看][看],,1,1777971546,-听雨哭、,36367922146,https://p3-pc.douyinpic.com/aweme/100x100/aweme-avatar/tos-cn-avt-0015_9f012c484b32645f92a8e1d8cd44dee6.jpeg?from=2064092626,https://p5-ex-gddgtc-sign.douyinpic.com/obj/tos-cn-o-0812/oEAQAEyAMf7IfG3f5AceHdesa3qDWQFhQNHEWU?lk3s=7b078dd2&x-expires=1778090400&x-signature=Pn1pBDrEQcgkN7aTRi4HX%2FmNkD8%3D&from=2064092626&s=sticker_comment&se=false&sc=sticker_heif&biz_tag=aweme_comment&l=2026050601295769B676EDB48BB68CB7C1,0,广东
7636323966186272101,7636356412498821947,没有你的海岛，黯然失色！,,0,1777977780,谜鹿～,dy9gjvxl39u4,https://p3-pc.douyinpic.com/aweme/100x100/aweme-avatar/tos-cn-i-0813c001_oweAUfn8qgd9DCAQAolEAnCD8A3FIMjAnDnIAG.jpeg?from=2064092626,,0,浙江
7636323966186272101,7636413185025524517,爱播爱播我可以用你做屏保吗[舔屏],,0,1777990998,圳亮竹木制品厂,,https://p3-pc.douyinpic.com/aweme/100x100/aweme-avatar/tos-cn-avt-0015_57eb50173b37c8d1bbc9532c650e1d3c.jpeg?from=2064092626,,0,广东
7636323966186272101,7636406588907651889,一天没看你直播就不开心，唉，我一个快四十的老阿姨了怎么这么迷你,,1,1777989462,小芒果打烂番茄,,https://p3-pc.douyinpic.com/aweme/100x100/aweme-avatar/mosaic-legacy_26eaa0002fe8a273bf05c.jpeg?from=2064092626,,0,福建
7636323966186272101,7636423469073744677,头像又又换了,,0,1777993393,伊瑞,IS252410,https://p3-pc.douyinpic.com/aweme/100x100/aweme-avatar/tos-cn-i-0813c000-ce_ooEYApW5fFHAKAdAIpEDvufyQAAgwNQuEeLwz9.jpeg?from=2064092626,https://p5-ex-gddgtc-sign.douyinpic.com/obj/douyin-user-file/c874964a7429b92195fe33d6ec7fd0c7?lk3s=7b078dd2&x-expires=1778090400&x-signature=0hGoV532O9h1vCq%2FkNiNiYJ8kwU%3D&from=2064092626&s=sticker_comment&se=false&sc=sticker_heif&biz_tag=aweme_comment&l=2026050601295769B676EDB48BB68CB7C1,0,内蒙古
7636323966186272101,7636395927209493285,全蛋加会班吧,,1,1777986980,丨丨丨,,https://p3-pc.douyinpic.com/aweme/100x100/aweme-avatar/tos-cn-i-0813c000-ce_o89rx0ZEAg9SAIEE2EFpARDDwoenAEFnf06AYf.jpeg?from=2064092626,,0,广西
7636323966186272101,7636345288873116458,第一眼我还以为是王星夜[尬笑],,0,1777975190,王小二,wxe4251,https://p3-pc.douyinpic.com/aweme/100x100/aweme-avatar/tos-cn-i-0813_ogfNaauDAz90AQoIIC8lAeCnguDQAA75bvRAOs.jpeg?from=2064092626,,0,重庆
7636323966186272101,7636371227359806248,这不是我前妻吗[比心][比心][比心]，早几天还要我跟你生很多猴子呢[捂脸][捂脸][捂脸],,0,1777981230,100%,A111222333A444A,https://p3-pc.douyinpic.com/aweme/100x100/aweme-avatar/tos-cn-i-0813_owk91WECFAjfWwNZA7TKKkgIDfAtFAAHcCAoBQ.jpeg?from=2064092626,,0,湖北
7636323966186272101,7636347102221910821,你们想看的原图！不用谢,"['https://p11-sign.douyinpic.com/tos-cn-i-p14lwwcsbr/ee95921bdf884b5393cb7c4790343400~tplv-p14lwwcsbr-7.image?lk3s=7b078dd2&x-expires=1778090400&x-signature=UE14YXgzbNxaU3ujR3fhMXUSFIw%3D&from=2064092626&se=false&sc=image&biz_tag=aweme_comment&l=2026050601295959C8066C917CF92C70D5', 'https://p26-sign.douyinpic.com/tos-cn-i-p14lwwcsbr/ee95921bdf884b5393cb7c4790343400~tplv-p14lwwcsbr-7.image?lk3s=7b078dd2&x-expires=1778090400&x-signature=bEyzbFEpcGXv9FL2nuyIBEUayT0%3D&from=2064092626&se=false&sc=image&biz_tag=aweme_comment&l=2026050601295959C8066C917CF92C70D5', 'https://p5-ex-gddgtc-sign.douyinpic.com/tos-cn-i-p14lwwcsbr/ee95921bdf884b5393cb7c4790343400~tplv-p14lwwcsbr-7.image?lk3s=7b078dd2&x-expires=1778090400&x-signature=eygsR4RfgC5bDYeTJfQ8JHdZho4%3D&from=2064092626&se=false&sc=image&biz_tag=aweme_comment&l=2026050601295959C8066C917CF92C70D5', 'https://p11-sign.douyinpic.com/tos-cn-i-p14lwwcsbr/ee95921bdf884b5393cb7c4790343400~tplv-p14lwwcsbr-7.jpeg?lk3s=7b078dd2&x-expires=1778090400&x-signature=%2BHV2PT%2FLC6LrRvifZiPDXBwavLg%3D&from=2064092626&se=false&sc=image&biz_tag=aweme_comment&l=2026050601295959C8066C917CF92C70D5']",1,1777975612,火炎焱《卢哥》,lu75921160,https://p3-pc.douyinpic.com/aweme/100x100/aweme-avatar/tos-cn-avt-0015_bfb70b598243ccab3ec7f102db1a0aac.jpeg?from=2064092626,,0,天津
7636323966186272101,7636351463212942143,去海南捕鱼吗？,"['https://p11-sign.douyinpic.com/tos-cn-i-p14lwwcsbr/e220c80e52a04a498d50fe346f571c62~tplv-p14lwwcsbr-7.image?lk3s=7b078dd2&x-expires=1778090400&x-signature=X4C43eD0wlMcwUqOaxrkVrnIPFk%3D&from=2064092626&se=false&sc=image&biz_tag=aweme_comment&l=2026050601295959C8066C917CF92C70D5', 'https://p5-ex-gddgtc-sign.douyinpic.com/tos-cn-i-p14lwwcsbr/e220c80e52a04a498d50fe346f571c62~tplv-p14lwwcsbr-7.image?lk3s=7b078dd2&x-expires=1778090400&x-signature=%2FTA%2ByxCa76FG1tavgkYCSpf9OA0%3D&from=2064092626&se=false&sc=image&biz_tag=aweme_comment&l=2026050601295959C8066C917CF92C70D5', 'https://p26-sign.douyinpic.com/tos-cn-i-p14lwwcsbr/e220c80e52a04a498d50fe346f571c62~tplv-p14lwwcsbr-7.image?lk3s=7b078dd2&x-expires=1778090400&x-signature=CDiDROraKPHCGNfn4iAFVIIxF2Y%3D&from=2064092626&se=false&sc=image&biz_tag=aweme_comment&l=2026050601295959C8066C917CF92C70D5', 'https://p11-sign.douyinpic.com/tos-cn-i-p14lwwcsbr/e220c80e52a04a498d50fe346f571c62~tplv-p14lwwcsbr-7.jpeg?lk3s=7b078dd2&x-expires=1778090400&x-signature=l%2BaJ8Yn6ym%2FWlh5nf0h1gsodXvc%3D&from=2064092626&se=false&sc=image&biz_tag=aweme_comment&l=2026050601295959C8066C917CF92C70D5']",0,1777976628,小丸子.7,xiaowanzi.7,https://p3-pc.douyinpic.com/aweme/100x100/aweme-avatar/tos-cn-avt-0015_f06f806a955d59c38e9f52e8c7af18dc.jpeg?from=2064092626,,1,广东
7636323966186272101,7636362536867169070,美鼠了[戳手手][戳手手],,0,1777979206,小枝,xz__1113799133,https://p3-pc.douyinpic.com/aweme/100x100/aweme-avatar/mosaic-legacy_171ab00065e744363111f.jpeg?from=2064092626,,0,广东
7636323966186272101,7636368697670140722,张老黑我们看抖音是有要求的。,,0,1777980641,꧁༺予你༻꧂,yuni52596,https://p3-pc.douyinpic.com/aweme/100x100/aweme-avatar/tos-cn-i-0813_ccdf366d9d0e47349200fe987f79a952.jpeg?from=2064092626,,0,广东
7636323966186272101,7636370727515964209,迷哪些小伙子[呲牙],,0,1777981113,浩✰哥,,https://p3-pc.douyinpic.com/aweme/100x100/aweme-avatar/tos-cn-i-0813c001_9f3f0e38815842e89a6296b295e51b30.jpeg?from=2064092626,,0,四川
7636323966186272101,7636420690644222726,妖娆[呲牙][呲牙][呲牙],,0,1777992748,sjc,dykfs0kzm3ce,https://p3-pc.douyinpic.com/aweme/100x100/aweme-avatar/aweme_default_avatar.png.jpeg?from=2064092626,,0,广东
7636323966186272101,7636331091461473033,这是瞅啥？镜头都虚了[尬笑],,1,1777971886,66666,dysx9az21n36,https://p3-pc.douyinpic.com/aweme/100x100/aweme-avatar/tos-cn-i-0813_463efd4151f24719b1a15ba96132310b.jpeg?from=2064092626,,0,北京
7636323966186272101,7636354331964523301,50分警告！[捂脸],,0,1777977295,后会无期,51263108397,https://p3-pc.douyinpic.com/aweme/100x100/aweme-avatar/tos-cn-i-0813c000-ce_o85OKAuB7IUALQ2efDEAYeGTApwLIJ70FgZFo8.jpeg?from=2064092626,,0,福建
7636323966186272101,7636328458382181157,不好意思，兄弟不近女色[杀马特],,0,1777971272,力工,94132363195,https://p3-pc.douyinpic.com/aweme/100x100/aweme-avatar/tos-cn-avt-0015_d92aebfcf57134b53e0b51547ef1c2f4.jpeg?from=2064092626,,0,安徽
7636323966186272101,7636431774050911033,第一次刷到这个号,,0,1777995328,昕愿,lxy1101905,https://p3-pc.douyinpic.com/aweme/100x100/aweme-avatar/tos-cn-avt-0015_68e9fd6b944b5b47701e289310a915e2.jpeg?from=2064092626,,0,河北
7636323966186272101,7636379340515689270,看来我手机该换的了，看你作品有一点模糊,,2,1777983119,D-Sep.16·Virgo,94104028861,https://p3-pc.douyinpic.com/aweme/100x100/aweme-avatar/tos-cn-avt-0015_b8a6d94e6a8b1aa3648dd8d3e7f2e196.jpeg?from=2064092626,,0,福建
7636323966186272101,7636356218340852506,遭了，我是近视眼,,0,1777977735,rs-7,,https://p3-pc.douyinpic.com/aweme/100x100/aweme-avatar/tos-cn-avt-0015_e6d855923153206e683fd424471876d9.jpeg?from=2064092626,,0,四川
7636323966186272101,7636342949624202021,来钓鱼🎣,"['https://p5-ex-gddgtc-sign.douyinpic.com/tos-cn-i-p14lwwcsbr/8d29b45adfa14adf94942f5670db4908~tplv-p14lwwcsbr-7.image?lk3s=7b078dd2&x-expires=1778090400&x-signature=g5eC17f9is64jH6%2Bx8gxmJO%2BQBc%3D&from=2064092626&se=false&sc=image&biz_tag=aweme_comment&l=2026050601295959C8066C917CF92C70D5', 'https://p26-sign.douyinpic.com/tos-cn-i-p14lwwcsbr/8d29b45adfa14adf94942f5670db4908~tplv-p14lwwcsbr-7.image?lk3s=7b078dd2&x-expires=1778090400&x-signature=krD9HakOdUrqudLr0TMv29LMO9E%3D&from=2064092626&se=false&sc=image&biz_tag=aweme_comment&l=2026050601295959C8066C917CF92C70D5', 'https://p3-sign.douyinpic.com/tos-cn-i-p14lwwcsbr/8d29b45adfa14adf94942f5670db4908~tplv-p14lwwcsbr-7.image?lk3s=7b078dd2&x-expires=1778090400&x-signature=o1TPVSyUWel%2BRNS691vJHUMDmag%3D&from=2064092626&se=false&sc=image&biz_tag=aweme_comment&l=2026050601295959C8066C917CF92C70D5', 'https://p5-ex-gddgtc-sign.douyinpic.com/tos-cn-i-p14lwwcsbr/8d29b45adfa14adf94942f5670db4908~tplv-p14lwwcsbr-7.jpeg?lk3s=7b078dd2&x-expires=1778090400&x-signature=E8av%2FKVfvwsGKMzbSsx8O4vudKo%3D&from=2064092626&se=false&sc=image&biz_tag=aweme_comment&l=2026050601295959C8066C917CF92C70D5']",0,1777974646,ℳঞ风不问 ꦿ归期  ໌້ᮨ꧔ꦿ᭄,,https://p3-pc.douyinpic.com/aweme/100x100/aweme-avatar/tos-cn-i-0813c001_okbTtz2HDene855DGLeeIIAxCKAhQAISS3A07A.jpeg?from=2064092626,,0,山东
7636323966186272101,7636361008026420004,[色][色][色][色][色],,0,1777978850,冬雨夏雪,zyh_09_06,https://p3-pc.douyinpic.com/aweme/100x100/aweme-avatar/tos-cn-i-0813c001_oQf5FpACZDA9OAcJAfACIyE7bCBDgEBGynH79e.jpeg?from=2064092626,,0,黑龙江
7636323966186272101,7636399574559851301,[发呆]吓我一跳，我还以为我要瞎了看不清楚了，模糊不清的以后不准发了[抠鼻],,0,1777987830,℉,F0719.22,https://p3-pc.douyinpic.com/aweme/100x100/aweme-avatar/tos-cn-i-0813c000-ce_oostiUWiA6eAAIUEACi0AqBBwRoHAEm0fttAw6.jpeg?from=2064092626,,0,江苏
7636323966186272101,7636365536905167668,[比心][比心][比心][比心][比心][比心],,0,1777979905,那加⁵¹⁰⁷⁴,33774151453,https://p3-pc.douyinpic.com/aweme/100x100/aweme-avatar/tos-cn-i-0813_ocA0Af3hBAC0iALAQhiVKUEqUCDI8QcgzFeytA.jpeg?from=2064092626,https://p26-sign.douyinpic.com/obj/tos-cn-o-0812/ocwOfAIGdI4UMVnLIAAeZDIsLCepe0wAXGQ7D9?lk3s=7b078dd2&x-expires=1778090400&x-signature=VodBMyu4pUHUEp9zc5Yy9zCJO1Y%3D&from=2064092626&s=sticker_comment&se=false&sc=sticker_heif&biz_tag=aweme_comment&l=2026050601295959C8066C917CF92C70D5,0,中国台湾
7636323966186272101,7636391129865175835,,,0,1777985863,一路朝阳⁸⁰⁰⁸,yiqingchun2396,https://p3-pc.douyinpic.com/aweme/100x100/aweme-avatar/tos-cn-i-0813c000-ce_oIIhAYavLAAi3QAPaVIoVBCSCniE41AMqBiUC.jpeg?from=2064092626,https://p5-ex-gddgtc-sign.douyinpic.com/obj/tos-cn-o-0812/owe2vdAk6EA4gAePBXAuIsEBfXlDiEBGmDgjgF?lk3s=7b078dd2&x-expires=1778090400&x-signature=rFWDSN%2BIYf5Y06gtqGNHZLwyojs%3D&from=2064092626&s=sticker_comment&se=false&sc=sticker_heif&biz_tag=aweme_comment&l=20260506013000937C972F75B3D6003BB6,0,福建
7636323966186272101,7636407877809242917,,"['https://p3-sign.douyinpic.com/tos-cn-i-p14lwwcsbr/61bacf3c2bf24274a8c1822575f6933a~tplv-p14lwwcsbr-7.image?lk3s=7b078dd2&x-expires=1778090400&x-signature=qqj2joKM%2Bw6i0uux4Qur8SGSWOk%3D&from=2064092626&se=false&sc=image&biz_tag=aweme_comment&l=20260506013000937C972F75B3D6003BB6', 'https://p5-ex-gddgtc-sign.douyinpic.com/tos-cn-i-p14lwwcsbr/61bacf3c2bf24274a8c1822575f6933a~tplv-p14lwwcsbr-7.image?lk3s=7b078dd2&x-expires=1778090400&x-signature=yavXk4a%2F5YDQKQjbdOpZkRv5GSI%3D&from=2064092626&se=false&sc=image&biz_tag=aweme_comment&l=20260506013000937C972F75B3D6003BB6', 'https://p26-sign.douyinpic.com/tos-cn-i-p14lwwcsbr/61bacf3c2bf24274a8c1822575f6933a~tplv-p14lwwcsbr-7.image?lk3s=7b078dd2&x-expires=1778090400&x-signature=%2Boq2Zz0fhc3s8OdLlx%2FA3g8PpCI%3D&from=2064092626&se=false&sc=image&biz_tag=aweme_comment&l=20260506013000937C972F75B3D6003BB6', 'https://p3-sign.douyinpic.com/tos-cn-i-p14lwwcsbr/61bacf3c2bf24274a8c1822575f6933a~tplv-p14lwwcsbr-7.jpeg?lk3s=7b078dd2&x-expires=1778090400&x-signature=tpPNxEXx5PJpvg7bwQsp4fc510Q%3D&from=2064092626&se=false&sc=image&biz_tag=aweme_comment&l=20260506013000937C972F75B3D6003BB6']",0,1777989762,因果,29106950563,https://p3-pc.douyinpic.com/aweme/100x100/aweme-avatar/tos-cn-i-0813c000-ce_oAaEyAIPrpIWAvAxwDipC5imXiAA169HMvtBY.jpeg?from=2064092626,,0,重庆
7636323966186272101,7636324898408284986,保护嗓子为了明天是不[看][赞],,0,1777970443,✨️larkspur_tang⁵¹⁰⁷⁴,larkspur_tang,https://p3-pc.douyinpic.com/aweme/100x100/aweme-avatar/tos-cn-i-0813c000-ce_os9PAiQABaBhkgvKGalDIngEAikRCzAPyVMA6.jpeg?from=2064092626,,6,上海
7636323966186272101,7636362127632171822,完了，我近视更严重了，都看不清香香软软的雅雅了,,0,1777979111,宬澜.,,https://p3-pc.douyinpic.com/aweme/100x100/aweme-avatar/tos-cn-i-0813_oU6mDcgfAAAVA2QGAILcftMGheSiNBWICDIFeQ.jpeg?from=2064092626,,0,广东
7636323966186272101,7636336538716586789,瞅八百遍都不是你[裂开],,0,1777973153,Tloml 💋,,https://p3-pc.douyinpic.com/aweme/100x100/aweme-avatar/tos-cn-avt-0015_8438b8cfa466cc015cd704ef0afde490.jpeg?from=2064092626,,0,甘肃
7636323966186272101,7636365689398035234,我在期待什么？哈哈哈哈[呲牙][呲牙][呲牙]不愧是海岛悍妇[呲牙][呲牙][呲牙],,0,1777979940,☔星火🐒,xinghuo64164,https://p3-pc.douyinpic.com/aweme/100x100/aweme-avatar/tos-cn-i-0813_ocUseluiyENAAAAKrCdflDYhIVzA1EA7IgtiBg.jpeg?from=2064092626,,0,甘肃
7636323966186272101,7636451044843258687,,,0,1777999818,设计橙,,https://p3-pc.douyinpic.com/aweme/100x100/aweme-avatar/tos-cn-i-0813_ooGQDAiEILAHfmAAg2fGIfgD8NyAr3lbFCVeIv.jpeg?from=2064092626,https://p5-ex-gddgtc-sign.douyinpic.com/obj/douyin-user-image-file/2ad20b79efc6a00419f9b35eff8b6e7f?lk3s=7b078dd2&x-expires=1778090400&x-signature=KzhEf4LeMNTl%2BfbXtBqADUURso8%3D&from=2064092626&s=sticker_comment&se=false&sc=sticker_heif&biz_tag=aweme_comment&l=20260506013000937C972F75B3D6003BB6,0,广东
7636323966186272101,7636419044754047790,哈喽？[宕机],,0,1777992363,野的雅痞😈,,https://p3-pc.douyinpic.com/aweme/100x100/aweme-avatar/tos-cn-avt-0015_9e028dd0b30a6f9761b435003097a6b3.jpeg?from=2064092626,https://p26-sign.douyinpic.com/obj/tos-cn-o-0812/oMDEZAHwhfA2zYAQIYozB2JP08iASJyG6gcNBW?lk3s=7b078dd2&x-expires=1778090400&x-signature=cclBmibPTkKS9sP9Wrd%2FH1h7sXM%3D&from=2064092626&s=sticker_comment&se=false&sc=sticker_heif&biz_tag=aweme_comment&l=20260506013000937C972F75B3D6003BB6,0,江苏
7636323966186272101,7636430157926335232,吓我一跳[懵],,0,1777994951,进,,https://p3-pc.douyinpic.com/aweme/100x100/aweme-avatar/tos-cn-i-0813c001_owzIcyaYARhrBiivgzUAF17BRwXOPJEKAIAAF.jpeg?from=2064092626,,0,山东
7636323966186272101,7636328069288231738,左眼跳财右眼跳灾[呲牙],,0,1777971181,唐古拉山🐸,TYJ18888,https://p3-pc.douyinpic.com/aweme/100x100/aweme-avatar/tos-cn-i-0813c000-ce_oMeFJ3fDQI807ETBxDyoHxxgGF8ABEfAFAAnQg.jpeg?from=2064092626,,0,四川
7636323966186272101,7636368314068288262,我还以为是ai[黑脸]原来是我镜头摸佛了[尴尬流汗][尴尬流汗][尴尬流汗],,0,1777980551,Y巅峰,258258683y,https://p3-pc.douyinpic.com/aweme/100x100/aweme-avatar/tos-cn-i-0813c000-ce_ooRNfABfj1DENi93p1OqpAoAwEr5C7VIAAzOiD.jpeg?from=2064092626,,0,重庆
7636323966186272101,7636351137084719930,香香甜甜的小蛋糕雅雅 今天看不到你直播真的好蓝瘦[流泪],,1,1777976552,云里的山里的云.,Yoeyx.0818.,https://p3-pc.douyinpic.com/aweme/100x100/aweme-avatar/tos-cn-avt-0015_6fbaa12c242ed337a54645c74d189d84.jpeg?from=2064092626,,0,广东
7636323966186272101,7636339732389856049,突然觉得老黑也不是那么迷人了 算了还是去甩两杆吧,,0,1777973897,Killthemall,Killthemall6,https://p3-pc.douyinpic.com/aweme/100x100/aweme-avatar/mosaic-legacy_26d21000461d7cbf458ac.jpeg?from=2064092626,,0,上海
7636323966186272101,7636350388329825076,wink是这样吗[黑脸][黑脸]我以为你抽抽呢[黑脸],,0,1777976378,芋头快跑,,https://p3-pc.douyinpic.com/aweme/100x100/aweme-avatar/tos-cn-avt-0015_786872fbf3063ac998401b3e7339423c.jpeg?from=2064092626,,0,江西
7636323966186272101,7636358273096303370,明天别紧张哦 [比心],,0,1777978519,张君雅精彩画面,zjy51074,https://p3-pc.douyinpic.com/aweme/100x100/aweme-avatar/tos-cn-avt-0015_2e73054dc4704ed0c12fb3b5f9c56cd1.jpeg?from=2064092626,,0,安徽
7636323966186272101,7636382412880020265,要配眼镜了，看手机都是模糊的,,0,1777983833,起名真麻烦,,https://p3-pc.douyinpic.com/aweme/100x100/aweme-avatar/tos-cn-i-0813c001_o0nFeACbEn9DAPAbyf5aKIgbn9AASDssCAEgAA.jpeg?from=2064092626,,0,广东
7636323966186272101,7636326831897330481,张大房 一日不见如隔三秋[捂脸][捂脸][捂脸],,0,1777970893,ღ᭄不念过往ꦿ࿐,,https://p3-pc.douyinpic.com/aweme/100x100/aweme-avatar/tos-cn-i-0813c000-ce_ooIJALTQmNtGwF1egLQWveIQLBA7GApuXseXAI.jpeg?from=2064092626,,0,上海
7636323966186272101,7636325611569283883,主播主播，眼睛进沙子了吗[泣不成声],,1,1777970610,小宁同学,zrn20020214,https://p3-pc.douyinpic.com/aweme/100x100/aweme-avatar/tos-cn-i-0813_oEgg4l73DqpLAelCbANEAgAv46AoCfndAIjb9C.jpeg?from=2064092626,,0,山东
7636323966186272101,7636408643818799921,但反我年轻点！都德追你当媳妇！声音多好听,,0,1777989941,郭老二,dede_94521,https://p3-pc.douyinpic.com/aweme/100x100/aweme-avatar/tos-cn-avt-0015_9ef7bd1df79e90bd3b1b8247bf7b1078.jpeg?from=2064092626,,0,山东
7636323966186272101,7636345283354280714,咋和我媳妇儿长得一模一样呢[舔屏],,0,1777975189,大脚,91517539328,https://p3-pc.douyinpic.com/aweme/100x100/aweme-avatar/tos-cn-i-0813c001_oc9CgFAfA73fFkr0GolQAkNYPAIAQA42DH8VEg.jpeg?from=2064092626,,0,河北
7636323966186272101,7636404558637744933,啊😦，这个是海岛悍妇弓长张吗，这么漂亮[捂脸][捂脸],,0,1777988989,姓黄🇨🇳,H.55668888,https://p3-pc.douyinpic.com/aweme/100x100/aweme-avatar/tos-cn-i-0813c001_oY4eFUhC9AAplkCPAvJ8B8gEztAJfAAo0CAygI.jpeg?from=2064092626,,0,福建
7636323966186272101,7636358099654066996,几个意思想勾引我啊[灵机一动],,0,1777978174,感悟@,26851956832,https://p3-pc.douyinpic.com/aweme/100x100/aweme-avatar/tos-cn-i-0813c001_okqFHoJ3EEStAFiCwADIAgAokhAQCUD9AQef92.jpeg?from=2064092626,,0,湖南
7636323966186272101,7636370516652163877,,,0,1777981064,你看前面,wo5418388,https://p3-pc.douyinpic.com/aweme/100x100/aweme-avatar/tos-cn-i-0813c000-ce_ooQpEWwfg0u7AIQiQAQD9DFeBoJ88kfmEyAwDA.jpeg?from=2064092626,https://p26-sign.douyinpic.com/obj/tos-cn-o-0812/oABAbsDLFARCQlDlAx1KACkynfEEINAfgp5hGE?lk3s=7b078dd2&x-expires=1778090400&x-signature=YE9dWIo%2Byi8pvE5HMNCi91%2BbG3E%3D&from=2064092626&s=sticker_comment&se=false&sc=sticker_heif&biz_tag=aweme_comment&l=20260506013002875403142AF607C88DEA,0,内蒙古
7636323966186272101,7636338691200140042,哈哈哈哈哈，张君雅你好搞笑啊,,0,1777973655,春日捕月,39885964558,https://p3-pc.douyinpic.com/aweme/100x100/aweme-avatar/tos-cn-i-0813_owEHIAAAecawAuB0uiCMfU2JSk2AViAgNV7iCM.jpeg?from=2064092626,https://p26-sign.douyinpic.com/obj/tos-cn-i-3jr8j4ixpe/2d48ca3c3e1545e6997965f7c809b6ef?lk3s=7b078dd2&x-expires=1778090400&x-signature=GWy8lA05gu5QiTAsoBP82zf5V2g%3D&from=2064092626&s=sticker_comment&se=false&sc=sticker_heif&biz_tag=aweme_comment&l=20260506013002875403142AF607C88DEA,0,重庆
7636323966186272101,7636420172407931675,孕期保养,,0,1777992625,三月的火龙果,41733002599,https://p3-pc.douyinpic.com/aweme/100x100/aweme-avatar/aweme_default_avatar.png.jpeg?from=2064092626,,0,江苏
7636323966186272101,7636396437131821873,猫局和菜园子在蛐蛐你[呲牙],,0,1777987099,小 胖 超,,https://p3-pc.douyinpic.com/aweme/100x100/aweme-avatar/tos-cn-i-0813c000-ce_oIAoAfc6DJFTFAhBfqEXlcIzaFQQBgGg0f788A.jpeg?from=2064092626,,0,江苏
7636323966186272101,7636367082385654586,眼睛进沙子了？来。。吹吹,,0,1777980265,Eucalyptus 🐸,jxl60306,https://p3-pc.douyinpic.com/aweme/100x100/aweme-avatar/tos-cn-i-0813c000-ce_o0CSEniBA7fEKwOA60XyAGgIUAiKoeA2JhCLpw.jpeg?from=2064092626,,0,埃及
7636323966186272101,7636324998899467042,宝娟宝娟你的嗓子还好吗？[捂脸],,0,1777970468,启  夏,A50017856,https://p3-pc.douyinpic.com/aweme/100x100/aweme-avatar/tos-cn-avt-0015_b99660269fd16bd92c8e43c444621feb.jpeg?from=2064092626,,0,重庆
7636323966186272101,7636328394825909007,眼睛有东西就吹吹,,0,1777971258,麦咭🫕,maiji1231,https://p3-pc.douyinpic.com/aweme/100x100/aweme-avatar/tos-cn-avt-0015_e365bf254b6bf87bb6820b9b71c499ad.jpeg?from=2064092626,https://p5-ex-gddgtc-sign.douyinpic.com/obj/tos-cn-o-0812/oMAIQizAYBwE0AYfjADcDbKRaDOBZBiWGJ3gOU?lk3s=7b078dd2&x-expires=1778090400&x-signature=vdSDYPI0d5dCEqbz4K7Ok9QdybI%3D&from=2064092626&s=sticker_comment&se=false&sc=sticker_heif&biz_tag=aweme_comment&l=20260506013002875403142AF607C88DEA,0,辽宁
7636323966186272101,7636344855518167848,阿蛋，你这🃏对吗[摊手],,0,1777975090,大螃蟹⁵¹⁰⁷⁴,dyx1989114,https://p3-pc.douyinpic.com/aweme/100x100/aweme-avatar/tos-cn-avt-0015_489952419cc31981915409a3b20227b2.jpeg?from=2064092626,,0,四川
7636323966186272101,7636355824776921896,别在哪挤眉瞪眼的  比个心行嘛[抠鼻],,0,1777977643,悍匪,Z_________8888,https://p3-pc.douyinpic.com/aweme/100x100/aweme-avatar/tos-cn-i-0813_oU0eD6bYIAhOCbyAEEAonAAOAeiRBDPm5ggBhi.jpeg?from=2064092626,https://p3-sign.douyinpic.com/obj/tos-cn-i-3jr8j4ixpe/a60e749bc0124118ba8f9f9d02d8e409?lk3s=7b078dd2&x-expires=1778090400&x-signature=HvcHiTAKrXDi7eBXS75a6gvYCI4%3D&from=2064092626&s=sticker_comment&se=false&sc=sticker_heif&biz_tag=aweme_comment&l=20260506013002875403142AF607C88DEA,0,吉林
7636323966186272101,7636427358656774970,怎么看都看不出来，打游戏这么厉害的呀[偷笑],,0,1777994299,南゛衫・_・つ,,https://p3-pc.douyinpic.com/aweme/100x100/aweme-avatar/tos-cn-i-0813c000-ce_oUFQDAPQILA2LaAAg2LGczB0lZXAfClqeTaeKf.jpeg?from=2064092626,,0,浙江
7636323966186272101,7636349981485876010,抽筋了 主播,,0,1777976283,PASS\_,,https://p3-pc.douyinpic.com/aweme/100x100/aweme-avatar/f66e8a1e7a201c4d9229573da36c9d4e.jpeg?from=2064092626,,0,江苏
7636323966186272101,7636347001751945990,,,0,1777975590,🦁,31791020994,https://p3-pc.douyinpic.com/aweme/100x100/aweme-avatar/tos-cn-avt-0015_511f2c5f41eb558753732b1d7b72ff40.jpeg?from=2064092626,https://p3-sign.douyinpic.com/obj/ies.fe.effect/0b18243ab856c339d0123d975ab53605?lk3s=7b078dd2&x-expires=1778090400&x-signature=GD4WbjG7lBXdCsdkuafL%2FoGMDsA%3D&from=2064092626&s=sticker_comment&se=false&sc=sticker_heif&biz_tag=aweme_comment&l=20260506013002875403142AF607C88DEA,0,山东
7636323966186272101,7636434458753893177,张老黑是真漂亮[赞],,0,1777995953,蜕变@,32374633827,https://p3-pc.douyinpic.com/aweme/100x100/aweme-avatar/tos-cn-i-0813c000-ce_oMULlAAtpBEQvenVC6FEw5DYAVA9ciAIESf6nS.jpeg?from=2064092626,,0,云南
7636323966186272101,7636334258470847242,这是抛媚眼吗[发呆][发呆],,0,1777972622,耷拉憨儿🍡⁹⁵⁶,,https://p3-pc.douyinpic.com/aweme/100x100/aweme-avatar/tos-cn-avt-0015_bc77e7a9212cc83569ff1ce8fafbfe20.jpeg?from=2064092626,,0,江苏
7636323966186272101,7636336713522823972,君雅，眼镜儿借我戴戴噻，找个女盆友,,0,1777973194,小韩锅,555888hjs,https://p3-pc.douyinpic.com/aweme/100x100/aweme-avatar/tos-cn-i-0813_oMAAzIAPL9mAra8NqPEkCFSA9AsD9gbNwEfBe9.jpeg?from=2064092626,,0,湖北
7636323966186272101,7636347800826331941,你要夹死我们？,,0,1777975776,🐱顽主丶,jiwa1990,https://p3-pc.douyinpic.com/aweme/100x100/aweme-avatar/tos-cn-i-0813_c97f2c76d0a64beab7407dc12abb803e.jpeg?from=2064092626,,0,浙江
7636323966186272101,7636410020431921970,貌似房子确实有点面积,,0,1777990262,庸人,,https://p3-pc.douyinpic.com/aweme/100x100/aweme-avatar/tos-cn-i-0813c001_osAAQQAH6ooAUf9HCGEuCFvA9AIDjg5NFIfF1h.jpeg?from=2064092626,,0,江西
7636323966186272101,7636355428948329250,,,0,1777977553,゛知樂゜,ZHANG_212.,https://p3-pc.douyinpic.com/aweme/100x100/aweme-avatar/tos-cn-i-0813c000-ce_oANDFFRnvBwApDeuIAA4EfqDQf76SQAOrJE7gd.jpeg?from=2064092626,https://p11-sign.douyinpic.com/obj/tos-cn-i-3jr8j4ixpe/31838d8f105144faa092d46b8604280c?lk3s=7b078dd2&x-expires=1778090400&x-signature=FK%2FxlK%2BCBdGjwwq%2Fk9WpG3KS7sc%3D&from=2064092626&s=sticker_comment&se=false&sc=sticker_heif&biz_tag=aweme_comment&l=20260506013003F41FDC42766122C7B417,0,四川
7636323966186272101,7636325523228361529,老黑也是越来越风韵犹存了嫁给我吧[抱抱你][抱抱你][抱抱你],,0,1777970588,始皇摸电门,25268446021,https://p3-pc.douyinpic.com/aweme/100x100/aweme-avatar/tos-cn-avt-0015_ceac5ee2a5f65f106f72efe2e8f0d2aa.jpeg?from=2064092626,,0,河北
7636323966186272101,7636377389561758523,[比心][比心][比心],"['https://p5-ex-gddgtc-sign.douyinpic.com/tos-cn-i-p14lwwcsbr/2065113768704dc4a2b289478571e5f3~tplv-p14lwwcsbr-7.image?lk3s=7b078dd2&x-expires=1778090400&x-signature=GJZ0Pu0IdSZ%2BdjA5FKL2Qr9TjM4%3D&from=2064092626&se=false&sc=image&biz_tag=aweme_comment&l=20260506013003F41FDC42766122C7B417', 'https://p3-sign.douyinpic.com/tos-cn-i-p14lwwcsbr/2065113768704dc4a2b289478571e5f3~tplv-p14lwwcsbr-7.image?lk3s=7b078dd2&x-expires=1778090400&x-signature=2sbeC4Q7%2Fljb9CSJjnSUHsab7pA%3D&from=2064092626&se=false&sc=image&biz_tag=aweme_comment&l=20260506013003F41FDC42766122C7B417', 'https://p11-sign.douyinpic.com/tos-cn-i-p14lwwcsbr/2065113768704dc4a2b289478571e5f3~tplv-p14lwwcsbr-7.image?lk3s=7b078dd2&x-expires=1778090400&x-signature=zsCmUDWl82tuV7pJ3WiiNjAT3oc%3D&from=2064092626&se=false&sc=image&biz_tag=aweme_comment&l=20260506013003F41FDC42766122C7B417', 'https://p5-ex-gddgtc-sign.douyinpic.com/tos-cn-i-p14lwwcsbr/2065113768704dc4a2b289478571e5f3~tplv-p14lwwcsbr-7.jpeg?lk3s=7b078dd2&x-expires=1778090400&x-signature=uJA4M7GoCeC0YLHmjVX7h01o4Vk%3D&from=2064092626&se=false&sc=image&biz_tag=aweme_comment&l=20260506013003F41FDC42766122C7B417']",0,1777982664,心静自然,Xinjing98765,https://p3-pc.douyinpic.com/aweme/100x100/aweme-avatar/tos-cn-i-0813c001_9ba9364bce0c4f919b2666afe16c95a6.jpeg?from=2064092626,,0,河北
7636323966186272101,7636371819196678946,还可以,"['https://p26-sign.douyinpic.com/tos-cn-i-p14lwwcsbr/84d5af7ec54e418296ec00a280a1dbaf~tplv-p14lwwcsbr-7.image?lk3s=7b078dd2&x-expires=1778090400&x-signature=u8v9ihT%2FgMyjvDoU54t9yN%2F1NJU%3D&from=2064092626&se=false&sc=image&biz_tag=aweme_comment&l=20260506013003F41FDC42766122C7B417', 'https://p3-sign.douyinpic.com/tos-cn-i-p14lwwcsbr/84d5af7ec54e418296ec00a280a1dbaf~tplv-p14lwwcsbr-7.image?lk3s=7b078dd2&x-expires=1778090400&x-signature=IsGIa3Kaf7dyF6z4tC%2F%2FRGWww5Y%3D&from=2064092626&se=false&sc=image&biz_tag=aweme_comment&l=20260506013003F41FDC42766122C7B417', 'https://p5-ex-gddgtc-sign.douyinpic.com/tos-cn-i-p14lwwcsbr/84d5af7ec54e418296ec00a280a1dbaf~tplv-p14lwwcsbr-7.image?lk3s=7b078dd2&x-expires=1778090400&x-signature=laT4mehBRaPHJ2p1hiRDhdTtsAg%3D&from=2064092626&se=false&sc=image&biz_tag=aweme_comment&l=20260506013003F41FDC42766122C7B417', 'https://p26-sign.douyinpic.com/tos-cn-i-p14lwwcsbr/84d5af7ec54e418296ec00a280a1dbaf~tplv-p14lwwcsbr-7.jpeg?lk3s=7b078dd2&x-expires=1778090400&x-signature=Xe6q9f1xx7CCs4ugbF1D0Tyxa%2BA%3D&from=2064092626&se=false&sc=image&biz_tag=aweme_comment&l=20260506013003F41FDC42766122C7B417']",0,1777981367,🌈L,Liucong0406,https://p3-pc.douyinpic.com/aweme/100x100/aweme-avatar/tos-cn-avt-0015_30d391867420b0211ef00b8b35646402.jpeg?from=2064092626,,0,山东
7636323966186272101,7636329225607987978,,,1,1777971450,拜君仙⁹⁰⁹²⁷,Baijx3579777,https://p3-pc.douyinpic.com/aweme/100x100/aweme-avatar/tos-cn-i-0813_oMSPGek9BIeagXKv5ATALE38Qv7hAAREJBjAle.jpeg?from=2064092626,https://p5-ex-gddgtc-sign.douyinpic.com/obj/tos-cn-o-0812/ogJ4RijZiIAEQEnmJ5vKtAeAYAAr0BGsgAWXBR?lk3s=7b078dd2&x-expires=1778090400&x-signature=ld1piarxBZL7DwYDlI37PyAb7jg%3D&from=2064092626&s=sticker_comment&se=false&sc=sticker_heif&biz_tag=aweme_comment&l=20260506013003F41FDC42766122C7B417,0,云南
7636323966186272101,7636363476487537434,老婆,,0,1777979425,言念君子,Jxxii,https://p3-pc.douyinpic.com/aweme/100x100/aweme-avatar/tos-cn-i-0813c001_oYi5v77bLAAPBCIAsQA8a6yLgEoImEAgyTi1c.jpeg?from=2064092626,,0,浙江
7636323966186272101,7636368685564691249,天天看你两场直播，你把我整近视了，看你都看不清了[流泪],,0,1777980637,只爱大房,,https://p3-pc.douyinpic.com/aweme/100x100/aweme-avatar/tos-cn-avt-0015_190c3a42be6b3646d21cb25302efb2f7.jpeg?from=2064092626,,0,重庆
7636323966186272101,7636353795187229450,好妩媚的动作,,0,1777977172,永久的承诺,dy1pl34zfkobc,https://p3-pc.douyinpic.com/aweme/100x100/aweme-avatar/douyin-user-file_e36834e2e629b5331cc6bb3f8b9786a1.jpeg?from=2064092626,,0,广东
7636323966186272101,7636333179586904866,又是自律的一天吗我的姐[戳手手],,0,1777972372,Jenleo,Ay00000000v,https://p3-pc.douyinpic.com/aweme/100x100/aweme-avatar/tos-cn-avt-0015_937d812de80df6d045f638ccf1955126.jpeg?from=2064092626,,0,广西
7636323966186272101,7636406910200234795,你怎么大了卧槽[发呆],,0,1777989538,念安°,shenming1562,https://p3-pc.douyinpic.com/aweme/100x100/aweme-avatar/tos-cn-i-0813_oMIAAJIZATPQyEigMT8nnPRACAi2JBXAAmj4y.jpeg?from=2064092626,,0,山东
7636323966186272101,7636334932709557041,不好 眼疾犯了[憨笑],,0,1777972779,风来信,_JINGYU_08111202,https://p3-pc.douyinpic.com/aweme/100x100/aweme-avatar/tos-cn-avt-0015_e87477231710e09416f809258ba085ef.jpeg?from=2064092626,,0,湖南
7636323966186272101,7636366940567978786,我以为我手机卡了，还重新启动抖音[打脸][打脸],,0,1777980232,✨对你执着¹⁰²⁰,,https://p3-pc.douyinpic.com/aweme/100x100/aweme-avatar/tos-cn-i-0813_o03NfABosHBAJieN07sJ5ANAgEaFCVNIAA0oir.jpeg?from=2064092626,,0,福建
7636323966186272101,7636409912499618618,你这个建筑，我就住你旁边，[流泪],,0,1777990236,GZ,30610911810,https://p3-pc.douyinpic.com/aweme/100x100/aweme-avatar/tos-cn-avt-0015_3aad37d6f0cfc216ee80fc9e7f97a993.jpeg?from=2064092626,,0,四川
7636323966186272101,7636368913342006056,赶紧换手机。都拍不清楚了[捂脸][捂脸][捂脸],,0,1777980692,小敬敬²⁰²⁶,,https://p3-pc.douyinpic.com/aweme/100x100/aweme-avatar/tos-cn-i-0813c001_oM2FNACOEj9NCiA8Efe1AIMsnLAyxDwpgAEgAA.jpeg?from=2064092626,,0,江苏
7636323966186272101,7636352643191800635,老黑这是你？,,0,1777976902,☞看这里里这看☜,,https://p3-pc.douyinpic.com/aweme/100x100/aweme-avatar/mosaic-legacy_4acf000c221dd1e526db.jpeg?from=2064092626,,0,山东
7636323966186272101,7636400505002705706,[看],"['https://p11-sign.douyinpic.com/tos-cn-i-p14lwwcsbr/a5416ef8d9a647329e5f703ccef41386~tplv-p14lwwcsbr-7.image?lk3s=7b078dd2&x-expires=1778090400&x-signature=8a0%2BBffK9mj%2FMRArX6XQoc0EwLM%3D&from=2064092626&se=false&sc=image&biz_tag=aweme_comment&l=20260506013005493EDAF352BECEB6B5FA', 'https://p26-sign.douyinpic.com/tos-cn-i-p14lwwcsbr/a5416ef8d9a647329e5f703ccef41386~tplv-p14lwwcsbr-7.image?lk3s=7b078dd2&x-expires=1778090400&x-signature=niEd%2B5O7Yi6HqOVD8Smez4xXnVY%3D&from=2064092626&se=false&sc=image&biz_tag=aweme_comment&l=20260506013005493EDAF352BECEB6B5FA', 'https://p5-ex-gddgtc-sign.douyinpic.com/tos-cn-i-p14lwwcsbr/a5416ef8d9a647329e5f703ccef41386~tplv-p14lwwcsbr-7.image?lk3s=7b078dd2&x-expires=1778090400&x-signature=b21elOkBPuhcAf2assnhDSeC%2BU8%3D&from=2064092626&se=false&sc=image&biz_tag=aweme_comment&l=20260506013005493EDAF352BECEB6B5FA', 'https://p11-sign.douyinpic.com/tos-cn-i-p14lwwcsbr/a5416ef8d9a647329e5f703ccef41386~tplv-p14lwwcsbr-7.jpeg?lk3s=7b078dd2&x-expires=1778090400&x-signature=pExOvbuTnmGLOt8yVdUGYCbdoys%3D&from=2064092626&se=false&sc=image&biz_tag=aweme_comment&l=20260506013005493EDAF352BECEB6B5FA']",0,1777988047,_________⁰,C4909,https://p3-pc.douyinpic.com/aweme/100x100/aweme-avatar/tos-cn-i-0813_okagA31GPXdtILAENAvgxqrHvioAaiABC8gIw.jpeg?from=2064092626,,1,云南
7636323966186272101,7636409904899638065,我这是怎么了，我怎么看不群量？,,0,1777990234,刘业青,,https://p3-pc.douyinpic.com/aweme/100x100/aweme-avatar/tos-cn-i-0813c001_oUIn69FiADe4AIVEgCizAAABgrCiAA2vf4kAh5.jpeg?from=2064092626,,1,山东
7636323966186272101,7636340775672365873,全蛋，今晚播吗[快哭了][快哭了],,0,1777974139,某哩佢锦多,38435233516,https://p3-pc.douyinpic.com/aweme/100x100/aweme-avatar/tos-cn-i-0813c000-ce_oQI9FepAIsXpOT5EDEERZhFCbAAEtwfeEgAAhV.jpeg?from=2064092626,,5,广西
7636323966186272101,7636327249607721765,钓鱼去啊,"['https://p26-sign.douyinpic.com/tos-cn-i-p14lwwcsbr/8334b41e9b94454babcbc22aef50142b~tplv-p14lwwcsbr-7.image?lk3s=7b078dd2&x-expires=1778090400&x-signature=ZJQsMUUaR7siqlRkZTrpIa06jqM%3D&from=2064092626&se=false&sc=image&biz_tag=aweme_comment&l=20260506013005493EDAF352BECEB6B5FA', 'https://p3-sign.douyinpic.com/tos-cn-i-p14lwwcsbr/8334b41e9b94454babcbc22aef50142b~tplv-p14lwwcsbr-7.image?lk3s=7b078dd2&x-expires=1778090400&x-signature=g6mUERD%2BB%2FigJisC4ubsjpJBIWY%3D&from=2064092626&se=false&sc=image&biz_tag=aweme_comment&l=20260506013005493EDAF352BECEB6B5FA', 'https://p9-sign.douyinpic.com/tos-cn-i-p14lwwcsbr/8334b41e9b94454babcbc22aef50142b~tplv-p14lwwcsbr-7.image?lk3s=7b078dd2&x-expires=1778090400&x-signature=ExwnM2N07e7Z892dFEiPXxjWiP4%3D&from=2064092626&se=false&sc=image&biz_tag=aweme_comment&l=20260506013005493EDAF352BECEB6B5FA', 'https://p26-sign.douyinpic.com/tos-cn-i-p14lwwcsbr/8334b41e9b94454babcbc22aef50142b~tplv-p14lwwcsbr-7.jpeg?lk3s=7b078dd2&x-expires=1778090400&x-signature=IKmTbOwYWgi5fr7vj6ypdbWHFG4%3D&from=2064092626&se=false&sc=image&biz_tag=aweme_comment&l=20260506013005493EDAF352BECEB6B5FA']",0,1777970989,A-窦千盛,,https://p3-pc.douyinpic.com/aweme/100x100/aweme-avatar/tos-cn-avt-0015_166e529e6a4cb3e4c45c24ee5d5a845e.jpeg?from=2064092626,,5,河北
7636323966186272101,7636354738095932198,,,0,1777977390,KING,KlNG_666,https://p3-pc.douyinpic.com/aweme/100x100/aweme-avatar/tos-cn-i-0813c001_osjSMBASwPoPA0IaQArYRAQpiiL5BIAADEAqm.jpeg?from=2064092626,https://p3-sign.douyinpic.com/obj/ies.fe.effect/f7867905aa38eabaf30127417f237773?lk3s=7b078dd2&x-expires=1778090400&x-signature=BuprDVl2kWeNAzYEmFCXRGhLc2o%3D&from=2064092626&s=sticker_comment&se=false&sc=sticker_heif&biz_tag=aweme_comment&l=20260506013005493EDAF352BECEB6B5FA,0,广西
7636323966186272101,7636351248326132532,猫局女朋友？[抠鼻],,0,1777976578,四月初泡,5I0741122,https://p3-pc.douyinpic.com/aweme/100x100/aweme-avatar/tos-cn-avt-0015_76b7d3a44dfa193d1098189cfee96f88.jpeg?from=2064092626,,0,广东
7636323966186272101,7636405720681956148,你到底多大,,0,1777989260,是伱阿,,https://p3-pc.douyinpic.com/aweme/100x100/aweme-avatar/tos-cn-i-0813_e85a0219ac1543928a212c0c2a89430b.jpeg?from=2064092626,,0,甘肃
7636323966186272101,7636384947281052453,[发呆],,0,1777984424,📪囸囨囸囲,,https://p3-pc.douyinpic.com/aweme/100x100/aweme-avatar/tos-cn-avt-0015_9c565d633be5a9200df8ac0c306a715a.jpeg?from=2064092626,https://p5-ex-gddgtc-sign.douyinpic.com/obj/tos-cn-o-0812/oMAhAfqTDBDMFAClx3E6fVIf9EaQb2uAwEjxXB?lk3s=7b078dd2&x-expires=1778090400&x-signature=UMSrdlA9XHl42chbUTJQWbSIWNQ%3D&from=2064092626&s=sticker_comment&se=false&sc=sticker_heif&biz_tag=aweme_comment&l=20260506013005493EDAF352BECEB6B5FA,0,河北
7636323966186272101,7636373315573564223,后面有人，快,,0,1777981716,Leo...,wszcls188,https://p3-pc.douyinpic.com/aweme/100x100/aweme-avatar/tos-cn-i-0813c000-ce_oIIEQAEA9XM4AMDpQFHef3k508oAhEAweRikEj.jpeg?from=2064092626,,0,广东
7636323966186272101,7636329395649708810,老婆你勾引我,,0,1777971490,闲人小田_✈️,ty20000410.,https://p3-pc.douyinpic.com/aweme/100x100/aweme-avatar/tos-cn-avt-0015_bff0042b491366a93e1f19c70b9bfc01.jpeg?from=2064092626,,0,河北
7636323966186272101,7636339249391174459,房子这么大吗[捂脸],,0,1777973785,🅴,qifengle3607,https://p3-pc.douyinpic.com/aweme/100x100/aweme-avatar/tos-cn-avt-0015_4b07894a5442770e0fe9abe27a920428.jpeg?from=2064092626,,0,广东
7636323966186272101,7636328024597873423,真好看,,0,1777971170,可口可乐～,73479701018,https://p3-pc.douyinpic.com/aweme/100x100/aweme-avatar/tos-cn-avt-0015_9fd52dc2c4de6449aa9739ff1c8b0b81.jpeg?from=2064092626,https://p5-ex-gddgtc-sign.douyinpic.com/obj/tos-cn-o-0812/oUAprFglDQEt4g9dAUFACHxsUCfJpAAIEegZyk?lk3s=7b078dd2&x-expires=1778090400&x-signature=niPHn0S6qxdlbNzIEk9BR5KhJxI%3D&from=2064092626&s=sticker_comment&se=false&sc=sticker_heif&biz_tag=aweme_comment&l=20260506013005493EDAF352BECEB6B5FA,0,黑龙江
7636323966186272101,7636354441439904561,哈哈，你这图硬是扣都扣不出来[捂脸],,0,1777977321,红伞伞™,jjboom123456789,https://p3-pc.douyinpic.com/aweme/100x100/aweme-avatar/tos-cn-i-0813c000-ce_oI07D2YHIAYICdpAEYAbTEASAeiLEofn2wAB5i.jpeg?from=2064092626,,0,四川
7636323966186272101,7636364086439805723,这是抛媚眼还是在甩狙啊[捂脸],,0,1777979567,神气的明小佬,,https://p3-pc.douyinpic.com/aweme/100x100/aweme-avatar/tos-cn-avt-0015_00f8dec12f69a8216b64723f61337657.jpeg?from=2064092626,,0,江苏
7636323966186272101,7636335112644330291,爱播 这么美,,1,1777972820,橘子寶,,https://p3-pc.douyinpic.com/aweme/100x100/aweme-avatar/tos-cn-avt-0015_7116f905a85691d97a68538360574606.jpeg?from=2064092626,,0,广东
7636323966186272101,7636377186689434420,张老黑我暗恋你10多年了[看],,0,1777982617,海聴,42974772332,https://p3-pc.douyinpic.com/aweme/100x100/aweme-avatar/tos-cn-avt-0015_ee0a005b116535bf9d2e34ba121a1de6.jpeg?from=2064092626,https://p11-sign.douyinpic.com/obj/tos-cn-i-3jr8j4ixpe/03006e1ef5ed4bcab4a2c45c53befd15?lk3s=7b078dd2&x-expires=1778090400&x-signature=1j2advrFJdh1z99hlV7AsAlqv2w%3D&from=2064092626&s=sticker_comment&se=false&sc=sticker_heif&biz_tag=aweme_comment&l=20260506013005493EDAF352BECEB6B5FA,0,上海
7636323966186272101,7636330199454761754,保护嗓子 明天好骂人是不[呲牙],,0,1777971677,爆烟子老者,,https://p3-pc.douyinpic.com/aweme/100x100/aweme-avatar/tos-cn-i-0813_oAFfmXAcQI6bfKAEffKHnGNRTgWdozAeAAlLEt.jpeg?from=2064092626,,0,四川
7636323966186272101,7636334590827037480,休息，肯定不会超过十句[憨笑][憨笑],,0,1777972699,柠檬心、薄荷情〆,Z5H692,https://p3-pc.douyinpic.com/aweme/100x100/aweme-avatar/mosaic-legacy_1ca31000544e8b5dcbde7.jpeg?from=2064092626,,0,四川
7636323966186272101,7636360865490649914,进沙子了一看[捂脸],,0,1777978816,酸萝卜炖牛牛,,https://p3-pc.douyinpic.com/aweme/100x100/aweme-avatar/tos-cn-i-0813c000-ce_oMnDkAMAECqAIXFwp18AODgff1l9C9AruEE3m5.jpeg?from=2064092626,,0,贵州
7636323966186272101,7636326622216586010,为啥我一丝波动都木有啊,,0,1777970844,奥沙利文,48813615637,https://p3-pc.douyinpic.com/aweme/100x100/aweme-avatar/tos-cn-i-0813c001_oQIBzSA88kf3ACUGQ4WAZsAAiCC3WMAEbgvie6.jpeg?from=2064092626,,0,广东
7636323966186272101,7636341872939647781,[色][色][色],,0,1777974394,FIUN,LMH19950621,https://p3-pc.douyinpic.com/aweme/100x100/aweme-avatar/tos-cn-avt-0015_de2122463032c5574b9ad7f4761fb659.jpeg?from=2064092626,,0,广东
7636323966186272101,7636357257723478825,我可不可以把你娶了，老黑,,0,1777977978,ℳঞᩚ雁帰꧔ꦿ᭄,gg02580,https://p3-pc.douyinpic.com/aweme/100x100/aweme-avatar/tos-cn-avt-0015_b4336f4d3df67bf88835fc8cc973a93c.jpeg?from=2064092626,,0,贵州
7636323966186272101,7636377547140367147,眼睛不要跳[尴尬流汗],,0,1777982702,慕容云海,,https://p3-pc.douyinpic.com/aweme/100x100/aweme-avatar/tos-cn-i-0813_oYf3LF8AEQCIgdWFn0f2mAAA9AuBoDCQAAuYCj.jpeg?from=2064092626,,0,广东
7636323966186272101,7636351331590849317,这个小区咋这么熟悉呢[看],,0,1777976597,美景良辰等佳人,,https://p3-pc.douyinpic.com/aweme/100x100/aweme-avatar/tos-cn-i-0813c001_o4AkAfSeDABmFAyAxrEn55EzaCCI6Udg9G9b8A.jpeg?from=2064092626,,0,四川
7636323966186272101,7636386149951275825,直播看多了我是不是近视了，居然看不清老黑了[你不大行],,0,1777984704,爱睡懒觉的喵,Huaguomin666666.,https://p3-pc.douyinpic.com/aweme/100x100/aweme-avatar/tos-cn-avt-0015_2ba49f0b039ae466c8efa1c629d2da2b.jpeg?from=2064092626,,0,浙江
7636323966186272101,7636390343047938874,,,0,1777985680,@L_Y@⁵¹⁰⁷⁴₈₀₀₈,,https://p3-pc.douyinpic.com/aweme/100x100/aweme-avatar/tos-cn-i-0813c000-ce_occoRAkaAAAeA9QpwEFcp2eD0flY2TdEEAEClI.jpeg?from=2064092626,https://p3-sign.douyinpic.com/obj/tos-cn-o-0812/oIAoNJCWDQCYAp7rAkFACfxAwCfsmAAIEJguyV?lk3s=7b078dd2&x-expires=1778090400&x-signature=pg8e7j90VZIyP0lkgdWYoG4Xftk%3D&from=2064092626&s=sticker_comment&se=false&sc=sticker_heif&biz_tag=aweme_comment&l=20260506013007C0C6F9951F5A2C85D9CB,0,江西
7636323966186272101,7636337296283697961,老婆,,0,1777973331,com.dsasxdfbtgtyi,,https://p3-pc.douyinpic.com/aweme/100x100/aweme-avatar/tos-cn-i-0813c001_ooG0AEDXQE99CIIxke7eBsuB3SusPA6KAeAALS.jpeg?from=2064092626,,0,广东
7636323966186272101,7636325696307266338,保护嗓子要解说吗[呲牙],,0,1777970630,张老黑的飞哥⁵¹⁰⁷⁴,,https://p3-pc.douyinpic.com/aweme/100x100/aweme-avatar/tos-cn-i-0813_oovksEAcRzAAAkhBDIgIWig5QZYPtawPgadAi.jpeg?from=2064092626,,0,广东
7636323966186272101,7636408473399493422,成都数一数二数三数四……的大美女,,0,1777989901,叫你话嘛多,69286718039,https://p3-pc.douyinpic.com/aweme/100x100/aweme-avatar/tos-cn-avt-0015_4a1297edbdd8eee9df075ef81a227583.jpeg?from=2064092626,https://p3-sign.douyinpic.com/obj/ies.fe.effect/f244cf293078c7b80b8c9287f305d1dc?lk3s=7b078dd2&x-expires=1778090400&x-signature=RCIzlYpnFsgfo%2F3H9WSHjMrs%2FpE%3D&from=2064092626&s=sticker_comment&se=false&sc=sticker_heif&biz_tag=aweme_comment&l=20260506013007C0C6F9951F5A2C85D9CB,0,浙江
7636323966186272101,7636332886849536814,这么漂亮一小姐姐咋看着，有点模糊呢[捂脸],,0,1777972303,༺风趣༒的狼༻🍀²⁵²,,https://p3-pc.douyinpic.com/aweme/100x100/aweme-avatar/tos-cn-i-0813_oIAAAAK0NioAAeMI0V5PCi9fDBGCNnE9UljAcg.jpeg?from=2064092626,,0,河南
7636323966186272101,7636384047220228921,[色][色]死鬼 爱你哦老婆,,0,1777984214,温酒斩俗尘,li20019425,https://p3-pc.douyinpic.com/aweme/100x100/aweme-avatar/tos-cn-i-0813c000-ce_ogGNQevHAGIeKAAAIWCUeL7Jdm47fgqytLfFjA.jpeg?from=2064092626,,0,辽宁
7636323966186272101,7636342328366924601,不费打扮,,0,1777974501,相师,54683001540,https://p3-pc.douyinpic.com/aweme/100x100/aweme-avatar/tos-cn-i-0813c000-ce_ogeBMEyPAzAIiAm0hTeiiMFpEEcfbAVKUwBZAk.jpeg?from=2064092626,,0,广东
7636323966186272101,7636348723013878543,老黑眼睛抽筋了[偷笑],,0,1777975989,陪伴,R1594643999x,https://p3-pc.douyinpic.com/aweme/100x100/aweme-avatar/mosaic-legacy_316830004aab97186c955.jpeg?from=2064092626,,0,浙江
7636323966186272101,7636398694149473061,全蛋，你请我吃宵夜，我请你肯定排上队，倒反天罡了[不失礼貌的微笑],,0,1777987624,那个人,dy7nbg10j6vq,https://p3-pc.douyinpic.com/aweme/100x100/aweme-avatar/tos-cn-i-0813_b76bbfea7d2c4f5c86245772c04dfa01.jpeg?from=2064092626,,0,浙江
7636323966186272101,7636377850828964665,[捂脸][捂脸][捂脸],,0,1777982772,TA ⁵⁷¹⁷ 🐎,VIP13145717.,https://p3-pc.douyinpic.com/aweme/100x100/aweme-avatar/tos-cn-avt-0015_d0cc8d1cf64b1dcaa964b24638136bcc.jpeg?from=2064092626,,0,浙江
7636323966186272101,7636415501786972964,蛋蛋哥不想努力了，你从了哥吧[害羞],,0,1777991538,阿谁🤔,,https://p3-pc.douyinpic.com/aweme/100x100/aweme-avatar/tos-cn-i-0813_o0AAsgAvd3QAYeeiL3INELLB7BlGnAUaiQeBI4.jpeg?from=2064092626,,0,陕西
7636323966186272101,7636326514384339749,什么比分？君雅,,0,1777970818,老衲法号乱来,,https://p3-pc.douyinpic.com/aweme/100x100/aweme-avatar/tos-cn-i-0813c000-ce_oEG8AItABIqdBL1Bm8BeAe5C1XAfE7g16QEVAJ.jpeg?from=2064092626,,0,广东
7636323966186272101,7636334618153681701,这就是香香甜甜的小蛋糕吗,,0,1777972706,叙白,qin147181,https://p3-pc.douyinpic.com/aweme/100x100/aweme-avatar/tos-cn-avt-0015_38cc51ce779f08265637f4da6d78ad02.jpeg?from=2064092626,,0,广东
7636323966186272101,7636342421382775615,张大房子,,0,1777974522,z,zz00239218,https://p3-pc.douyinpic.com/aweme/100x100/aweme-avatar/tos-cn-avt-0015_94a1951c68dbc05f659f372359edc525.jpeg?from=2064092626,,0,江苏
7636323966186272101,7636349729501315876,蛋蛋,,0,1777976225,【斌•1979】,,https://p3-pc.douyinpic.com/aweme/100x100/aweme-avatar/tos-cn-i-0813c001_okoeDzxVIAqWCUtAE9A1UAAPA9ivvCfUCgMBti.jpeg?from=2064092626,,0,新疆
7636323966186272101,7636337159620117288,[色],,0,1777973297,冷雨650559187573,dytlsbi9ll3x,https://p3-pc.douyinpic.com/aweme/100x100/aweme-avatar/mosaic-legacy_2ce7d0005166d1af08f07.jpeg?from=2064092626,,0,广东
7636323966186272101,7636347494603391795,这谁啊，不像全蛋,,0,1777975703,H-,285_,https://p3-pc.douyinpic.com/aweme/100x100/aweme-avatar/tos-cn-i-0813c001_oAAsEaIGAKeB1eqAFSiTBnpIYALqe7AJIVE4SA.jpeg?from=2064092626,,0,湖北
7636323966186272101,7636334034897208104,照片模糊，看不清[戳手手][戳手手],,0,1777972570,两颗西柚,57692130381,https://p3-pc.douyinpic.com/aweme/100x100/aweme-avatar/tos-cn-i-0813_ogkwtdPKiIKKAKmAvQCSiAorjsnyAIcEQaBAw.jpeg?from=2064092626,,0,广东
7636323966186272101,7636332607878054713,我的心里只有,,0,1777972238,82251353231,82251353231,https://p3-pc.douyinpic.com/aweme/100x100/aweme-avatar/aweme_default_avatar.png.jpeg?from=2064092626,,0,吉林
7636323966186272101,7636339622872564529,该说不说，还是真乖呀,,0,1777973871,谢文俊,56361292705,https://p3-pc.douyinpic.com/aweme/100x100/aweme-avatar/tos-cn-avt-0015_35a1eca63f9bd0fa1ac360f818d2c378.jpeg?from=2064092626,,0,广东
7636323966186272101,7636333441760002867,八倍镜都带上了[捂脸],,0,1777972432,風,,https://p3-pc.douyinpic.com/aweme/100x100/aweme-avatar/tos-cn-avt-0015_7998f512f8b46ebcc2054ae9f65a580a.jpeg?from=2064092626,,0,内蒙古
7636323966186272101,7636333407626445617,雅雅好美[尬笑],,0,1777972423,365285385,588125dgyd,https://p3-pc.douyinpic.com/aweme/100x100/aweme-avatar/aweme_default_avatar.png.jpeg?from=2064092626,,0,江苏
7636323966186272101,7636340567241179961,[赞][赞][玫瑰][玫瑰],,0,1777974091,雷仔,,https://p3-pc.douyinpic.com/aweme/100x100/aweme-avatar/mosaic-legacy_85fd001494df7a2d71f6.jpeg?from=2064092626,,0,北京
7636323966186272101,7636326817398555429,以你的性格不吼是不可能的[呲牙][呲牙][呲牙],,0,1777970890,轧尕有活,,https://p3-pc.douyinpic.com/aweme/100x100/aweme-avatar/tos-cn-i-0813c000-ce_osex1dv9XEgNAUeEEp1w0ODvFLfAAE4ADIYXAj.jpeg?from=2064092626,,0,山东
7636323966186272101,7636343702209889081,这不完犊子了吗，打游戏给我打成近视眼了,,0,1777974820,🃏,Yifanfengshun294,https://p3-pc.douyinpic.com/aweme/100x100/aweme-avatar/tos-cn-avt-0015_8f238c306a8365970b9bb66f4eb030ee.jpeg?from=2064092626,,0,广东
7636323966186272101,7636378357780857658,陌生,,0,1777982889,一条锦鲤游啊游～,WuXin_ZuiYue.75,https://p3-pc.douyinpic.com/aweme/100x100/aweme-avatar/tos-cn-i-0813c000-ce_okNCwpDAAQpAFFvurnfC9U9t3xLoVqA1AEEQfI.jpeg?from=2064092626,,0,江西
7636323966186272101,7636347091144721201,给哪个小哥哥放电呢[尬笑],,0,1777975609,WH＆,,https://p3-pc.douyinpic.com/aweme/100x100/aweme-avatar/tos-cn-i-0813_a9b8eac8a66f419d9b509250c423ea64.jpeg?from=2064092626,,0,山西
7636323966186272101,7636348709496832803,今晚来双流看川超，张老黑,,0,1777975987,春风零度,18080989299zcx,https://p3-pc.douyinpic.com/aweme/100x100/aweme-avatar/tos-cn-i-0813_c267b0b311294e78bda896eb94f95c6e.jpeg?from=2064092626,,0,四川
7636323966186272101,7636336635814691643,哈喽，狙神[胜利],,0,1777973175,kimi 🌾,,https://p3-pc.douyinpic.com/aweme/100x100/aweme-avatar/tos-cn-i-0813c000-ce_o49yAFsiqdE3wAj0AbAIeVgilfCGvsAeEBmEw2.jpeg?from=2064092626,,0,辽宁
7636323966186272101,7636344600824120114,香香甜甜的蛋糕小雅雅,,0,1777975030,北鸢⁸⁰⁰⁸,beiyuan098,https://p3-pc.douyinpic.com/aweme/100x100/aweme-avatar/mosaic-legacy_26ea500040ea6ebd5baaa.jpeg?from=2064092626,,0,广东
7636323966186272101,7636344674739127099,,,0,1777975047,爱老付油,88711647954,https://p3-pc.douyinpic.com/aweme/100x100/aweme-avatar/tos-cn-avt-0015_cbbd5d33fe14da1880d54ebfedad2ade.jpeg?from=2064092626,https://p3-sign.douyinpic.com/obj/ies.fe.effect/717d84ce43875de075a36523a18a8d6a?lk3s=7b078dd2&x-expires=1778090400&x-signature=K04tvIQFMcULqYqxKjDlhrbqaK8%3D&from=2064092626&s=sticker_comment&se=false&sc=sticker_heif&biz_tag=aweme_comment&l=2026050601300929B4CCDBB33F3E7134DE,0,黑龙江
7636323966186272101,7636374548833567497,我的大宝贝,,0,1777982002,🌈回头,,https://p3-pc.douyinpic.com/aweme/100x100/aweme-avatar/tos-cn-i-0813c001_okCFAMIoUiBAxABAE0iB8EfpIAWqgg3gANAiAe.jpeg?from=2064092626,,0,浙江
7636323966186272101,7636326160826041139,今天不[看]叫了,,0,1777970737,Li~佳伟,Lijiawei1779,https://p3-pc.douyinpic.com/aweme/100x100/aweme-avatar/tos-cn-avt-0015_fba9740bb0638c91eea00e693e614f1a.jpeg?from=2064092626,,0,广东
7636323966186272101,7636326139359232805,,,0,1777970731,刘十三  .,zhe857857886,https://p3-pc.douyinpic.com/aweme/100x100/aweme-avatar/tos-cn-avt-0015_731dddb2067c3bb0dbfd30a9ee030f9e.jpeg?from=2064092626,https://p3-sign.douyinpic.com/obj/douyin-user-image-file/625348ae252bde696dcac0fd891d994f?lk3s=7b078dd2&x-expires=1778090400&x-signature=w8rz%2B326odSijW5hhxThDr6HL5w%3D&from=2064092626&s=sticker_comment&se=false&sc=sticker_heif&biz_tag=aweme_comment&l=2026050601300929B4CCDBB33F3E7134DE,0,江苏
7636323966186272101,7636343147648238345,瞄准呢[灵机一动],,0,1777974691,一生有李,,https://p3-pc.douyinpic.com/aweme/100x100/aweme-avatar/tos-cn-i-0813c001_okiTTYniIeAeQCERUADGAjBABSIfb7PEL20FAz.jpeg?from=2064092626,,0,辽宁
7636323966186272101,7636346843319976756,不处,,0,1777975552,00000,yusheng11655,https://p3-pc.douyinpic.com/aweme/100x100/aweme-avatar/tos-cn-i-0813_o4AVAvvMBAD0iAQAC5itmYEgfCCI74ugyqeI2A.jpeg?from=2064092626,,0,山东
7636323966186272101,7636346521646138171,蒸全蛋,,0,1777975477,小帅而已,xiaoshuaiery96,https://p3-pc.douyinpic.com/aweme/100x100/aweme-avatar/tos-cn-i-0813_47c47e721c3d4b39be4ef59b10894efe.jpeg?from=2064092626,,0,广东
7636323966186272101,7636385399913464613,这个蛋又在臭美[呲牙],,0,1777984529,逍遥缘,,https://p3-pc.douyinpic.com/aweme/100x100/aweme-avatar/tos-cn-i-0813_o0fDfH5faQPeQKAAvAAA2YHbV8gJ20QC0A6gFI.jpeg?from=2064092626,,0,山东
7636323966186272101,7636390515630244614,喜欢的扣1,,0,1777985720,A开心就好,,https://p3-pc.douyinpic.com/aweme/100x100/aweme-avatar/mosaic-legacy_aa9c001fe3572a384274.jpeg?from=2064092626,,0,内蒙古
7636323966186272101,7636344038895911737,好大的房子[捂脸][捂脸],,0,1777974899,浮梦人生,71043293438,https://p3-pc.douyinpic.com/aweme/100x100/aweme-avatar/tos-cn-i-0813_osYR5GIRQAEHfYABMBHIfv2AYIA7AAL6OhE2ke.jpeg?from=2064092626,,0,广东
7636323966186272101,7636341725350773556,老黑,,0,1777974361,用户_0180918,Y.5678999,https://p3-pc.douyinpic.com/aweme/100x100/aweme-avatar/tos-cn-avt-0015_e3bfefd69d7bc48ca5dabd9b8df35798.jpeg?from=2064092626,,0,河南
7636323966186272101,7636343250047501093,你叫我们看鸡蛋,,0,1777974715,夜风,,https://p3-pc.douyinpic.com/aweme/100x100/aweme-avatar/tos-cn-i-0813c000-ce_o0mAaCAsihVDZh5OBMhzarViEA9AQo5rPnIAP.jpeg?from=2064092626,,0,广东
7636323966186272101,7636377179698152251,,,0,1777982615,二毛,QQADGN,https://p3-pc.douyinpic.com/aweme/100x100/aweme-avatar/tos-cn-i-0813c000-ce_okPAtqAF6F2kACnAQpyk9kwAyEIPfE8DQRfKR1.jpeg?from=2064092626,https://p3-sign.douyinpic.com/obj/tos-cn-o-0812/ogJ4RijZiIAEQEnmJ5vKtAeAYAAr0BGsgAWXBR?lk3s=7b078dd2&x-expires=1778090400&x-signature=9gWcHEHRWqsUn2sq8sjtiOeBVHo%3D&from=2064092626&s=sticker_comment&se=false&sc=sticker_heif&biz_tag=aweme_comment&l=2026050601300929B4CCDBB33F3E7134DE,0,广东
7636323966186272101,7636339704976098111,怎么这么模糊,,0,1777973892,梦千年,konglijiwa886,https://p3-pc.douyinpic.com/aweme/100x100/aweme-avatar/tos-cn-i-0813c001_oY4LZfwyAAABA7yhAQ5oofGPW2fs6BXHBBENCg.jpeg?from=2064092626,,0,广东
7636323966186272101,7636342620306228017,换头像了吗还以为冒充的[懵],,0,1777974569,苏苏..,39863058923,https://p3-pc.douyinpic.com/aweme/100x100/aweme-avatar/tos-cn-i-0813c000-ce_ooODdAYAEDYAIMFgTzYAj5efcTs7FMBsZEJ4er.jpeg?from=2064092626,,0,江苏
7636323966186272101,7636353684251788068,这有点不像啊，我要验牌,,0,1777977146,不会写的小徐,AA19960505,https://p3-pc.douyinpic.com/aweme/100x100/aweme-avatar/tos-cn-i-0813c001_o4AgAQiA2sjQhAe8XA81HfyFeNtMDIXvI9eCsn.jpeg?from=2064092626,,0,浙江
7636323966186272101,7636334869220377363,眼睛进沙子了就找人吹吹,,0,1777972765,某某.,ktaeyeon_ss,https://p3-pc.douyinpic.com/aweme/100x100/aweme-avatar/tos-cn-i-0813_ogCvA0CeUiDArA3AE0iBx4PnIAhDgTW3ANtiXe.jpeg?from=2064092626,,0,重庆
7636323966186272101,7636400693917713206,@张全蛋。 [看],,0,1777988090,_________⁰,C4909,https://p3-pc.douyinpic.com/aweme/100x100/aweme-avatar/tos-cn-i-0813_okagA31GPXdtILAENAvgxqrHvioAaiABC8gIw.jpeg?from=2064092626,,0,云南
7636323966186272101,7636325095515210555,张雅君,,0,1777970489,，，，凡，，，尘,,https://p3-pc.douyinpic.com/aweme/100x100/aweme-avatar/mosaic-legacy_fa0d000d82f21814ac67.jpeg?from=2064092626,,0,广东
7636323966186272101,7636349958345622324,王超,,0,1777976277,塔明,,https://p3-pc.douyinpic.com/aweme/100x100/aweme-avatar/tos-cn-avt-0015_a1379e763891678d13bd2cf2307be677.jpeg?from=2064092626,,0,北京
7636323966186272101,7636355485184459529,爱播,,0,1777977563,得鹿梦鱼⁸⁰⁰⁸,Dreamchaser90,https://p3-pc.douyinpic.com/aweme/100x100/aweme-avatar/tos-cn-i-0813_f94c81168728437986a79e78cfbaaca9.jpeg?from=2064092626,,0,安徽
7636323966186272101,7636341594661274374,这谁啊[发呆],,0,1777974330,ㅤㅤㅤㅤㅤㅤ,GaoQing666666,https://p3-pc.douyinpic.com/aweme/100x100/aweme-avatar/tos-cn-i-0813c001_oEA5CA9mAjvPtbYik5LLOIIBBAIaQisEdAbAE.jpeg?from=2064092626,,1,广东
7636323966186272101,7636339531059495680,怀了？,,0,1777973851,北北林,WWW20111221,https://p3-pc.douyinpic.com/aweme/100x100/aweme-avatar/tos-cn-i-0813_a7d7053cd014468ab7c6e6c9f2320dd2.jpeg?from=2064092626,,0,河南
7636323966186272101,7636365528307958543,吓我一跳,,0,1777979904,0.0,dydyzligitgq,https://p3-pc.douyinpic.com/aweme/100x100/aweme-avatar/tos-cn-i-0813c001_ogS94QECMAhQvDNeApvrNGgIDfAMFAALpCApZQ.jpeg?from=2064092626,,0,北京
7636323966186272101,7636336922985726730,张八毛,,0,1777973242,炸毛🐸,54631963117,https://p3-pc.douyinpic.com/aweme/100x100/aweme-avatar/tos-cn-i-0813c001_oMIeyC0AivYruVNsBAEmMViCdAACKgf0iWAAzS.jpeg?from=2064092626,,0,黑龙江
7636323966186272101,7636374659668558628,像我媳妇,,0,1777982029,超,,https://p3-pc.douyinpic.com/aweme/100x100/aweme-avatar/tos-cn-avt-0015_71a06f614321c92e63b51d82360454a7.jpeg?from=2064092626,,0,内蒙古
7636323966186272101,7636324627409552165,老黑,,0,1777970380,当时只道是寻常🤢,DestinyPlays,https://p3-pc.douyinpic.com/aweme/100x100/aweme-avatar/tos-cn-avt-0015_14b29d944627390844f081ca1504912a.jpeg?from=2064092626,,0,山西
7636323966186272101,7636327449554551593,刚看到你了,,0,1777971037,567,wanglianqi,https://p3-pc.douyinpic.com/aweme/100x100/aweme-avatar/tos-cn-avt-0015_e2dca1e52d99ed07f25b2829582e2c6e.jpeg?from=2064092626,,0,河北
7636323966186272101,7636347240852194107,请你不要对我抛媚眼[看],,0,1777975644,梦醒如初、,Hu127031,https://p3-pc.douyinpic.com/aweme/100x100/aweme-avatar/tos-cn-i-0813c000-ce_oYXknFD19AE07QAdkqEIZ4CAfAHwhuAM1pfmOG.jpeg?from=2064092626,,0,广东
7636323966186272101,7636332358883754752,抽筋了吗[看],,0,1777972181,兜里揣好运,,https://p3-pc.douyinpic.com/aweme/100x100/aweme-avatar/tos-cn-avt-0015_ef6069811e2a24cd45357371c11f9047.jpeg?from=2064092626,,0,江苏
7636323966186272101,7636340783600108337,像雾像雨又像风[尬笑],,0,1777974141,🔪一笑卿莫言⁷⁰⁷,245040548rr,https://p3-pc.douyinpic.com/aweme/100x100/aweme-avatar/tos-cn-i-0813c000-ce_oQpBMAa1ATdS1Z9XxAiA8TETEQAAkWPIPviwV.jpeg?from=2064092626,,0,四川
7636323966186272101,7636326603400250152,妳去哪麻麻  妳这么模糊 我咋给妳做贴图[偷笑][偷笑],,0,1777970864,🦁🖤,35320909451,https://p3-pc.douyinpic.com/aweme/100x100/aweme-avatar/tos-cn-avt-0015_5f5d3bcc8d68475f662e3c1ff1990554.jpeg?from=2064092626,,0,中国台湾
7636323966186272101,7636371247471821617,张老黑,,0,1777981234,无间地狱,34302397666,https://p3-pc.douyinpic.com/aweme/100x100/aweme-avatar/tos-cn-i-0813c001_oAgz8zACfACUAHBGA4rlnVIg4ie2v0pAoNiEAZ.jpeg?from=2064092626,,0,四川
7636323966186272101,7636338242589459249,哎呀，这谁呀[呲牙][呲牙],,0,1777973550,ʕ•̫͡•ʔ维仔ᥫᩣ,weizai5520,https://p3-pc.douyinpic.com/aweme/100x100/aweme-avatar/tos-cn-i-0813c000-ce_oAAAoiMwO9K2BRKAefaECFA3weiFEDAIK0BnEP.jpeg?from=2064092626,,0,广东
7636323966186272101,7636347625046246207,迷,,0,1777975734,杨贵妃,,https://p3-pc.douyinpic.com/aweme/100x100/aweme-avatar/mosaic-legacy_26d3a0005f147d8ecf8bc.jpeg?from=2064092626,,0,广西
7636323966186272101,7636336495468593970,,,0,1777973143,Winfred,,https://p3-pc.douyinpic.com/aweme/100x100/aweme-avatar/mosaic-legacy_2cd8000043920eaed2566.jpeg?from=2064092626,https://p3-sign.douyinpic.com/obj/douyin-user-image-file/3d03fd399670fa9384a921aa207a46b3?lk3s=7b078dd2&x-expires=1778090400&x-signature=4tOPSG17JbV3p2nAPmJB1p8VmPA%3D&from=2064092626&s=sticker_comment&se=false&sc=sticker_heif&biz_tag=aweme_comment&l=2026050601301298E76787C18E3C992D57,0,广东
7636323966186272101,7636326920359691018,有点东西的[拜拜],,0,1777970914,一个从人民中走出来的普通人（修了心养性版,zg88880000888,https://p3-pc.douyinpic.com/aweme/100x100/aweme-avatar/tos-cn-i-0813_oMH359IAoKALKIffH7sf3levAlGUERAQOALfoL.jpeg?from=2064092626,,0,山西
7636323966186272101,7636336757580268328,[舔屏],,0,1777973205,异画官,40978342387,https://p3-pc.douyinpic.com/aweme/100x100/aweme-avatar/tos-cn-i-0813c001_ogI7xaSAL94gBhSkGBEveyLB9AAEeAeQIXBAFj.jpeg?from=2064092626,,0,广西
7636323966186272101,7636325235374277433,[舔屏][舔屏][舔屏],,0,1777970521,🌾🌾🌾炒菜不用郭先生🍎🍊🍉🍌,79935925090,https://p3-pc.douyinpic.com/aweme/100x100/aweme-avatar/tos-cn-i-0813c000-ce_oYeUePCe6E0DAi1Ei0iwyKB3igPAAEoADIroAp.jpeg?from=2064092626,,0,山东
7636323966186272101,7636333949686645514,[杀马特],,0,1777973024,๑҉慢渡余生,xy5551_,https://p3-pc.douyinpic.com/aweme/100x100/aweme-avatar/tos-cn-avt-0015_c086bcfa511c275a5d2c18d5fc2cae7e.jpeg?from=2064092626,,0,广东
7636323966186272101,7636367098322928441,这是谁啊？,,0,1777980268,🍀、,aixiaoxiaoyang,https://p3-pc.douyinpic.com/aweme/100x100/aweme-avatar/tos-cn-avt-0015_e587929408ba43d17ecd559c96fd8c2f.jpeg?from=2064092626,,0,四川
7636323966186272101,7636338796271960891,[赞],,0,1777973679,用户9527,,https://p3-pc.douyinpic.com/aweme/100x100/aweme-avatar/tos-cn-avt-0015_c538935ca20cfcc932ef812df81e9743.jpeg?from=2064092626,,0,山东
7636323966186272101,7636385360218915633,老婆[舔屏][舔屏],,0,1777984520,🌈天池秦不凡🌈,,https://p3-pc.douyinpic.com/aweme/100x100/aweme-avatar/tos-cn-i-0813c000-ce_osAAXqEIEEwpK9ofmMFeg9CTQgIeBAA9DED9A0.jpeg?from=2064092626,,0,陕西
7636323966186272101,7636334611232965413,靠 张老黑来头不小,,0,1777972705,容易尴尬,,https://p3-pc.douyinpic.com/aweme/100x100/aweme-avatar/tos-cn-avt-0015_cec94b7ec8c6ae9ee4245ddc75d433f9.jpeg?from=2064092626,,0,河北
7636323966186272101,7636355647025578810,你这是风吹迷眼睛了[捂脸][捂脸][捂脸],,0,1777977601,散步的翼手龙,29384445709,https://p3-pc.douyinpic.com/aweme/100x100/aweme-avatar/tos-cn-avt-0015_68a98dd5ba1d8ba653b916e15a534070.jpeg?from=2064092626,,0,辽宁
7636323966186272101,7636413413171069738,漂亮！[色],,0,1777991052,滚烫的大米饭,woxinyiJiui650,https://p3-pc.douyinpic.com/aweme/100x100/aweme-avatar/tos-cn-i-0813_o050fABSEACiAD5zPAAgIRAiPDwZBUZT26peN0.jpeg?from=2064092626,https://p26-sign.douyinpic.com/obj/joker/weshine/e3ada51ff9f2e00162ea9f2f6cb92b82.gif?lk3s=7b078dd2&x-expires=1778090400&x-signature=qPq8hXogrABuoeMrxYSMkDeWa9c%3D&from=2064092626&s=sticker_comment&se=false&sc=sticker_heif&biz_tag=aweme_comment&l=2026050601301298E76787C18E3C992D57,0,广西
7636323966186272101,7636379130589807414,@[玫瑰][玫瑰][玫瑰][玫瑰][玫瑰],,0,1777983069,✨️等一下³¹⁵,,https://p3-pc.douyinpic.com/aweme/100x100/aweme-avatar/tos-cn-i-0813c001_oUAAAp2YBByINC6AEDzFPEIhC7rehdfgAsMAPs.jpeg?from=2064092626,,0,安徽
7636323966186272101,7636324769482441515,大美女,,0,1777970413,中正剑近代第一剑,guobatian551,https://p3-pc.douyinpic.com/aweme/100x100/aweme-avatar/tos-cn-i-0813_ooDeNEwIBCywxCOhgifGAEAAUiPaAoAAY6M9M2.jpeg?from=2064092626,,0,北京
7636323966186272101,7636350728789426993,我要少熬夜了，刷视频都模糊了[流泪],,0,1777976457,莫问,mowen43192,https://p3-pc.douyinpic.com/aweme/100x100/aweme-avatar/tos-cn-i-0813_ogqjbAnrerCBe87vK21ofAaBAIbuE8iQAA2qDV.jpeg?from=2064092626,,0,广东
7636323966186272101,7636336851359597339,我在俱乐部消费都好多个华子了，能不能带我打游戏[看],,0,1777973225,小刘、,lyp258888,https://p3-pc.douyinpic.com/aweme/100x100/aweme-avatar/tos-cn-avt-0015_d5c20c745863924b69ae6d43f02a4bee.jpeg?from=2064092626,,0,广东
7636323966186272101,7636393332390544137,眼睛咋了？不舒服吗,,0,1777986376,᭄ᐝ小滿即安໊ഒᩚ࿐,bobo.66,https://p3-pc.douyinpic.com/aweme/100x100/aweme-avatar/tos-cn-avt-0015_8966fd4488367c5f56ae7eeb2fb9becc.jpeg?from=2064092626,,0,福建
7636323966186272101,7636353866704323365,那个眼神是勾引人的[戳手手][戳手手][戳手手],,0,1777977188,魔尊,lxl2017622,https://p3-pc.douyinpic.com/aweme/100x100/aweme-avatar/tos-cn-i-0813c000-ce_okiXmAeAEEAfWIC1A0Aw76QLoCiiTs2Bt3cyJw.jpeg?from=2064092626,,0,广东
7636323966186272101,7636337776926114619,打雾是欺负我的手机没有除雾功能吗,,0,1777973441,十一🐷⁷¹³,GZ196828,https://p3-pc.douyinpic.com/aweme/100x100/aweme-avatar/tos-cn-avt-0015_f0992efb5b924715ed30295d14888917.jpeg?from=2064092626,,0,陕西
7636323966186272101,7636367784779481871,完了 近视越来越严重了[绝望的凝视],,0,1777980428,七遇冬,,https://p3-pc.douyinpic.com/aweme/100x100/aweme-avatar/tos-cn-avt-0015_c47d92d9593610d87383137fb0357f70.jpeg?from=2064092626,,0,湖南
7636323966186272101,7636326873345835810,越来越好看了，今天去哪玩了,,1,1777970903,離影⁵¹⁰⁷⁴,90781340571,https://p3-pc.douyinpic.com/aweme/100x100/aweme-avatar/tos-cn-i-0813c001_oEAABQAfopTACRfGiZEyEF6B7B7DPAuaTIfHQn.jpeg?from=2064092626,,0,湖南
7636323966186272101,7636349877769339663,你好，，蛋[捂脸][捂脸],,0,1777976259,怼你难受,dyjyx9r0thxe,https://p3-pc.douyinpic.com/aweme/100x100/aweme-avatar/tos-cn-i-0813c001_oQxg3ipuAbKA1ICk9B2CAyx7VDQfIAeOAGAxbn.jpeg?from=2064092626,,0,河南
7636323966186272101,7636325619223216945,[玫瑰][玫瑰][玫瑰],,0,1777970610,龍辶九天,73652058451,https://p3-pc.douyinpic.com/aweme/100x100/aweme-avatar/tos-cn-i-0813c000-ce_o8ie21Ii8CPZAWBUEwf1iDAeAUE6kAtlEW0zyA.jpeg?from=2064092626,,0,广东
7636323966186272101,7636366702734492465,不处[杀马特],,0,1777980175,🌈半點心.,56215549622,https://p3-pc.douyinpic.com/aweme/100x100/aweme-avatar/tos-cn-avt-0015_5ea4ca7c502db9ffb1ff99b266f002d5.jpeg?from=2064092626,,0,贵州
7636323966186272101,7636326289963926318,一看就是眼睛进小飞虫了[大笑],,0,1777970768,那个谁,,https://p3-pc.douyinpic.com/aweme/100x100/aweme-avatar/tos-cn-i-0813c001_osAMrKfNGgHeIMkfAwLAMS2v8IeUlACQIGAjDz.jpeg?from=2064092626,,0,河北
7636323966186272101,7636360128589054726,哦？,,0,1777978646,Gᴗo_ᥫᩣ,61512949535,https://p3-pc.douyinpic.com/aweme/100x100/aweme-avatar/tos-cn-i-0813c001_ocwIenJ7Ang8ODejWA8HgHQD9AytAbrbAACkAc.jpeg?from=2064092626,https://p5-ex-gddgtc-sign.douyinpic.com/obj/tos-cn-o-0812/o4AIQi5AYopEzAFfCA5wCQFoRJMBZBitB4ugXb?lk3s=7b078dd2&x-expires=1778090400&x-signature=enAmy8k44hWF61j7XxURHeXLjGk%3D&from=2064092626&s=sticker_comment&se=false&sc=sticker_heif&biz_tag=aweme_comment&l=20260506013014F4EFB58C31EBF663475D,0,吉林
7636323966186272101,7636338277737825030,想你好痛，爱你好难呀[泣不成声]，在海岛谁不怕你老黑,,0,1777973559,小路6,88197294757,https://p3-pc.douyinpic.com/aweme/100x100/aweme-avatar/tos-cn-avt-0015_077b6a974be063b0b583876bc687b885.jpeg?from=2064092626,,0,吉林
7636323966186272101,7636382033006265134,好可爱的宝宝,,0,1777983744,汪汪小汪,61557390447,https://p3-pc.douyinpic.com/aweme/100x100/aweme-avatar/tos-cn-avt-0015_e31b4f5a39844cd3b25341da7cd9d3cc.jpeg?from=2064092626,,0,浙江
7636323966186272101,7636351276121178937,你就这样迷死我们,,0,1777976584,吃个汤圆（见过Roy²,Dec13_wiiiss,https://p3-pc.douyinpic.com/aweme/100x100/aweme-avatar/tos-cn-avt-0015_65083093844294b7f666e1130dfaf2dc.jpeg?from=2064092626,https://p3-sign.douyinpic.com/obj/tos-cn-o-0812/oAGrE1QZg63xAIsopAQDNZFCypANCvffCPAoDA?lk3s=7b078dd2&x-expires=1778090400&x-signature=3aqc4%2FAYh6HSZeS9SfK1v3JCYEg%3D&from=2064092626&s=sticker_comment&se=false&sc=sticker_heif&biz_tag=aweme_comment&l=20260506013014F4EFB58C31EBF663475D,0,广东
7636323966186272101,7636358708305478452,这个眼镜加分哟,,0,1777978315,喝屋阿花,hewuahua8355,https://p3-pc.douyinpic.com/aweme/100x100/aweme-avatar/tos-cn-i-0813_0fdf987ab8854fd69b653e73fbcc5194.jpeg?from=2064092626,,0,重庆
7636323966186272101,7636398666487874314,红红火火迷迷糊糊,,0,1777987618,好名字,,https://p3-pc.douyinpic.com/aweme/100x100/aweme-avatar/tos-cn-i-0813_a4ce2e327ac24098ac67ba57a3fd6ccc.jpeg?from=2064092626,,0,山东
7636323966186272101,7636329290728997632,乖乖你戴眼镜太巴适的板了嘛,,0,1777971467,黄鹤楼•天赐淡雅香,wyc1995.03.04.,https://p3-pc.douyinpic.com/aweme/100x100/aweme-avatar/tos-cn-i-0813c001_oQW6eAGEQERIAF5heHAAgfALxP4fiMEUpKBsoe.jpeg?from=2064092626,,0,湖北
7636323966186272101,7636326272410878778,怎么了怎么了眼睛,,0,1777970762,捣蛋熊,,https://p3-pc.douyinpic.com/aweme/100x100/aweme-avatar/tos-cn-i-0813_c3eb28ac08634b6da12b9002b720f7b4.jpeg?from=2064092626,,0,甘肃
7636323966186272101,7636332477771383610,我也得配个眼镜了，咋看得这么花呀[晕],,0,1777972208,冰杯,,https://p3-pc.douyinpic.com/aweme/100x100/aweme-avatar/tos-cn-i-0813c000-ce_o88oBrzmAAAiA91vwEFGEHeDwffYuPhEEAEASI.jpeg?from=2064092626,,0,浙江
7636323966186272101,7636346081400128305,你这是眼睛进沙子了[捂脸][偷笑],,0,1777975375,CYC,,https://p3-pc.douyinpic.com/aweme/100x100/aweme-avatar/tos-cn-i-0813_e56a287509d64a3a8e3fafc8f28e6fbe.jpeg?from=2064092626,,0,江苏
7636323966186272101,7636421221600592677,你是在给俺抛媚眼吗[色],,0,1777992869,诗酒❤趁年华,dywed6fu08ve,https://p3-pc.douyinpic.com/aweme/100x100/aweme-avatar/tos-cn-i-0813_1bd6ba9b440f4bd4b76a8387b69bf9e0.jpeg?from=2064092626,,0,塞内加尔
7636323966186272101,7636335986289607458,咦整个模糊的[敲打][敲打][敲打][敲打][敲打][敲打][敲打],,0,1777973025,꧁转角꧂,,https://p3-pc.douyinpic.com/aweme/100x100/aweme-avatar/mosaic-legacy_3120b000009bbae959db5.jpeg?from=2064092626,,0,江西
7636323966186272101,7636325493436711717,都叫你老黑，这也不黑啊,,0,1777970581,欧普特,55x2200,https://p3-pc.douyinpic.com/aweme/100x100/aweme-avatar/tos-cn-i-0813c000-ce_oMMGLFD1SBvAMDmkEAAMIeAHQlymTIAewJf7gn.jpeg?from=2064092626,,0,陕西
7636323966186272101,7636352523016454952,我就说没错吧[黄脸干杯],,0,1777976875,阿同,,https://p3-pc.douyinpic.com/aweme/100x100/aweme-avatar/tos-cn-avt-0015_5a875aa546eeb0af571eb5573d5ac393.jpeg?from=2064092626,,0,内蒙古
7636323966186272101,7636341867584799515,老黑出来钓鱼,,0,1777974394,G,,https://p3-pc.douyinpic.com/aweme/100x100/aweme-avatar/tos-cn-avt-0015_02b320d7ef1380ee865a3e3a7b9c9ec9.jpeg?from=2064092626,,0,四川
7636323966186272101,7636401274141885221,咋没去炸鱼塘呢？,,0,1777988225,兔子和青草,63643764661,https://p3-pc.douyinpic.com/aweme/100x100/aweme-avatar/tos-cn-i-0813_o8dgicfDAO7wAQLIBEeMAbAnAya2ABQebGIBRX.jpeg?from=2064092626,,0,河南
7636323966186272101,7636354355365053193,宝宝好美,,0,1777977301,在下薄荷雨•⩊• ྀིྀིྀིྀིྀི,jimovo.,https://p3-pc.douyinpic.com/aweme/100x100/aweme-avatar/tos-cn-avt-0015_0f37f1953ba1f0bb4321f03257182eb1.jpeg?from=2064092626,https://p3-sign.douyinpic.com/obj/tos-cn-o-0812/owvlFAAMpFAxAJLpCjFEgoDtytAxftAQIAfdCM?lk3s=7b078dd2&x-expires=1778090400&x-signature=Jenf%2FUk2Ctd44bnMSgX3dSGJcQI%3D&from=2064092626&s=sticker_comment&se=false&sc=sticker_heif&biz_tag=aweme_comment&l=202605060130158765293512450396B4DC,0,上海
7636323966186272101,7636348633156354870,我不信,,0,1777975970,雨滴滴😛,21983830922,https://p3-pc.douyinpic.com/aweme/100x100/aweme-avatar/tos-cn-i-0813c001_okE1A9CmE90OgF70hfDDDgAADmAfAw8AJIApED.jpeg?from=2064092626,,0,安徽
7636323966186272101,7636324618391028489,[鼓掌][鼓掌][鼓掌][鼓掌][鼓掌][鼓掌],,0,1777970377,烨哥@☜,,https://p3-pc.douyinpic.com/aweme/100x100/aweme-avatar/mosaic-legacy_240910001898f6caaa0d1.jpeg?from=2064092626,,0,北京
7636323966186272101,7636348303575417609,这个是哪个美女咋这么模糊呢？还是我认识的那个张老黑嘛[比心][比心][比心][赞][赞][赞],,0,1777975892,🌈晓鹏❤️NANA📺🎶,xiaopengAINA,https://p3-pc.douyinpic.com/aweme/100x100/aweme-avatar/tos-cn-i-0813c001_oALSfSSBAAAqA7B2AIFoyxaDffdIELMEBBEDIQ.jpeg?from=2064092626,,0,湖北
7636323966186272101,7636397927325745974,牌没问题,,0,1777987741,王Sir,,https://p3-pc.douyinpic.com/aweme/100x100/aweme-avatar/tos-cn-i-0813_eb534b41edc448318b8b459bec0499a9.jpeg?from=2064092626,,0,新疆
7636323966186272101,7636361809636950833,眼睛咋了,,0,1777979036,千奇百怪,,https://p3-pc.douyinpic.com/aweme/100x100/aweme-avatar/tos-cn-i-0813c000-ce_ocIAIMmqPiqVnA1nTWZhP5ZdC7PAAisEd0hBA.jpeg?from=2064092626,,0,四川
7636323966186272101,7636329715666289445,甜妹甜妹[色],,0,1777971564,识趣,cl1314179_,https://p3-pc.douyinpic.com/aweme/100x100/aweme-avatar/tos-cn-i-0813c000-ce_oQD0eEZIDP7XTENywEfdAkAA7FofApEANzw90R.jpeg?from=2064092626,,0,新疆
7636323966186272101,7636326633834119977,你眼睛刺挠啊,,0,1777970847,求求啦,,https://p3-pc.douyinpic.com/aweme/100x100/aweme-avatar/mosaic-legacy_312930003b0e513a2b4d4.jpeg?from=2064092626,,0,吉林
7636323966186272101,7636327618115076918,蛋儿[舔屏],,0,1777971075,晓乔治ovo,,https://p3-pc.douyinpic.com/aweme/100x100/aweme-avatar/tos-cn-i-0813c001_oY0CEXOAABicPgAANA9Cfip7FADBLI3Xe4SiWA.jpeg?from=2064092626,,0,广东
7636323966186272101,7636346597056365327,网恋吗,,0,1777975495,九亿少女的梦,00009.,https://p3-pc.douyinpic.com/aweme/100x100/aweme-avatar/tos-cn-avt-0015_1ea841421cc02d6df1d982949935dcf6.jpeg?from=2064092626,,0,黑龙江
7636323966186272101,7636332958664770313,儿童节快乐[呲牙],,0,1777972320,蜀道山🇨🇳™♊💧💧,zjlk2008,https://p3-pc.douyinpic.com/aweme/100x100/aweme-avatar/tos-cn-i-0813c001_o4eRSADDoCBvpHXFEAAgbAEiAA1mfJ3gh9IHA9.jpeg?from=2064092626,,0,安徽
7636323966186272101,7636343673538396971,老花眼镜找出来[呲牙][呲牙],,0,1777974816,❤︎,yijunhui9015,https://p3-pc.douyinpic.com/aweme/100x100/aweme-avatar/tos-cn-i-0813_o01AAn0I5M9BtC6ZgpC6lvi2iAAeDAfybEDNAE.jpeg?from=2064092626,,0,广东
7636323966186272101,7636369114063668025,哇噻，[捂脸]这地方我住过好几年,,0,1777980737,廿三,yiqi11998,https://p3-pc.douyinpic.com/aweme/100x100/aweme-avatar/tos-cn-i-0813c000-ce_ocCppAD4EECEAC0XfAAwInAFpPk5PlfbvwI9n9.jpeg?from=2064092626,,0,湖北
7636323966186272101,7636367154736350002,南方小土豆[捂脸][捂脸][捂脸],,0,1777980281,ヤ_贁镓尐爷,dydlpeyu8158,https://p3-pc.douyinpic.com/aweme/100x100/aweme-avatar/tos-cn-i-0813c001_3e3440ebb24541bc803899684683654b.jpeg?from=2064092626,,0,内蒙古
7636323966186272101,7636366099827262259,我这老花眼,,0,1777980035,小熊打盹,chen3100383,https://p3-pc.douyinpic.com/aweme/100x100/aweme-avatar/tos-cn-avt-0015_1c1dda71b54afb92fd7d2b973511d36b.jpeg?from=2064092626,,0,广东
7636323966186272101,7636338581279359753,爱播用的老年机拍的[躺平],,0,1777973628,🌈爱吃香菜⁸⁰⁰⁸,,https://p3-pc.douyinpic.com/aweme/100x100/aweme-avatar/tos-cn-i-0813_o8yS9aA0eAI1gwHfAG7ReDE4HIBaLBAv4hAQUc.jpeg?from=2064092626,,0,四川
7636323966186272101,7636333280732398386,住的大平层哦！不孬,,0,1777972394,蜀道山🇨🇳™♊💧💧,zjlk2008,https://p3-pc.douyinpic.com/aweme/100x100/aweme-avatar/tos-cn-i-0813c001_o4eRSADDoCBvpHXFEAAgbAEiAA1mfJ3gh9IHA9.jpeg?from=2064092626,,0,安徽
7636323966186272101,7636340772313318178,要眼药水不[戳手手],,0,1777974139,言语-,,https://p3-pc.douyinpic.com/aweme/100x100/aweme-avatar/tos-cn-i-0813c001_okAAJIAiBIzAbpTKuBhqCfAAeAEzYgQN4ENAZT.jpeg?from=2064092626,,0,广东
7636323966186272101,7636387271357039409,钓鱼去啊,,0,1777984964,王牌飞行员,VaE659896,https://p3-pc.douyinpic.com/aweme/100x100/aweme-avatar/tos-cn-avt-0015_7589a22ad1fb2f2a7c52364f4a28ff2e.jpeg?from=2064092626,,0,广东
7636323966186272101,7636334390159852337,这比闪光弹还闪[捂脸][捂脸][捂脸],,0,1777972653,小夜曲,Ls..0907,https://p3-pc.douyinpic.com/aweme/100x100/aweme-avatar/tos-cn-i-0813c000-ce_oAUEncZ5JG5VfQWrPaLCgzII7Af6Ap9eBAFTA8.jpeg?from=2064092626,,0,广东
7636323966186272101,7636338156732220218,嘿嘿宝贝明天见[贴贴],,0,1777973529,秋山澪,skatarina,https://p3-pc.douyinpic.com/aweme/100x100/aweme-avatar/tos-cn-avt-0015_a8bfb71513b3b9ab19ae97ce8b41101e.jpeg?from=2064092626,,0,山东
7636323966186272101,7636325271961273125,哎呦[懵][懵][懵],,0,1777970530,王爱东♑,N1120P,https://p3-pc.douyinpic.com/aweme/100x100/aweme-avatar/tos-cn-avt-0015_2f156a346020b0531a5646362789cb07.jpeg?from=2064092626,,0,北京
7636323966186272101,7636421253607588657,哥救我 哥,,0,1777992877,candy,candy19910316,https://p3-pc.douyinpic.com/aweme/100x100/aweme-avatar/mosaic-legacy_26edd0000e84c32a46871.jpeg?from=2064092626,https://p3-sign.douyinpic.com/obj/ies.fe.effect/51d5aaef952d81783db8f557cc00bac0?lk3s=7b078dd2&x-expires=1778090400&x-signature=YgjAuNz8wCj376neU3f39vkgEiE%3D&from=2064092626&s=sticker_comment&se=false&sc=sticker_heif&biz_tag=aweme_comment&l=20260506013017E40B857F25D5B3AC8504,0,江苏
7636323966186272101,7636401401887720201,[比心][比心][比心][懵],,0,1777988254,酃,4869xxxl,https://p3-pc.douyinpic.com/aweme/100x100/aweme-avatar/tos-cn-i-0813c001_1c59fce373c24a528650d83f64be20d5.jpeg?from=2064092626,,0,陕西
7636323966186272101,7636376484962140980,眼睛进沙子了吗   我帮你吹吹[比心][比心][比心],,0,1777982454,曹同学。,,https://p3-pc.douyinpic.com/aweme/100x100/aweme-avatar/tos-cn-i-0813c001_osEe7ADDeHwfZA8m2zB6akEEAqiFIBPCBQAAIo.jpeg?from=2064092626,,0,广东
7636323966186272101,7636375210983310120,挺漂亮的[比心][比心][比心],,0,1777982156,心如止水,dyhd5gc5lj31,https://p3-pc.douyinpic.com/aweme/100x100/aweme-avatar/tos-cn-i-0813c001_o0IFpdg4UiAFYAQ0AkAKIrEQfdADHCACQB6e6i.jpeg?from=2064092626,,0,山东
7636323966186272101,7636372764059763494,搞笑主播爱了爱了,,0,1777981587,陆北北,,https://p3-pc.douyinpic.com/aweme/100x100/aweme-avatar/tos-cn-i-0813_4fe6527c04334f26a115829108dcd624.jpeg?from=2064092626,,0,江苏
7636323966186272101,7636356414248272677,我艹了 老铁,,0,1777977780,月光下的身影,dyc4ytebwlx5,https://p3-pc.douyinpic.com/aweme/100x100/aweme-avatar/mosaic-legacy_2f5cf000357f8bc887a05.jpeg?from=2064092626,,0,河北
7636323966186272101,7636407839489442618,,,0,1777989753,音符,,https://p3-pc.douyinpic.com/aweme/100x100/aweme-avatar/tos-cn-i-0813c000-ce_o0AmAYVe9tOQeVtAsGG2eIfDAe2tIYLAAh3HOp.jpeg?from=2064092626,https://p5-ex-gddgtc-sign.douyinpic.com/obj/douyin-user-image-file/84895d4ea0d50ea6b76c04cb1cb1681e?lk3s=7b078dd2&x-expires=1778090400&x-signature=GZORieAkRvN%2FeLKqMHFRgr8IG0U%3D&from=2064092626&s=sticker_comment&se=false&sc=sticker_heif&biz_tag=aweme_comment&l=20260506013017E40B857F25D5B3AC8504,0,北京
7636323966186272101,7636355415748150053,大美女[捂脸][捂脸][色][色][色],,0,1777977548,，杰,,https://p3-pc.douyinpic.com/aweme/100x100/aweme-avatar/tos-cn-i-0813_ooU9E6ETBAAIsD7fAIFbeAeAH3lGjLJNtGnaaB.jpeg?from=2064092626,,0,上海
7636323966186272101,7636342838615163657,好美宝宝,,0,1777974619,MuiIIe,52727722064,https://p3-pc.douyinpic.com/aweme/100x100/aweme-avatar/tos-cn-avt-0015_40058a7f57aac03bb34d69d29291fb5d.jpeg?from=2064092626,,0,湖北
7636323966186272101,7636397529429590810,,,0,1777987685,(⊙o⊙),22171187087,https://p3-pc.douyinpic.com/aweme/100x100/aweme-avatar/tos-cn-i-0813_oMxT7sArEEYKOTAAlXnAiDtCoILfNPAfgAXFC9.jpeg?from=2064092626,https://p11-sign.douyinpic.com/obj/ies.fe.effect/8ff368d9f29c7bb73d123ecfdb9c5ee7?lk3s=7b078dd2&x-expires=1778090400&x-signature=24acrA5QMgmscVDn41yTnadUO8I%3D&from=2064092626&s=sticker_comment&se=false&sc=sticker_heif&biz_tag=aweme_comment&l=20260506013019D80E2F1343ECF950761E,0,广西
7636323966186272101,7636376326492848896,宝宝[比心],,0,1777982417,曹同学。,,https://p3-pc.douyinpic.com/aweme/100x100/aweme-avatar/tos-cn-i-0813c001_osEe7ADDeHwfZA8m2zB6akEEAqiFIBPCBQAAIo.jpeg?from=2064092626,,0,广东
7636323966186272101,7636332659761283840,[杀马特][杀马特][杀马特][杀马特][杀马特],,0,1777972250,8023,67907998017,https://p3-pc.douyinpic.com/aweme/100x100/aweme-avatar/tos-cn-i-0813_2beac0042cba4dfcbdd62fd57e43b695.jpeg?from=2064092626,,0,重庆
7636323966186272101,7636383163677164337,,,0,1777984008,uùúǔū,yawen2169,https://p3-pc.douyinpic.com/aweme/100x100/aweme-avatar/tos-cn-avt-0015_211dd7124da0ad3f6f3ddc811226e364.jpeg?from=2064092626,https://p11-sign.douyinpic.com/obj/tos-cn-o-0812/o00GDFDBxyAaVQADeuEIPDCAgAygYmAy1mf8SG?lk3s=7b078dd2&x-expires=1778090400&x-signature=qGPF5uqYlICaMYDjTnWktFfcvCo%3D&from=2064092626&s=sticker_comment&se=false&sc=sticker_heif&biz_tag=aweme_comment&l=20260506013019D80E2F1343ECF950761E,1,江苏
7636323966186272101,7636381787107574577,,,0,1777983688,祈求暴富,,https://p3-pc.douyinpic.com/aweme/100x100/aweme-avatar/tos-cn-i-0813c000-ce_oMpAo5b9oCxEeAi94E1Id1GAA2ALw7fDam0Bi6.jpeg?from=2064092626,https://p3-sign.douyinpic.com/obj/tos-cn-o-0812/oog9PABeuWDAwiY30TnCbABZQErnBXgIAA8diN?lk3s=7b078dd2&x-expires=1778090400&x-signature=9nptl7T3MgZJ2hiREoTUjsyjplY%3D&from=2064092626&s=sticker_comment&se=false&sc=sticker_heif&biz_tag=aweme_comment&l=20260506013019D80E2F1343ECF950761E,0,贵州
7636323966186272101,7636380885705556746,整容啦,,0,1777983478,月见,YY444444444444,https://p3-pc.douyinpic.com/aweme/100x100/aweme-avatar/tos-cn-i-0813c000-ce_okJ9fGnMgAQbLLABbJ1ISLSAvQM7gALqTfFPIe.jpeg?from=2064092626,https://p11-sign.douyinpic.com/obj/ies.fe.effect/731a6f45f679c5ef7630760f7e99cf6e?lk3s=7b078dd2&x-expires=1778090400&x-signature=ErIGO%2B4oInQ6KybTnxS4dUDPk74%3D&from=2064092626&s=sticker_comment&se=false&sc=sticker_heif&biz_tag=aweme_comment&l=20260506013019D80E2F1343ECF950761E,0,江苏
7636323966186272101,7636378434886189873,,,0,1777982908,奋斗,24238595303,https://p3-pc.douyinpic.com/aweme/100x100/aweme-avatar/tos-cn-i-0813c000-ce_oMqzAAyE9e2fzdDgtwArWIA8EAUpe3DRqV1EFE.jpeg?from=2064092626,https://p26-sign.douyinpic.com/obj/artist-material/54eec80153466dbd720f090ecf45976c?lk3s=7b078dd2&x-expires=1778090400&x-signature=eCwhP%2B8kOzTUjiM%2FK89c9C2Q0Gw%3D&from=2064092626&s=sticker_comment&se=false&sc=sticker_heif&biz_tag=aweme_comment&l=20260506013019D80E2F1343ECF950761E,0,江苏
7636323966186272101,7636365838039810853,,,0,1777979974,大闸蟹（黎明中的花朵）,YY0112271019,https://p3-pc.douyinpic.com/aweme/100x100/aweme-avatar/tos-cn-avt-0015_eebed19918517695ce8b87b7e36522d7.jpeg?from=2064092626,https://p5-ex-gddgtc-sign.douyinpic.com/obj/tos-cn-o-0812/o4TR2vAsEXiGwxSMCAtrUKigBQAIJK5AAIaQR?lk3s=7b078dd2&x-expires=1778090400&x-signature=UYhQ%2Bx7529ybjhLYcSyyjDbBGt8%3D&from=2064092626&s=sticker_comment&se=false&sc=sticker_heif&biz_tag=aweme_comment&l=20260506013019D80E2F1343ECF950761E,0,北京
7636323966186272101,7636364679765590842,,,0,1777979705,夜的第七章,,https://p3-pc.douyinpic.com/aweme/100x100/aweme-avatar/mosaic-legacy_2ed6700069b783f81add4.jpeg?from=2064092626,https://p11-sign.douyinpic.com/obj/2d1110000b838195bc295?lk3s=7b078dd2&x-expires=1778090400&x-signature=90fx6NfM1Dw9PtVVBfWZlpTsC9c%3D&from=2064092626&s=sticker_comment&se=false&sc=sticker_heif&biz_tag=aweme_comment&l=20260506013019D80E2F1343ECF950761E,0,福建
7636323966186272101,7636362657646199601,,,0,1777979234,2.23,223113827AA,https://p3-pc.douyinpic.com/aweme/100x100/aweme-avatar/tos-cn-i-0813c000-ce_osH4IbvBgge7AICASAQATML5BvJG8vefE2AUGA.jpeg?from=2064092626,https://p26-sign.douyinpic.com/obj/ies.fe.effect/ba245a848aec50f8d81063c0bd852a06?lk3s=7b078dd2&x-expires=1778090400&x-signature=asBoEF6zxZTVhZsY8sf4aBbe17U%3D&from=2064092626&s=sticker_comment&se=false&sc=sticker_heif&biz_tag=aweme_comment&l=20260506013019D80E2F1343ECF950761E,0,四川
7636323966186272101,7636352518998393649,老婆好美,,0,1777976874,rely,ll_0825j,https://p3-pc.douyinpic.com/aweme/100x100/aweme-avatar/tos-cn-avt-0015_2a2904b64b1237b8752a6fc926cd60e8.jpeg?from=2064092626,https://p11-sign.douyinpic.com/obj/tos-cn-o-0812/ooDrAEvAfQrdyFyltGLfF5lfhbAiEjAQ1TIaBB?lk3s=7b078dd2&x-expires=1778090400&x-signature=MHBYK3dei8Izi83Ahwz%2FwZOnFMI%3D&from=2064092626&s=sticker_comment&se=false&sc=sticker_heif&biz_tag=aweme_comment&l=20260506013019D80E2F1343ECF950761E,0,四川
7636323966186272101,7636351528169554751,,,0,1777976643,☞小讨厌☜,h1314x52w0,https://p3-pc.douyinpic.com/aweme/100x100/aweme-avatar/tos-cn-i-0813c001_e1e5095502714ef9a6754f654235a779.jpeg?from=2064092626,https://p5-ex-gddgtc-sign.douyinpic.com/obj/tos-cn-o-0812/oULRWSQIiaBASGUiOCBZC0212AjgYZAAEgrmfw?lk3s=7b078dd2&x-expires=1778090400&x-signature=hhEVLaCHEN%2BSV5U0s6IiDYTPoqc%3D&from=2064092626&s=sticker_comment&se=false&sc=sticker_heif&biz_tag=aweme_comment&l=20260506013019D80E2F1343ECF950761E,0,云南
7636323966186272101,7636351203740566329,,,0,1777976568,小鱼干✨,857Capricornus,https://p3-pc.douyinpic.com/aweme/100x100/aweme-avatar/tos-cn-i-0813c000-ce_ok1bIBaIIAeu60AAzEciLnmA2EDewAio0TE99f.jpeg?from=2064092626,https://p11-sign.douyinpic.com/obj/tos-cn-o-0812/ooIlfLRYjEAwBOGtQeomAGAAIhHjePt3dEiBjF?lk3s=7b078dd2&x-expires=1778090400&x-signature=h6X222dxJSdJZI35g07jLfUwNHg%3D&from=2064092626&s=sticker_comment&se=false&sc=sticker_heif&biz_tag=aweme_comment&l=20260506013019D80E2F1343ECF950761E,0,安徽
7636323966186272101,7636349463820796709,,,0,1777976162,笑声,x365008,https://p3-pc.douyinpic.com/aweme/100x100/aweme-avatar/tos-cn-i-0813c000-ce_o4iiPD4pExikBi9BAMdPDAAiA7aX9qIRpYvAA.jpeg?from=2064092626,https://p3-sign.douyinpic.com/obj/douyin-user-image-file/a92cb67184f8e490fe4f5ed84b1414d1?lk3s=7b078dd2&x-expires=1778090400&x-signature=5VdWfE06QnAHNEoeoxehKyNnBIU%3D&from=2064092626&s=sticker_comment&se=false&sc=sticker_heif&biz_tag=aweme_comment&l=20260506013019D80E2F1343ECF950761E,0,山东
7636323966186272101,7636339549290906378,,,0,1777973853,123   456,49872797612,https://p3-pc.douyinpic.com/aweme/100x100/aweme-avatar/tos-cn-avt-0015_7e6d01c2072bca161baf1b22e90effe2.jpeg?from=2064092626,https://p3-sign.douyinpic.com/obj/tos-cn-o-0812/og0AB6EqdBvEiAiY9grIrLsAAgZwQ6fA3BQBii?lk3s=7b078dd2&x-expires=1778090400&x-signature=u4tBzbfyrEQ8%2BQaB32%2B5nWH26X8%3D&from=2064092626&s=sticker_comment&se=false&sc=sticker_heif&biz_tag=aweme_comment&l=20260506013019D80E2F1343ECF950761E,0,山东
7636323966186272101,7636335521061569338,,,0,1777972916,荔枝小丸,eleisatouuu,https://p3-pc.douyinpic.com/aweme/100x100/aweme-avatar/tos-cn-avt-0015_de601bd1caad527592a2ff07dce0d479.jpeg?from=2064092626,https://p5-ex-gddgtc-sign.douyinpic.com/obj/ies.fe.effect/c133c7a51c5f18d6e13e7ee845208120?lk3s=7b078dd2&x-expires=1778090400&x-signature=L0ki91n2ZIlt5FXfU8zvS%2BaobpE%3D&from=2064092626&s=sticker_comment&se=false&sc=sticker_heif&biz_tag=aweme_comment&l=20260506013019D80E2F1343ECF950761E,0,甘肃
7636323966186272101,7636332379879785253,,,0,1777972185,小黄鸭剪辑,XHY8008,https://p3-pc.douyinpic.com/aweme/100x100/aweme-avatar/tos-cn-i-0813_owAAuthIEAgytXst28fNi6BmklkqxAA4zCXeAP.jpeg?from=2064092626,https://p3-sign.douyinpic.com/obj/tos-cn-o-0812/oQVGESBygQAImCY0Ah4GtAZA60Qz3fGgWBL0FZ?lk3s=7b078dd2&x-expires=1778090400&x-signature=1GPV4mcO7gzK%2B9BgahGPewD41cs%3D&from=2064092626&s=sticker_comment&se=false&sc=sticker_heif&biz_tag=aweme_comment&l=20260506013019D80E2F1343ECF950761E,0,广东
7636323966186272101,7636331256406180645,,,0,1777971923,螃蟹,a471905371,https://p3-pc.douyinpic.com/aweme/100x100/aweme-avatar/tos-cn-i-0813c000-ce_oEpRwtBAAI0AiBWdVofCe5jOsyOdLJAXAiEtSE.jpeg?from=2064092626,https://p5-sign.douyinpic.com/obj/tos-cn-i-3jr8j4ixpe/696f86fa690d4c9b8bde705a05bdbf6e?lk3s=7b078dd2&x-expires=1778090400&x-signature=LLtcZ3ganZ2yv9ji8rj1kl05fHg%3D&from=2064092626&s=sticker_comment&se=false&sc=sticker_heif&biz_tag=aweme_comment&l=20260506013019D80E2F1343ECF950761E,0,河北
7636323966186272101,7636330422268265268,,,0,1777971729,🌈TYQ,,https://p3-pc.douyinpic.com/aweme/100x100/aweme-avatar/tos-cn-avt-0015_c6158ae7e86d76419acc8059f2861fed.jpeg?from=2064092626,https://p3-sign.douyinpic.com/obj/tos-cn-o-0812/oIGBiBWNsZ2AVCpNEAAIifJAGlx70IAO5gqYQv?lk3s=7b078dd2&x-expires=1778090400&x-signature=SS1E%2FToMGG0z0Z9yTE24PMGZ8vg%3D&from=2064092626&s=sticker_comment&se=false&sc=sticker_heif&biz_tag=aweme_comment&l=202605060130208FF8CCB71D7E45D4C284,0,上海
7636323966186272101,7636326556064301851,,,0,1777970830,🧸ྀི,Zhang661013,https://p3-pc.douyinpic.com/aweme/100x100/aweme-avatar/tos-cn-avt-0015_03590b4c036a78faf29b8020bd7a4a29.jpeg?from=2064092626,https://p26-sign.douyinpic.com/obj/douyin-user-image-file/76ff3390a0d51600136d44352229c230?lk3s=7b078dd2&x-expires=1778090400&x-signature=4Z0NduiyeMMu7kmmcqqqOOaRekI%3D&from=2064092626&s=sticker_comment&se=false&sc=sticker_heif&biz_tag=aweme_comment&l=202605060130208FF8CCB71D7E45D4C284,0,山东
7636323966186272101,7636325479859192619,,,0,1777970579,熊ღ,CoisiniXIONG,https://p3-pc.douyinpic.com/aweme/100x100/aweme-avatar/tos-cn-avt-0015_44195dd7c8baac62792403aef2a3cf9d.jpeg?from=2064092626,https://p5-ex-gddgtc-sign.douyinpic.com/obj/tos-cn-i-3jr8j4ixpe/c031bb1dafde49759723df9d1e21381c?lk3s=7b078dd2&x-expires=1778090400&x-signature=Tb4rp16MXutAurw6M2OxS9G6soY%3D&from=2064092626&s=sticker_comment&se=false&sc=sticker_heif&biz_tag=aweme_comment&l=202605060130208FF8CCB71D7E45D4C284,0,天津
7636323966186272101,7636426039715038011,是你的问题还是我手机的问题啊，看不清啊,,0,1777993991,江都驾考孔,45275695388,https://p3-pc.douyinpic.com/aweme/100x100/aweme-avatar/tos-cn-avt-0015_14a1f5d2319676b73821efc31b47c78f.jpeg?from=2064092626,,0,江苏
7636323966186272101,7636371476552024895,你敢不敢理我一下[看]老粉的祈求，我会高兴一整天的@张君雅1v4⁸⁰⁰⁸,,0,1777981287,红桃♥️J,98484066134,https://p3-pc.douyinpic.com/aweme/100x100/aweme-avatar/tos-cn-i-0813c001_o8BUU7IAaPAXsQPfG27f8q8fAqMoBEAQ3AVRVo.jpeg?from=2064092626,,0,广东
7636323966186272101,7636340810572956453,老黑的幻想[看][看][看],,0,1777974147,曹阿瞒,,https://p3-pc.douyinpic.com/aweme/100x100/aweme-avatar/mosaic-legacy_2e33d0000ffacf955b0e0.jpeg?from=2064092626,,0,湖北
7636323966186272101,7636397695000019761,卧槽，好像高线公园,,0,1777987392,白米饭,,https://p3-pc.douyinpic.com/aweme/100x100/aweme-avatar/tos-cn-avt-0015_7f5c6555ea8e17eaf0f581ddbedbe57c.jpeg?from=2064092626,,0,四川
7636323966186272101,7636448912635495203,[贴贴][贴贴][贴贴],"['https://p5-ex-gddgtc-sign.douyinpic.com/tos-cn-i-p14lwwcsbr/593867473c1243e185144872de60e20b~tplv-p14lwwcsbr-7.image?lk3s=7b078dd2&x-expires=1778090400&x-signature=ZWCUFGKCZR%2FVAeJOtSX6blQX1GI%3D&from=2064092626&se=false&sc=image&biz_tag=aweme_comment&l=202605060130208FF8CCB71D7E45D4C284', 'https://p26-sign.douyinpic.com/tos-cn-i-p14lwwcsbr/593867473c1243e185144872de60e20b~tplv-p14lwwcsbr-7.image?lk3s=7b078dd2&x-expires=1778090400&x-signature=hD4rEe88v7IIt%2BD6Tdhb%2Bzaosgw%3D&from=2064092626&se=false&sc=image&biz_tag=aweme_comment&l=202605060130208FF8CCB71D7E45D4C284', 'https://p11-sign.douyinpic.com/tos-cn-i-p14lwwcsbr/593867473c1243e185144872de60e20b~tplv-p14lwwcsbr-7.image?lk3s=7b078dd2&x-expires=1778090400&x-signature=Ymxo7f%2B3W0BdvsWDL6eus4djTPc%3D&from=2064092626&se=false&sc=image&biz_tag=aweme_comment&l=202605060130208FF8CCB71D7E45D4C284', 'https://p5-ex-gddgtc-sign.douyinpic.com/tos-cn-i-p14lwwcsbr/593867473c1243e185144872de60e20b~tplv-p14lwwcsbr-7.jpeg?lk3s=7b078dd2&x-expires=1778090400&x-signature=U%2Bi34y5NnxAVIWRn1BbdJbhXaFk%3D&from=2064092626&se=false&sc=image&biz_tag=aweme_comment&l=202605060130208FF8CCB71D7E45D4C284']",0,1777999320,⭐️⭐️⭐️Tang,88060647716,https://p3-pc.douyinpic.com/aweme/100x100/aweme-avatar/tos-cn-avt-0015_ea099af4ffa6b30b2b993bdaf6294bc4.jpeg?from=2064092626,,0,福建
7636323966186272101,7636348049711104768,越来越漂亮了，是不是整容了[呲牙],,0,1777975833,简单生活,,https://p3-pc.douyinpic.com/aweme/100x100/aweme-avatar/tos-cn-i-0813_9fa8b748ece94da89e0c6e0a526c758e.jpeg?from=2064092626,,0,浙江
7636323966186272101,7636353065051046705,我嘞个骚刚啊,,0,1777977001,日行一恶必失德，日行两恶必必失失德🐒,98058983446,https://p3-pc.douyinpic.com/aweme/100x100/aweme-avatar/tos-cn-i-0813_oIfbfnA2bAIeqOHVAn7JZ7EkwDBE8BAEs8AQTF.jpeg?from=2064092626,,0,赞比亚
7636323966186272101,7636337550445691686,卧槽，老黑这么甜啊[呲牙][灵机一动],,0,1777973389,小白很奈斯呦,,https://p3-pc.douyinpic.com/aweme/100x100/aweme-avatar/tos-cn-i-0813c001_bb30df7165fc42c29d97f53dbb625ea4.jpeg?from=2064092626,,0,陕西
7636323966186272101,7636347635447792403,迷,,0,1777975737,杨贵妃,,https://p3-pc.douyinpic.com/aweme/100x100/aweme-avatar/mosaic-legacy_26d3a0005f147d8ecf8bc.jpeg?from=2064092626,,0,广西
7636323966186272101,7636627117346439986,人乖，打仗是一点也不含糊 [不失礼貌的微笑][不失礼貌的微笑][不失礼貌的微笑],,0,1778040808,Johnny✨⁵¹⁰⁷⁴,,https://p3-pc.douyinpic.com/aweme/100x100/aweme-avatar/tos-cn-i-0813_ogjZENfcunAmFDA6AheVA9kADAAgrCZ9Igbn2D.jpeg?from=2064092626,,0,四川
7636323966186272101,7636820960385319739,啥时候嫁人啊宝贝,,0,1778085943,麻生健,,https://p3-pc.douyinpic.com/aweme/100x100/aweme-avatar/tos-cn-i-0813c001_o0bke29HA1n89izDqqeR1IAOAcAgQgCQVsADVA.jpeg?from=2064092626,,0,浙江
7636323966186272101,7636774801210196751,张君雅，我爱你，我不管你现在还是以后都只爱你一个,,0,1778075194,꧁缘ઇ之❆深ଓ义꧂,,https://p3-pc.douyinpic.com/aweme/100x100/aweme-avatar/tos-cn-i-0813c001_oEosztHYAhMCIDVVPAygfC6gEOeCAAWOBAEAd9.jpeg?from=2064092626,,0,四川
7636323966186272101,7636546661254890299,其实老黑也挺漂亮的,,0,1778022078,洛河神赋,,https://p3-pc.douyinpic.com/aweme/100x100/aweme-avatar/tos-cn-i-0813c001_oceyhrAqIELXWiAAv8nAFDOCYQcbDDAfgAFFD9.jpeg?from=2064092626,,0,山东
7636323966186272101,7636568230425199419,是张大房子本人吗？,,1,1778027099,一杯清水,,https://p3-pc.douyinpic.com/aweme/100x100/aweme-avatar/mosaic-legacy_318890009a0cbf6018a2b.jpeg?from=2064092626,,0,四川
7636323966186272101,7636606138516472591,怀孕了,,0,1778035926,呼保义,shange9047,https://p3-pc.douyinpic.com/aweme/100x100/aweme-avatar/tos-cn-avt-0015_4ade156d9b19111a62ed2e8f6c42c6ab.jpeg?from=2064092626,,1,上海
7636323966186272101,7636705468380349238,,"['https://p3-sign.douyinpic.com/tos-cn-i-p14lwwcsbr/31d5343b7b844c579c444dec4343bfb1~tplv-p14lwwcsbr-7.image?lk3s=7b078dd2&x-expires=1778176800&x-signature=2obKNlzs81ykid8DoVk9iEZzo70%3D&from=2064092626&se=false&sc=image&biz_tag=aweme_comment&l=20260507014634E1F3441912B21BE9582D', 'https://p26-sign.douyinpic.com/tos-cn-i-p14lwwcsbr/31d5343b7b844c579c444dec4343bfb1~tplv-p14lwwcsbr-7.image?lk3s=7b078dd2&x-expires=1778176800&x-signature=ZrOmVzjiKAsVyWJh1VKf%2Bdixmfs%3D&from=2064092626&se=false&sc=image&biz_tag=aweme_comment&l=20260507014634E1F3441912B21BE9582D', 'https://p9-sign.douyinpic.com/tos-cn-i-p14lwwcsbr/31d5343b7b844c579c444dec4343bfb1~tplv-p14lwwcsbr-7.image?lk3s=7b078dd2&x-expires=1778176800&x-signature=92fgFc8gtHKHkGI6yXYRjZ98iJA%3D&from=2064092626&se=false&sc=image&biz_tag=aweme_comment&l=20260507014634E1F3441912B21BE9582D', 'https://p3-sign.douyinpic.com/tos-cn-i-p14lwwcsbr/31d5343b7b844c579c444dec4343bfb1~tplv-p14lwwcsbr-7.jpeg?lk3s=7b078dd2&x-expires=1778176800&x-signature=qhwoXptkm036jKRWT%2B%2Funr%2FP2a0%3D&from=2064092626&se=false&sc=image&biz_tag=aweme_comment&l=20260507014634E1F3441912B21BE9582D']",2,1778059053,星辰、大海,pl6000000,https://p3-pc.douyinpic.com/aweme/100x100/aweme-avatar/tos-cn-i-0813c001_a932fe75d97a48edb510d7ac073c840f.jpeg?from=2064092626,,0,陕西
7636323966186272101,7636711921404117819,老黑，那天我不知道是你,"['https://p3-sign.douyinpic.com/tos-cn-i-p14lwwcsbr/fda40416abd64d59a9a4310fdf0c681f~tplv-p14lwwcsbr-7.image?lk3s=7b078dd2&x-expires=1778176800&x-signature=ykzmJQavGohnrNHepQ%2B%2FUelSCm8%3D&from=2064092626&se=false&sc=image&biz_tag=aweme_comment&l=20260507014634E1F3441912B21BE9582D', 'https://p26-sign.douyinpic.com/tos-cn-i-p14lwwcsbr/fda40416abd64d59a9a4310fdf0c681f~tplv-p14lwwcsbr-7.image?lk3s=7b078dd2&x-expires=1778176800&x-signature=YGWffKFKpH2VgmDdmDibzu%2F2vvE%3D&from=2064092626&se=false&sc=image&biz_tag=aweme_comment&l=20260507014634E1F3441912B21BE9582D', 'https://p11-sign.douyinpic.com/tos-cn-i-p14lwwcsbr/fda40416abd64d59a9a4310fdf0c681f~tplv-p14lwwcsbr-7.image?lk3s=7b078dd2&x-expires=1778176800&x-signature=QBIo51AQR0OXpnl39T%2FAZogZmyk%3D&from=2064092626&se=false&sc=image&biz_tag=aweme_comment&l=20260507014634E1F3441912B21BE9582D', 'https://p3-sign.douyinpic.com/tos-cn-i-p14lwwcsbr/fda40416abd64d59a9a4310fdf0c681f~tplv-p14lwwcsbr-7.jpeg?lk3s=7b078dd2&x-expires=1778176800&x-signature=Ahhw7uDDmqYEXd0BXEbUgz2lMw4%3D&from=2064092626&se=false&sc=image&biz_tag=aweme_comment&l=20260507014634E1F3441912B21BE9582D']",2,1778060553,逆流😘,niliu99,https://p3-pc.douyinpic.com/aweme/100x100/aweme-avatar/tos-cn-avt-0015_a7435853ae00b01804b8fa469ca5c47b.jpeg?from=2064092626,,0,北京
7636323966186272101,7636568194241741577,,,0,1778027090,ʕ̯•͡ˑ͓•̯᷅ʔ哈基锤ʕ̯•͡ˑ,,https://p3-pc.douyinpic.com/aweme/100x100/aweme-avatar/tos-cn-i-0813c001_ocA4LR7Pe0itDDAVC7BH6uieAkMYgA7EAQrAIA.jpeg?from=2064092626,https://p3-sign.douyinpic.com/obj/tos-cn-o-0812/o4waA5gAB2CiaiJsX2IAbbET1IAMp3dwDiAtv?lk3s=7b078dd2&x-expires=1778176800&x-signature=JVC2bcEnt608YrLEAkqLERdATVo%3D&from=2064092626&s=sticker_comment&se=false&sc=sticker_heif&biz_tag=aweme_comment&l=20260507014634E1F3441912B21BE9582D,0,山西
7636323966186272101,7636564745743909682,,"['https://p5-ex-gddgtc-sign.douyinpic.com/tos-cn-i-p14lwwcsbr/b7465c4b69c44cc188e898349acb4dc5~tplv-p14lwwcsbr-7.image?lk3s=7b078dd2&x-expires=1778176800&x-signature=CIwj2%2FkLuBGQjEyTBphp7xLkMf0%3D&from=2064092626&se=false&sc=image&biz_tag=aweme_comment&l=20260507014636E575FD782520B7EDA139', 'https://p3-sign.douyinpic.com/tos-cn-i-p14lwwcsbr/b7465c4b69c44cc188e898349acb4dc5~tplv-p14lwwcsbr-7.image?lk3s=7b078dd2&x-expires=1778176800&x-signature=VdfhSB0Z7KYvvGk%2BfkQ%2BW57Np%2BI%3D&from=2064092626&se=false&sc=image&biz_tag=aweme_comment&l=20260507014636E575FD782520B7EDA139', 'https://p11-sign.douyinpic.com/tos-cn-i-p14lwwcsbr/b7465c4b69c44cc188e898349acb4dc5~tplv-p14lwwcsbr-7.image?lk3s=7b078dd2&x-expires=1778176800&x-signature=fcm23PWl0k5jVuAs7C9fPLMflI0%3D&from=2064092626&se=false&sc=image&biz_tag=aweme_comment&l=20260507014636E575FD782520B7EDA139', 'https://p5-ex-gddgtc-sign.douyinpic.com/tos-cn-i-p14lwwcsbr/b7465c4b69c44cc188e898349acb4dc5~tplv-p14lwwcsbr-7.jpeg?lk3s=7b078dd2&x-expires=1778176800&x-signature=N5LRbr%2FRAQEZWVKPwbdppI8LCUY%3D&from=2064092626&se=false&sc=image&biz_tag=aweme_comment&l=20260507014636E575FD782520B7EDA139']",0,1778026288,“未来自己掌握”,,https://p3-pc.douyinpic.com/aweme/100x100/aweme-avatar/tos-cn-i-0813_owMAAgyPEigDtDcpIwni4AjIPAaJIAiBPiSM9.jpeg?from=2064092626,,0,重庆
7636323966186272101,7636567008016745225,[呲牙],,0,1778026814,沐雨橙风,80679964960,https://p3-pc.douyinpic.com/aweme/100x100/aweme-avatar/tos-cn-i-0813c001_okgSx3ahicAABISwaBPAaMARPiIC6iAETgEo9.jpeg?from=2064092626,https://p3-sign.douyinpic.com/obj/tos-cn-o-0812/o8DB96G1LALbjjG4Aj4VBEUleeAEIEAeATRaHI?lk3s=7b078dd2&x-expires=1778176800&x-signature=E2vYyPmei6PjSK%2Fqs83GlzYmuBU%3D&from=2064092626&s=sticker_comment&se=false&sc=sticker_heif&biz_tag=aweme_comment&l=20260507014636E575FD782520B7EDA139,0,山东
7636323966186272101,7636629077218231049,别看有点甜甜的，一点也不影响她怒吼＂老子蜀道山＂,,0,1778041264,🤡,Zxl890214,https://p3-pc.douyinpic.com/aweme/100x100/aweme-avatar/tos-cn-avt-0015_14af9710af0cb761a969048f70b64689.jpeg?from=2064092626,,0,浙江
7636323966186272101,7636465830965216042,贱内献丑了，望各位大哥谅解,,0,1778003260,（｡ò ∀ ó｡）酒(๑><๑）《痴》,,https://p3-pc.douyinpic.com/aweme/100x100/aweme-avatar/tos-cn-i-0813c001_o4M3AQeAvgeK5WHDYIy8I3MfFyAsI2AcrmQfAC.jpeg?from=2064092626,,0,四川
7636323966186272101,7636591564269110066,没办法啊，喜欢听你叫bb,,0,1778032531,_『万』,,https://p3-pc.douyinpic.com/aweme/100x100/aweme-avatar/tos-cn-avt-0015_add47bf9fb6cb3404ee277ea02b20487.jpeg?from=2064092626,,0,山西
7636323966186272101,7636517453937672995,,"['https://p5-ex-gddgtc-sign.douyinpic.com/tos-cn-i-p14lwwcsbr/582f93b1977846e7ae635811f8d2ebd4~tplv-p14lwwcsbr-7.image?lk3s=7b078dd2&x-expires=1778176800&x-signature=H2WitA0%2F2Ss2FBlcdw%2BjqFq0BFE%3D&from=2064092626&se=false&sc=image&biz_tag=aweme_comment&l=202605070146377FA28DB252030521535C', 'https://p26-sign.douyinpic.com/tos-cn-i-p14lwwcsbr/582f93b1977846e7ae635811f8d2ebd4~tplv-p14lwwcsbr-7.image?lk3s=7b078dd2&x-expires=1778176800&x-signature=jJWvnM4mO5Z48G3b8cX57sip7OA%3D&from=2064092626&se=false&sc=image&biz_tag=aweme_comment&l=202605070146377FA28DB252030521535C', 'https://p11-sign.douyinpic.com/tos-cn-i-p14lwwcsbr/582f93b1977846e7ae635811f8d2ebd4~tplv-p14lwwcsbr-7.image?lk3s=7b078dd2&x-expires=1778176800&x-signature=Ip%2FROaqnn5ZXuDYIEmRyVsuyDUA%3D&from=2064092626&se=false&sc=image&biz_tag=aweme_comment&l=202605070146377FA28DB252030521535C', 'https://p5-ex-gddgtc-sign.douyinpic.com/tos-cn-i-p14lwwcsbr/582f93b1977846e7ae635811f8d2ebd4~tplv-p14lwwcsbr-7.jpeg?lk3s=7b078dd2&x-expires=1778176800&x-signature=8Cu0vMODEJrYg3FMarqSKr1AEsA%3D&from=2064092626&se=false&sc=image&biz_tag=aweme_comment&l=202605070146377FA28DB252030521535C']",0,1778015281,周贺.,hao90675,https://p3-pc.douyinpic.com/aweme/100x100/aweme-avatar/tos-cn-avt-0015_f9d4bffbc70c450af8ee4565c857c718.jpeg?from=2064092626,,0,上海
7636323966186272101,7636571996432368447,另一只眼，不能动[呲牙],,0,1778027977,小小书童,,https://p3-pc.douyinpic.com/aweme/100x100/aweme-avatar/tos-cn-i-0813c001_ooIAAOIZATPgyEin24kA6vVAQAij3B2AcYgzt.jpeg?from=2064092626,,0,北京
7636323966186272101,7636588820330644273,爱播，搞抽象是吧[666],,0,1778031892,搁浅J,52871337714,https://p3-pc.douyinpic.com/aweme/100x100/aweme-avatar/aweme_default_avatar.png.jpeg?from=2064092626,,0,广东
7636323966186272101,7636545523025593094,君雅跟我谈，我睡觉都能笑醒,,0,1778021814,i自己,hezhenchuan,https://p3-pc.douyinpic.com/aweme/100x100/aweme-avatar/tos-cn-i-0813_oIaMYQOPAuAiv7FAVPAAlmDEBZIVEoIgWAzig.jpeg?from=2064092626,,0,山东
7636323966186272101,7636477199726576421,海岛张全蛋我一个打一万[看],,0,1778005909,✨锅包又✨,92988416659,https://p3-pc.douyinpic.com/aweme/100x100/aweme-avatar/tos-cn-i-0813_55463a4d6ca54842aa35daaa320b90bb.jpeg?from=2064092626,https://p11-sign.douyinpic.com/obj/tos-cn-o-0812/oQwgOhKMPffYhVfrAAAaeP4esaIvOfgPAQQgbP?lk3s=7b078dd2&x-expires=1778176800&x-signature=T2u4xEftUoR0gB5G8ytfB8pR6Y4%3D&from=2064092626&s=sticker_comment&se=false&sc=sticker_heif&biz_tag=aweme_comment&l=2026050701463958717CDA36F2648B4110,0,陕西
7636323966186272101,7636562962026955578,海岛悍妇申请出战[奋斗][奋斗][奋斗][悠闲][抱拳],,0,1778025871,邹红,Z279016313,https://p3-pc.douyinpic.com/aweme/100x100/aweme-avatar/tos-cn-i-0813_osFu2Atm2AvwAaxAErJHG99CCPwfQfmAA7sgID.jpeg?from=2064092626,,0,重庆
7636323966186272101,7636534845686891321,我近视了👓看不清了,,0,1778019328,二十四·,89098361985,https://p3-pc.douyinpic.com/aweme/100x100/aweme-avatar/tos-cn-avt-0015_3159e50350362eab7c6d9880de826fd8.jpeg?from=2064092626,,0,河北
7636323966186272101,7636654321685578533,对我抛媚眼[尴尬流汗],,1,1778047142,一米八七有腹肌,41847239224,https://p3-pc.douyinpic.com/aweme/100x100/aweme-avatar/tos-cn-avt-0015_ebaf12df37d724692782f1366e813fdc.jpeg?from=2064092626,,0,新疆
7636323966186272101,7636622788911956745,娶四川婆娘，过幸福生活。,,0,1778039800,小强,xiaoqiang97663,https://p3-pc.douyinpic.com/aweme/100x100/aweme-avatar/tos-cn-i-0813c001_ogJeQTG5AHy7AIscSAQDfiXABlBkaG8YEgAeMA.jpeg?from=2064092626,,0,广东
7636323966186272101,7636572040338653989,完了，我带近视眼镜也没用，我这眼睛可能要废了。,,0,1778027986,凡夫俗子,,https://p3-pc.douyinpic.com/aweme/100x100/aweme-avatar/tos-cn-i-0813c000-ce_oIEU9ADUZDyfhAibOdfkeg8EA4yFIAo2EQwAPt.jpeg?from=2064092626,,0,广西
7636323966186272101,7636798907792294690,眼睛这是怎么了   难道看你打游戏看花了,,0,1778080808,三弟,,https://p3-pc.douyinpic.com/aweme/100x100/aweme-avatar/tos-cn-i-0813_okePSU9aAEBL0fIIAQTA1AA3OfhAHOKEGB7BIA.jpeg?from=2064092626,,0,海南
7636323966186272101,7636754663980008241,你是兄弟[看],,0,1778070505,࿀,W137647787,https://p3-pc.douyinpic.com/aweme/100x100/aweme-avatar/tos-cn-avt-0015_e12923bf35c035f6fd637329d6488da9.jpeg?from=2064092626,,0,江西
7636323966186272101,7636690135090414336,蛋啊,,0,1778055482,辣条,wode18628,https://p3-pc.douyinpic.com/aweme/100x100/aweme-avatar/tos-cn-i-0813c001_okDiEDiBAifAF1tA00GoAXpISAiuyeA9IVCb7g.jpeg?from=2064092626,,0,安徽
7636323966186272101,7636474202338394937,房子有点大[发呆][发呆],,0,1778005211,🌈从没中过破福袋🍼,pinkun1123,https://p3-pc.douyinpic.com/aweme/100x100/aweme-avatar/tos-cn-i-0813c000-ce_oEodAQBDpkMbxAyAAIPAAnBEVSLREAsiPiaR1.jpeg?from=2064092626,,0,河南
7636323966186272101,7636684211357500209,你是眼睛干吗？,,0,1778054102,初一✨,dy50on2e92it,https://p3-pc.douyinpic.com/aweme/100x100/aweme-avatar/tos-cn-i-0813c001_o8KAxuABAfUdACNAPyMqeZgAVhEcNADzIxStRZ.jpeg?from=2064092626,,0,广东
7636323966186272101,7636740844091474725,夫人我爱你，[比心][抱抱你],,0,1778067287,期待,,https://p3-pc.douyinpic.com/aweme/100x100/aweme-avatar/tos-cn-i-0813c001_o0YEAnaD1REDZAplAmAI9VAeKbBCPFANAnfCgE.jpeg?from=2064092626,,0,河北
7636323966186272101,7636473429554201393,,,1,1778005029,佛山铝型材铝板CNC厂家尹工yyds,82725076777,https://p3-pc.douyinpic.com/aweme/100x100/aweme-avatar/tos-cn-i-0813_ocENKA9AIAAfkQFgAnAgE0PNNCFcZTsDCAehxs.jpeg?from=2064092626,https://p3-sign.douyinpic.com/obj/tos-cn-o-0812/oYeSEeoFQACiQP3WIxAkHEGHAMLfgQeYmAjGfI?lk3s=7b078dd2&x-expires=1778176800&x-signature=T7PK5c8uBAOKA57QeHYSS9qLtUc%3D&from=2064092626&s=sticker_comment&se=false&sc=sticker_heif&biz_tag=aweme_comment&l=20260507014640B1B6D4BA73C3CCDF2CA5,0,广东
7636323966186272101,7636664135811924742,这悍匪好看,,0,1778049428,ડꪑⅈꪶꫀ许你一世柔情〞໌້ᮨ,zl969492819,https://p3-pc.douyinpic.com/aweme/100x100/aweme-avatar/tos-cn-i-0813c001_ocCNAf260eHAkAPAIkDnOtbaQAFWg72JACRRy9.jpeg?from=2064092626,,0,江苏
7636323966186272101,7636678609919673146,大A,,0,1778052798,妖精爱上二师兄,,https://p3-pc.douyinpic.com/aweme/100x100/aweme-avatar/tos-cn-i-0813_f656f9ef690645a4a10cefa52ba886c0.jpeg?from=2064092626,,0,福建
7636323966186272101,7636602860965610299,,,0,1778035162,张君宝.,qq359783971,https://p3-pc.douyinpic.com/aweme/100x100/aweme-avatar/tos-cn-i-0813_oQgAXiKBg5ACnBbifAzeAAAyE9F6LYIIsZPDwD.jpeg?from=2064092626,https://p3-sign.douyinpic.com/obj/tos-cn-o-0812/o0rslLIGMGmKq8LfXAAHDXeXQe5haDCIfCgA1A?lk3s=7b078dd2&x-expires=1778176800&x-signature=TpmEjfBrVFjPIYGElGTD17LSujE%3D&from=2064092626&s=sticker_comment&se=false&sc=sticker_heif&biz_tag=aweme_comment&l=20260507014641AB976CDF099368B68FEE,0,广东
7636323966186272101,7636535027527090993,再眨眼睛咋比小圆子扭屁股[捂脸][捂脸][捂脸],,0,1778019371,🦄🔱南彧,KK9111111111,https://p3-pc.douyinpic.com/aweme/100x100/aweme-avatar/tos-cn-i-0813c000-ce_oo9A7EpnAoAIvAuo3ceFELhKEERfNAkpDwDwAf.jpeg?from=2064092626,,0,湖南
7636323966186272101,7636551994619380489,迷的是她~,,0,1778023320,墨魔🐸,23682769049,https://p3-pc.douyinpic.com/aweme/100x100/aweme-avatar/tos-cn-i-0813_oYFO7ASp4A6YA6zAEocMD9wCCPgfIAeAAihgED.jpeg?from=2064092626,,0,陕西
7636323966186272101,7636516601663734578,很有少妇感[捂脸][捂脸][捂脸][捂脸][捂脸],,0,1778015082,疯狂的小牛,,https://p3-pc.douyinpic.com/aweme/100x100/aweme-avatar/mosaic-legacy_bdbf001708ad150370d7.jpeg?from=2064092626,,0,浙江
7636323966186272101,7636648671560876837,6点准时收看,,0,1778045828,林曦,20058978529,https://p3-pc.douyinpic.com/aweme/100x100/aweme-avatar/tos-cn-i-0813c000-ce_o8EKL7FTMjHzeFhburDD7gABOfJfAyXA2IAjE5.jpeg?from=2064092626,https://p26-sign.douyinpic.com/obj/tos-cn-o-0812/osgMTpA0iGXxlEkBhfCBfSABQNGSOfAQOA8WjI?lk3s=7b078dd2&x-expires=1778176800&x-signature=ju7Sp4Zy6MGE%2FqQvJ6ni%2FEfuqfc%3D&from=2064092626&s=sticker_comment&se=false&sc=sticker_heif&biz_tag=aweme_comment&l=20260507014641AB976CDF099368B68FEE,0,广东
7636323966186272101,7636566361850839857,蛋蛋你好,,0,1778026664,💋余生是你们💋 ❤,,https://p3-pc.douyinpic.com/aweme/100x100/aweme-avatar/tos-cn-i-0813_oA22IDfee1w4AAAQ5SIjQv4BAA4fCYAAItPIAH.jpeg?from=2064092626,,0,西藏
7636323966186272101,7636675682035385115,[舔屏][舔屏][舔屏],,0,1778052117,((＝梦醒㉨花落=)),wozhenxinnig,https://p3-pc.douyinpic.com/aweme/100x100/aweme-avatar/tos-cn-i-0813_o0sG27AAIEoRzfAAu2mAFDwCwQu8D8AfgAZFG9.jpeg?from=2064092626,,0,新疆
7636323966186272101,7636585871340520201,快，来个老6[泪奔][泪奔][泪奔]吓她一下字,,0,1778031206,小妖怪👿⁸⁰⁰⁸,LP132345,https://p3-pc.douyinpic.com/aweme/100x100/aweme-avatar/tos-cn-avt-0015_8756ab41057f781644b8b72728309b33.jpeg?from=2064092626,https://p26-sign.douyinpic.com/obj/tos-cn-o-0812/oMI6AIBtjMILQA9ADIvM4tgvscDrEArisiayx?lk3s=7b078dd2&x-expires=1778176800&x-signature=xKAR43SjkAQXIkq53os4chnCaIQ%3D&from=2064092626&s=sticker_comment&se=false&sc=sticker_heif&biz_tag=aweme_comment&l=202605070146435060350C7B022AE35749,0,福建
7636323966186272101,7636543896197563194,张蛋蛋[舔屏][舔屏][舔屏],,0,1778021433,孤狼之金鍂鑫𨰻,gulang42222,https://p3-pc.douyinpic.com/aweme/100x100/aweme-avatar/tos-cn-i-0813_cfcdb8ec64604247b35071439fedef5c.jpeg?from=2064092626,,0,四川
7636323966186272101,7636574033111499569,有点不像呀,,1,1778028450,垒子,,https://p3-pc.douyinpic.com/aweme/100x100/a64f0002599a341f8bb5.jpeg?from=2064092626,,0,山东
7636323966186272101,7636676084185006884,老黑不会抛媚眼[捂脸][捂脸][捂脸]俩眼一起眨[捂脸][捂脸][捂脸][捂脸][捂脸],,0,1778052211,W.H.J,xipingjunge7,https://p3-pc.douyinpic.com/aweme/100x100/aweme-avatar/tos-cn-avt-0015_d4a820b0502fd16df739640596044641.jpeg?from=2064092626,,0,湖南
7636323966186272101,7636657168120988465,我刚买的手机，咋不清楚呢[捂脸],,0,1778047805,苦菊,,https://p3-pc.douyinpic.com/aweme/100x100/aweme-avatar/mosaic-legacy_2f5fe0002d3f1b0ddaa87.jpeg?from=2064092626,,0,宁夏
7636323966186272101,7636523547989918501,背景爆漏了……,,0,1778016700,辉,,https://p3-pc.douyinpic.com/aweme/100x100/aweme-avatar/tos-cn-i-0813_293b69be7ab14f1a8ca1d9e75487173d.jpeg?from=2064092626,,0,新疆
7636323966186272101,7636564653988905774,果然是🥚总，怪不得这么多人为你着迷[贴贴][贴贴][贴贴][贴贴][比心][比心][比心][比心][比心],,0,1778026266,“未来自己掌握”,,https://p3-pc.douyinpic.com/aweme/100x100/aweme-avatar/tos-cn-i-0813_owMAAgyPEigDtDcpIwni4AjIPAaJIAiBPiSM9.jpeg?from=2064092626,,0,重庆
7636323966186272101,7636643708679308081,太卡了 看不清,,0,1778044672,✨cby,888888I88888888I,https://p3-pc.douyinpic.com/aweme/100x100/aweme-avatar/tos-cn-avt-0015_20aeed0ec675745321af3caa2ed542af.jpeg?from=2064092626,,0,海南
7636323966186272101,7636573045105034022,是我喜欢的类型，打游戏还那么厉害[捂脸],,0,1778028220,权威,42024797798,https://p3-pc.douyinpic.com/aweme/100x100/aweme-avatar/tos-cn-i-0813_2afbf324c0db424a8219893b611a9e6e.jpeg?from=2064092626,,0,浙江
7636323966186272101,7636670700657492746,对我抛媚眼[爱心],,0,1778050958,會飝嘚鱼,,https://p3-pc.douyinpic.com/aweme/100x100/aweme-avatar/tos-cn-avt-0015_a527d6efdc0118a1651f5d1c240c791a.jpeg?from=2064092626,,0,湖南
7636323966186272101,7636765774875411249,我滴个乖乖[捂脸]闪到我了[泪奔],,0,1778073092,⭐️人王疋虫⭐️⁵¹⁰⁷⁴,HFZ_no.9,https://p3-pc.douyinpic.com/aweme/100x100/aweme-avatar/tos-cn-i-0813_owJQBpA9EEIiBQAAgAmAyDFC8IOmNcAfgAfFD9.jpeg?from=2064092626,,0,江苏
7636323966186272101,7636566391442015034,🫰🫰🫰,,0,1778026671,Cxx,,https://p3-pc.douyinpic.com/aweme/100x100/aweme-avatar/tos-cn-avt-0015_8083658d9f47a2370ba0be3a89a5f997.jpeg?from=2064092626,,0,江苏
7636323966186272101,7636535344179020601,做我对象吗,,0,1778019442,🌈戚峰,Qixiuguo823,https://p3-pc.douyinpic.com/aweme/100x100/aweme-avatar/tos-cn-avt-0015_7972d8759081c136338b584b3e4440f5.jpeg?from=2064092626,,0,广西
7636323966186272101,7636626600540947237,开播不？,,0,1778040689,情花落种,YY815512315,https://p3-pc.douyinpic.com/aweme/100x100/aweme-avatar/tos-cn-i-0813c001_oAs18uAQDdnAeEuepfENHLMnVAcB7BAAIZ7lbs.jpeg?from=2064092626,,0,贵州
7636323966186272101,7636471933789373234,努力活到200,,0,1778004680,太子狸,95468718843,https://p3-pc.douyinpic.com/aweme/100x100/aweme-avatar/tos-cn-i-0813_ooYv1AAQ0CAZB0J8C9iigfBUA3AeoBAIEFP1Cl.jpeg?from=2064092626,,0,四川
7636323966186272101,7636556850813403941,迷得我眼花缭乱的[捂脸][捂脸],,0,1778024452,欭惗,,https://p3-pc.douyinpic.com/aweme/100x100/aweme-avatar/tos-cn-i-0813c000-ce_o4ATivk3A62GIbdDLeABUIQGVAJcqAeKs2ezeb.jpeg?from=2064092626,,0,上海
7636323966186272101,7636571366339085110,宝宝好可爱[黄脸祈祷],,0,1778027832,莉莉安.,33920430271,https://p3-pc.douyinpic.com/aweme/100x100/aweme-avatar/tos-cn-avt-0015_c7670e253398d67c5aac8335740b8df5.jpeg?from=2064092626,,0,山东
7636323966186272101,7636542722522743589,[摸头],,0,1778021160,ℒ清Ꭽ风ℯ⃝@,k1769,https://p3-pc.douyinpic.com/aweme/100x100/aweme-avatar/tos-cn-i-0813_afac9f84d7b94fa0abfc82ec132dd001.jpeg?from=2064092626,,0,广东
7636323966186272101,7636578395320697638,好看,,0,1778029464,小鞋匠→和鞋社会,yy8852,https://p3-pc.douyinpic.com/aweme/100x100/aweme-avatar/tos-cn-i-0813c001_oA3C7AA4lAAFfp1mCHeDgXncAEA91hAQINbPCw.jpeg?from=2064092626,,0,浙江
7636323966186272101,7636741840192455481,黑子，说话[捂脸],,0,1778067519,回眸一笑( •͈ᴗ⁃͈)ᓂ- - -♡,,https://p3-pc.douyinpic.com/aweme/100x100/aweme-avatar/tos-cn-i-0813c001_oon19yOWhFEoAfDBFANEAgAHqQAuCpzAAIqteA.jpeg?from=2064092626,,0,山东
7636323966186272101,7636571244310315825,等你呢[黄脸干杯],,0,1778027801,小梦,50613197lmy,https://p3-pc.douyinpic.com/aweme/100x100/aweme-avatar/tos-cn-i-0813c000-ce_oEfcPHhAJAEEAMgemvDd8SI2nEANg87tfF2BBM.jpeg?from=2064092626,,0,云南
7636323966186272101,7636516646404309794,张老黑,,0,1778015094,无望,z613902,https://p3-pc.douyinpic.com/aweme/100x100/aweme-avatar/tos-cn-i-0813c001_oMIAOp2AqC0AQg9otdQAGFEA4nD9nxAe7fQPBD.jpeg?from=2064092626,,0,广东
7636323966186272101,7636606484545192753,打人是一点也不含糊,,0,1778036005,用户1016729656039,,https://p3-pc.douyinpic.com/aweme/100x100/aweme-avatar/aweme_default_avatar.png.jpeg?from=2064092626,,0,四川
7636323966186272101,7636684217396970297,甜妹,,0,1778054103,安悠尘my🦌,ayc4488,https://p3-pc.douyinpic.com/aweme/100x100/aweme-avatar/tos-cn-i-0813c000-ce_okAB2sewiI4ADAThZJgWaFlQQAMAQfAefA8sL1.jpeg?from=2064092626,,0,浙江
7636323966186272101,7636571432156070683,可以可以老弟,,0,1778027845,“锋”,jzf4848,https://p3-pc.douyinpic.com/aweme/100x100/aweme-avatar/tos-cn-avt-0015_349533e1afba0cfb82066f73fc8cda92.jpeg?from=2064092626,,0,辽宁
7636323966186272101,7636652199847134009,我爱播真可爱[色],,0,1778046649,🦊娓狐•͈ᴗ•͈ ♡,North1127,https://p3-pc.douyinpic.com/aweme/100x100/aweme-avatar/tos-cn-avt-0015_67509d69c854edd5f917b7ba0b39ca2c.jpeg?from=2064092626,,0,辽宁
7636323966186272101,7636556185160745777,[比心][比心][比心][比心][比心][比心][比心][比心][比心][比心][比心][比心][比心][比心][比心][比心][比心][比心][比心][比心][比心][比心][比心][比心][比心][比心][比心][比心][比心][比心][比心][比心][比心][比心],,0,1778024294,🌈先🧡生🌈,Tianyi1110,https://p3-pc.douyinpic.com/aweme/100x100/aweme-avatar/tos-cn-i-0813c000-ce_osDJjMDcFACHee17A7NiAELBWqPIQ8AfgQviZE.jpeg?from=2064092626,,0,山东
7636323966186272101,7636488607134679854,爱你呦,,0,1778008567,腐,zzccvvnnzz,https://p3-pc.douyinpic.com/aweme/100x100/aweme-avatar/tos-cn-avt-0015_fe5a8ce3a06f368f8f8c08396dc2bf0d.jpeg?from=2064092626,,0,河北
7636323966186272101,7636671053428065087,[送花][送花][送花],,0,1778051040,杨大大（张君雅直播切片）,140313_,https://p3-pc.douyinpic.com/aweme/100x100/aweme-avatar/tos-cn-avt-0015_d6af7532e9597c291eba767653fc2800.jpeg?from=2064092626,,0,新疆
7636323966186272101,7636656834271429413,,,0,1778047728,江南(╭☞•́⍛•̀)╭☞,,https://p3-pc.douyinpic.com/aweme/100x100/aweme-avatar/tos-cn-i-0813c001_osIro9CmI8lZPFX70WHDegAACqAfAq9ACQAmEr.jpeg?from=2064092626,https://p3-sign.douyinpic.com/obj/tos-cn-o-0812/oYOohiACOFtZPQABCIcUMnmjP9iAAZSIj2UsE?lk3s=7b078dd2&x-expires=1778176800&x-signature=%2FVncIFmYv8%2B5RHD%2BjW3I3TvsAjc%3D&from=2064092626&s=sticker_comment&se=false&sc=sticker_heif&biz_tag=aweme_comment&l=20260507014700F9CDEB69EBD1C315A163,0,广东
7636323966186272101,7636607909098554150,张黑蛋,,0,1778036336,𝐖–𝐌𝐚𝐲𝟐𝟗–𝐆𝐞𝐦,,https://p3-pc.douyinpic.com/aweme/100x100/aweme-avatar/tos-cn-i-0813_og1Igs0EfyAQA8p1FF0OAcEATD9wf5Aw9ACMDD.jpeg?from=2064092626,https://p26-sign.douyinpic.com/obj/ies.fe.effect/3ac8b5363ee312df991feff732ce5ca3?lk3s=7b078dd2&x-expires=1778176800&x-signature=Dr2qhaWKHgCngqyfjUwrjA37X%2FU%3D&from=2064092626&s=sticker_comment&se=false&sc=sticker_heif&biz_tag=aweme_comment&l=20260507014700F9CDEB69EBD1C315A163,0,河北
7636323966186272101,7636565495193879355,,,0,1778026461,轩辕石,63953955115,https://p3-pc.douyinpic.com/aweme/100x100/aweme-avatar/tos-cn-i-0813_owBfFeC9CnlCgGAqigANA9pbEbrSgJADIPIAYA.jpeg?from=2064092626,https://p5-sign.douyinpic.com/obj/tos-cn-o-0812/oEDAbtnyeAwcz1NdAxnUACeyrGNEIDAbgkd8cD?lk3s=7b078dd2&x-expires=1778176800&x-signature=9Uw9yMLv%2FX%2BczQI4I8csbf%2Fyr24%3D&from=2064092626&s=sticker_comment&se=false&sc=sticker_heif&biz_tag=aweme_comment&l=20260507014700F9CDEB69EBD1C315A163,0,上海
7636323966186272101,7636476072229405492,这个不是少爷吗 什么跑去全蛋那里了,,0,1778005643,靓仔 ²₂²,070508wyy,https://p3-pc.douyinpic.com/aweme/100x100/aweme-avatar/tos-cn-i-0813c001_ooBe9pALnEOEAnMDAAQAAqwfV6WgcFIDAwCCGp.jpeg?from=2064092626,,0,广西
7636323966186272101,7636791357143974693,你眼睛怎么了？不舒服吗[发呆],,0,1778079049,空有一丝愁,Guo1360754,https://p3-pc.douyinpic.com/aweme/100x100/aweme-avatar/tos-cn-i-0813c000-ce_ooBkAMiKrhhG5gBAinAAloariAAAuIgPxEPnH.jpeg?from=2064092626,,0,广东
7636323966186272101,7636631135380456241,眼睛👀咋了[捂脸],,1,1778041744,和平精英 贪杯,dy9n8mibpwwf,https://p3-pc.douyinpic.com/aweme/100x100/aweme-avatar/tos-cn-i-0813c001_4cb8216075294d19b6627f227d245297.jpeg?from=2064092626,,0,黑龙江
7636323966186272101,7637152401494000433,,"['https://p5-sign.douyinpic.com/tos-cn-i-p14lwwcsbr/e0422f245429412fa14ea91c34e532d1~tplv-p14lwwcsbr-7.image?lk3s=7b078dd2&x-expires=1778194800&x-signature=4cp%2ByjmRJZR9d4HdnAsxJjyhsQM%3D&from=2064092626&se=false&sc=image&biz_tag=aweme_comment&l=202605080152337D1FC1E82B615F718C57', 'https://p26-sign.douyinpic.com/tos-cn-i-p14lwwcsbr/e0422f245429412fa14ea91c34e532d1~tplv-p14lwwcsbr-7.image?lk3s=7b078dd2&x-expires=1778194800&x-signature=DTFWpI9DHrErwOlGFtcudDJDq18%3D&from=2064092626&se=false&sc=image&biz_tag=aweme_comment&l=202605080152337D1FC1E82B615F718C57', 'https://p5-ex-gddgtc-sign.douyinpic.com/tos-cn-i-p14lwwcsbr/e0422f245429412fa14ea91c34e532d1~tplv-p14lwwcsbr-7.image?lk3s=7b078dd2&x-expires=1778194800&x-signature=K8zO8fg%2FlscLUSqX2SRmFa%2B1nL8%3D&from=2064092626&se=false&sc=image&biz_tag=aweme_comment&l=202605080152337D1FC1E82B615F718C57', 'https://p5-sign.douyinpic.com/tos-cn-i-p14lwwcsbr/e0422f245429412fa14ea91c34e532d1~tplv-p14lwwcsbr-7.jpeg?lk3s=7b078dd2&x-expires=1778194800&x-signature=I9BZ9KbGaB5CBzqSb%2FemH7wd86Y%3D&from=2064092626&se=false&sc=image&biz_tag=aweme_comment&l=202605080152337D1FC1E82B615F718C57']",0,1778163111,姚一摇,Y270016872,https://p3-pc.douyinpic.com/aweme/100x100/aweme-avatar/tos-cn-i-0813_cfea0c35d12d4c1489224a1c241f8394.jpeg?from=2064092626,,0,河北
7636323966186272101,7636989737991865137,我想娶你,,0,1778125238,溢冷穸,dy371409929,https://p3-pc.douyinpic.com/aweme/100x100/aweme-avatar/tos-cn-i-0813c000-ce_oEIePn0AaxhpWiITBEE1tqiBoAACmwf7iRAAm8.jpeg?from=2064092626,,0,广东
7636323966186272101,7637112959759762191,你这手机有点近视哇[呲牙],,0,1778153928,ᯅ对方已拒绝,MYP1997113,https://p3-pc.douyinpic.com/aweme/100x100/aweme-avatar/tos-cn-i-0813_2ab169f225be4df2bb278ea54bce9224.jpeg?from=2064092626,,0,上海
7636323966186272101,7637040034600485632,不是，我近视了？[宕机],,0,1778136949,厌遇,80185818940,https://p3-pc.douyinpic.com/aweme/100x100/aweme-avatar/tos-cn-i-0813_oo1BJffRPAJ7DIAIArnEASEE9BIFElQgSfd0AA.jpeg?from=2064092626,,0,广东
7636323966186272101,7637005319373062961,这给谁打暗号呢,,0,1778128865,悠米 Umiro摆件工厂店铺,YY88886shu,https://p3-pc.douyinpic.com/aweme/100x100/aweme-avatar/tos-cn-i-0813c000-ce_o0EA7AD5vGefRA00fWhq8KCEAsqFIBTmJQgAES.jpeg?from=2064092626,,0,江西
7636323966186272101,7636962799105295144,戴个眼睛和星夜有丢丢像[捂脸],,0,1778118966,随意、,,https://p3-pc.douyinpic.com/aweme/100x100/aweme-avatar/tos-cn-i-0813c001_9a9b8b356924424f8e704e303bc49b63.jpeg?from=2064092626,,0,广东
7636323966186272101,7636988840481358607,小区风那么大啊 都眯眼了,,0,1778125029,甜心宝贝❤,Axiaonana,https://p3-pc.douyinpic.com/aweme/100x100/aweme-avatar/tos-cn-avt-0015_d18a591f3e5ce1b47dd14f87a3b30673.jpeg?from=2064092626,,0,山东
7636323966186272101,7637333412534092586,我感觉我老了看东西都模糊了,,0,1778205258,时光🎣,,https://p3-pc.douyinpic.com/aweme/100x100/aweme-avatar/tos-cn-i-0813c001_oYbSBOBAAACDAHgdNenhDlQgoIAMTJ9UJeEAFU.jpeg?from=2064092626,,0,四川
7636323966186272101,7637373074471420707,你是包拯吗？不会睁一只眼闭一只眼[捂脸],,0,1778214490,与秋赴约.,,https://p3-pc.douyinpic.com/aweme/100x100/aweme-avatar/tos-cn-i-0813_oEAArMYyIEPAxvndzIZiAjBjpqiMQAy9mAJAm.jpeg?from=2064092626,,0,河南
7636323966186272101,7637367492285023002,这不李小璐嘛[灵机一动],,0,1778213190,拾光℃,,https://p3-pc.douyinpic.com/aweme/100x100/aweme-avatar/tos-cn-i-0813c001_ocpyEaF6A0aehn8ZBADAI0Mu7iOAJEABAkEefI.jpeg?from=2064092626,,0,湖南
7636323966186272101,7637299726661288739,张大房子,,0,1778197416,农夫山里有块田,,https://p3-pc.douyinpic.com/aweme/100x100/aweme-avatar/tos-cn-avt-0015_2f42e3f245517ad08db2acda576fd873.jpeg?from=2064092626,,0,广东
7636323966186272101,7637317211585905442,,,0,1778201485,✌︎︎沐🍁 ᥫᩣ༠沐𝕪𝕖✌︎︎,44803798163,https://p3-pc.douyinpic.com/aweme/100x100/aweme-avatar/tos-cn-avt-0015_82db56b03e08bbc050a05441187a8c72.jpeg?from=2064092626,https://p11-sign.douyinpic.com/obj/tos-cn-o-0812/o4JxJFQfPAET8nDvABY0syBkZigGiZAE1FAIv6?lk3s=7b078dd2&x-expires=1778349600&x-signature=9gzgvTcI8LgWwZPiOH007yfTMt4%3D&from=2064092626&s=sticker_comment&se=false&sc=sticker_heif&biz_tag=aweme_comment&l=20260509012506F55F7B24E81D65BADF1D,0,北京
7636323966186272101,7637295418477806371,你这个表情特像一个人，但我一时半会想不起来，等我想起，我再回来评论,,0,1778196412,臭小子没腹肌,l_03116090,https://p3-pc.douyinpic.com/aweme/100x100/aweme-avatar/tos-cn-avt-0015_2944659b8954974aad8c892c8303e439.jpeg?from=2064092626,,0,陕西
7636323966186272101,7637229269643903784,张美丽真美丽,,0,1778181018,🇨🇳小房子,NAna8587,https://p3-pc.douyinpic.com/aweme/100x100/aweme-avatar/tos-cn-avt-0015_6cb101ffad592b8dcd3cb72beeabeee3.jpeg?from=2064092626,,0,广东
7636323966186272101,7637365234822562609,我发现我手机坏了，居然散光了[发呆],,0,1778212664,布丁,,https://p3-pc.douyinpic.com/aweme/100x100/aweme-avatar/tos-cn-i-0813_ocE96FITeCSxAiD9CgfRF3ANAaEqqARkA1koVA.jpeg?from=2064092626,,0,江苏
7636323966186272101,7637318225285448498,房子越来越大,,0,1778201720,😜,dypjkzbi6ax1,https://p3-pc.douyinpic.com/aweme/100x100/aweme-avatar/tos-cn-avt-0015_d3e199c618d5c54534249bd9b9126977.jpeg?from=2064092626,,0,江苏
7636323966186272101,7637343856326050618,好久回来,,0,1778207688,你好未来～～,gao13896965123,https://p3-pc.douyinpic.com/aweme/100x100/aweme-avatar/tos-cn-i-0813_2710beb7b57c4637954adc89369bcfdb.jpeg?from=2064092626,,0,重庆
7636323966186272101,7637472050772968207,爱播,,1,1778237536,占卜师,67182614767,https://p3-pc.douyinpic.com/aweme/100x100/aweme-avatar/tos-cn-avt-0015_fce499f16b615767f555e58a0ad27ded.jpeg?from=2064092626,https://p3-sign.douyinpic.com/obj/douyin-user-file/b6b6013db47eac3ef00179f04463f181?lk3s=7b078dd2&x-expires=1778349600&x-signature=Sa%2BuOeWzkLL27cyNJL5F4JWnP1k%3D&from=2064092626&s=sticker_comment&se=false&sc=sticker_heif&biz_tag=aweme_comment&l=20260509012534A98B48E2C19AADBC8B37,0,安徽
7636323966186272101,7637720165418189631,大胆悍妇，你敢撩我！,,0,1778295304,Hey.man👣,Heman1220,https://p3-pc.douyinpic.com/aweme/100x100/aweme-avatar/tos-cn-i-0813_o4y2KugWfAEX7vCAABezv5CFNiANiAAIyxAIFz.jpeg?from=2064092626,,0,四川
7636323966186272101,7637619722419503929,@豆包 这个人好看吗,,0,1778271935,YUAnus,XQD888888,https://p3-pc.douyinpic.com/aweme/100x100/aweme-avatar/tos-cn-avt-0015_da2465d3b59e5bf09d3397087bb818a5.jpeg?from=2064092626,,0,安徽
7636323966186272101,7637932040319124264,有点像王分寸,,0,1778344636,🌈墨渊,,https://p3-pc.douyinpic.com/aweme/100x100/aweme-avatar/tos-cn-i-0813c001_83c21a0dd3624e5da24dda2f5e1128fb.jpeg?from=2064092626,,0,甘肃
7636323966186272101,7637908836226089774,变样了,,0,1778339232,昊哥,haoge810311,https://p3-pc.douyinpic.com/aweme/100x100/aweme-avatar/tos-cn-i-0813c001_o4AxDIEInQAcmBDbANeANe9gICbklAAIDhgEAA.jpeg?from=2064092626,,0,海南
7636323966186272101,7638097408987169595,介不电竞小子王分寸嘛[抠鼻][抠鼻][抠鼻],,0,1778383137,人间无事人*,,https://p3-pc.douyinpic.com/aweme/100x100/aweme-avatar/tos-cn-i-0813_o08zfCHi7ACAHAdnEAAoht6HDbEGzIAFLAZegE.jpeg?from=2064092626,,0,陕西
7636323966186272101,7638619629409731385,眼晴怎么了，进沙子还是眼疼？[捂脸][捂脸][捂脸],,0,1778504726,明叔闲话,72155191298,https://p3-pc.douyinpic.com/aweme/100x100/aweme-avatar/tos-cn-i-0813c000-ce_ogp7ADiEeAFQEK5fAwrlCnpLCD9b5AwqEIuCAk.jpeg?from=2064092626,,0,广东
7636323966186272101,7638577860818797370,原来是真的黑[捂脸],,0,1778495001,（巷子里的猫）,,https://p3-pc.douyinpic.com/aweme/100x100/aweme-avatar/tos-cn-i-0813_a70fcc57f967471a891c6b23da9a379c.jpeg?from=2064092626,,0,云南
7636323966186272101,7638565129134998281,眼睛抽筋了[呲牙],,1,1778492037,烧,jlsh841024,https://p3-pc.douyinpic.com/aweme/100x100/aweme-avatar/tos-cn-i-0813c001_oQqAAhNOQAZIC1TAIhADCAAOA9FeENfoSgxD3E.jpeg?from=2064092626,,0,云南
7636323966186272101,7638542637691732786,[捂脸],,0,1778486800,🍉吃瓜观众🍉,chiguaguanzh100,https://p3-pc.douyinpic.com/aweme/100x100/aweme-avatar/mosaic-legacy_26d390003bd2b52dd729e.jpeg?from=2064092626,,0,广东
7636323966186272101,7638311520778699569,是我眼睛瞎了吗为什么看不清[尬笑][尬笑][尬笑],,0,1778432990,ᥫᩣ心之所向便是光,,https://p3-pc.douyinpic.com/aweme/100x100/aweme-avatar/tos-cn-i-0813c000-ce_ocDEhNeyEOjB8veE86sDfJj7crAFAAjgAaUPIP.jpeg?from=2064092626,,0,辽宁
7636323966186272101,7638311621836030774,其实，老黑很漂亮[赞],,0,1778433017,一路6+1,gxgg9293,https://p3-pc.douyinpic.com/aweme/100x100/aweme-avatar/tos-cn-i-0813_1b332ac599454131bd960f8a3ec0ef02.jpeg?from=2064092626,,0,广西
7636323966186272101,7638537372821521158,啊啊啊～～～大房 我要把灯牌白嫖到16级[干饭人][干饭人],,0,1778485576,室友复盘社,,https://p3-pc.douyinpic.com/aweme/100x100/aweme-avatar/tos-cn-i-0813c001_osEAQDifBQ2I3LA9HM8mbAFiAAeDSHgAAi48gC.jpeg?from=2064092626,,0,四川
7636323966186272101,7638523249974264603,不是他,,0,1778482286,Turbo,74586341825,https://p3-pc.douyinpic.com/aweme/100x100/aweme-avatar/tos-cn-avt-0015_7c3c24afe04da7fb4d36b19b74c2c9a0.jpeg?from=2064092626,,0,广东
7636323966186272101,7638311738094617407,哈哈,,0,1778433043,澳,24886276936,https://p3-pc.douyinpic.com/aweme/100x100/aweme-avatar/tos-cn-i-0813c001_oI2Ie8CtAEbbBffv5YocAmIeKAIDQAkonABGDA.jpeg?from=2064092626,,0,浙江
7636323966186272101,7638676453248828170,眼睛抽抽，咋啦？,,0,1778517958,荒尘丶雨季,81086320535,https://p3-pc.douyinpic.com/aweme/100x100/aweme-avatar/tos-cn-i-0813_o84UICcDKnAQxtAoA88yA9lACAegmCEXQib3fD.jpeg?from=2064092626,,0,湖南
7636323966186272101,7638984316747727616,我说谁那么好看，原来是君雅呀[比心],,0,1778589637,疯狂De小新,dyzfd23,https://p3-pc.douyinpic.com/aweme/100x100/aweme-avatar/tos-cn-i-0813_o8DtJGfxA0NPnFAAE43CAuDQE5QAfIwg95HA5E.jpeg?from=2064092626,,0,浙江
7636323966186272101,7639372304938353427,[看],"['https://p3-sign.douyinpic.com/tos-cn-i-p14lwwcsbr/7c54bf1e853a45cca2747f44ff5553a3~tplv-p14lwwcsbr-7.image?lk3s=7b078dd2&x-expires=1778785200&x-signature=S%2BOO0GiBht2BoAwPc1wr0D%2F299A%3D&from=2064092626&se=false&sc=image&biz_tag=aweme_comment&l=20260514020600DA1C1E9EABE088D3268B', 'https://p5-ex-gddgtc-sign.douyinpic.com/tos-cn-i-p14lwwcsbr/7c54bf1e853a45cca2747f44ff5553a3~tplv-p14lwwcsbr-7.image?lk3s=7b078dd2&x-expires=1778785200&x-signature=n3%2BzgP0cyB5YuSP2jxEa8OYi6QU%3D&from=2064092626&se=false&sc=image&biz_tag=aweme_comment&l=20260514020600DA1C1E9EABE088D3268B', 'https://p9-sign.douyinpic.com/tos-cn-i-p14lwwcsbr/7c54bf1e853a45cca2747f44ff5553a3~tplv-p14lwwcsbr-7.image?lk3s=7b078dd2&x-expires=1778785200&x-signature=luAaCZp%2FvfkT15U6IPIUrQA4aVM%3D&from=2064092626&se=false&sc=image&biz_tag=aweme_comment&l=20260514020600DA1C1E9EABE088D3268B', 'https://p3-sign.douyinpic.com/tos-cn-i-p14lwwcsbr/7c54bf1e853a45cca2747f44ff5553a3~tplv-p14lwwcsbr-7.jpeg?lk3s=7b078dd2&x-expires=1778785200&x-signature=ln%2BOT0cECS7EdABIaCZNjFmkNm0%3D&from=2064092626&se=false&sc=image&biz_tag=aweme_comment&l=20260514020600DA1C1E9EABE088D3268B']",0,1778679973,俊杰,,https://p3-pc.douyinpic.com/aweme/100x100/aweme-avatar/tos-cn-i-0813c001_okAA8FYh0PMSDfkA9fcCnFAtgCEVABAQOpxdI0.jpeg?from=2064092626,,0,广东
7636323966186272101,7639793918116692742,为什么叫全蛋？全蛋又包含蛋的什么成份？全蛋是坏的还是好的？,,0,1778778139,聆听,lingtingdaha72,https://p3-pc.douyinpic.com/aweme/100x100/aweme-avatar/tos-cn-i-0813c001_o0YEItlZAz1ySNgSurfCgpIheAPoAXFNAACyAW.jpeg?from=2064092626,,0,重庆
7636323966186272101,7639797713806050106,镜框敢不敢再大点[捂脸],,0,1778779022,///   7℃-`⑨零後*,Lw090128,https://p3-pc.douyinpic.com/aweme/100x100/aweme-avatar/tos-cn-i-0813c000-ce_oUQKA4fjIAxfEwGBEhAVrJAdA7LPC8eGOgiGnI.jpeg?from=2064092626,,0,甘肃
7636323966186272101,7639671796639515432,这看起来像王分寸[抠鼻],,0,1778749704,二大爷🥸,30140507976,https://p3-pc.douyinpic.com/aweme/100x100/aweme-avatar/tos-cn-avt-0015_c5c294382820daf0f81ed123b407bb33.jpeg?from=2064092626,,0,山东
7636323966186272101,7639723095402300219,镜框大是不是显脸小？,,0,1778761647,猛猛龙,,https://p3-pc.douyinpic.com/aweme/100x100/aweme-avatar/tos-cn-i-0813c000-ce_o81EQYReEDDAon4BpXFAw0IE9An5ACOfAACpAQ.jpeg?from=2064092626,,0,宁夏
7636323966186272101,7640143587859333947,带我打游戏呀[大笑],,0,1778859551,又见观影,42760708830,https://p3-pc.douyinpic.com/aweme/100x100/aweme-avatar/tos-cn-i-0813c000-ce_owDt0AdA9IeAHnOfrBEA5iDpAu7FEEz2CwTxbQ.jpeg?from=2064092626,,0,四川
7636323966186272101,7640123072372966179,迷倒万千少女[呲牙],,0,1778854774,扬帆起航🇨🇳,by12580999,https://p3-pc.douyinpic.com/aweme/100x100/aweme-avatar/tos-cn-i-0813_oYuzMAEDMEfsx2yFEAAXtAI4BBcyfeqAy7QPD6.jpeg?from=2064092626,,0,广东
7636323966186272101,7639981125390091048,[抠鼻],,0,1778822315,¹云深不知处,59811879868,https://p3-pc.douyinpic.com/aweme/100x100/aweme-avatar/tos-cn-i-0813c001_ooI7tAfwNAQASJ9AAqgwIoFEsQACAqHFDfA5CX.jpeg?from=2064092626,,0,山东
7636323966186272101,7640040932071736064,黄毛[捂脸],,0,1778835650,璧山减龄设计刘sir,sorry4902,https://p3-pc.douyinpic.com/aweme/100x100/aweme-avatar/tos-cn-i-0813_ooCAbBAArTiAnIykPhQVWAVja6EPaIkFqpijn.jpeg?from=2064092626,,0,重庆
7636323966186272101,7640387661350028041,蛋啊，就是咱拍视频能给摄像头擦干净点吗？,,0,1778916378,讓愛隨風,twf763936591,https://p3-pc.douyinpic.com/aweme/100x100/aweme-avatar/tos-cn-i-0813_fd9da004b6df410a8d8c7d941f3ec02f.jpeg?from=2064092626,,0,广东
7636323966186272101,7640488827615150897,我居然打不过这小玩意,,0,1778939933,小关野钓「探钓分享」,,https://p3-pc.douyinpic.com/aweme/100x100/aweme-avatar/mosaic-legacy_1733400031f7fbded8319.jpeg?from=2064092626,,0,辽宁
7636323966186272101,7640213678348059441,右眼抽筋了[抠鼻][抠鼻]？[抠鼻],,0,1778875880,李俊,,https://p3-pc.douyinpic.com/aweme/100x100/aweme-avatar/tos-cn-avt-0015_39c309b1f067418bd9e6bb4e29790856.jpeg?from=2064092626,,0,上海
